121581,1,6,3,17,10,2,0,4,2,15,10,3,0,9,5,12,9,2,0,6,3,12,8,2,1,9,5,15,8,2,423188
203971,0,4,2,12,9,3,0,4,2,12,9,2,0,13,6,15,10,3,0,4,2,12,9,3,1,11,6,15,10,2,692253
205640,1,9,5,17,10,2,1,6,3,17,10,2,0,6,3,15,10,2,0,11,5,12,9,3,1,6,3,15,7,2,716546
217328,1,11,6,15,10,2,0,6,3,15,9,3,1,11,6,17,10,2,1,9,5,15,10,2,1,6,3,15,10,2,749096
274911,1,11,6,15,10,2,1,7,3,15,8,3,0,9,5,15,10,2,0,6,3,15,10,2,0,7,4,15,10,2,959326
250389,1,13,6,17,10,3,1,11,6,17,10,2,1,9,4,15,10,3,1,7,4,17,10,2,0,11,5,12,7,3,841295
260738,0,6,3,15,10,2,1,11,5,17,10,3,0,4,2,12,10,2,0,6,3,12,10,3,1,9,5,17,10,2,911237
163190,0,4,2,12,10,2,0,6,3,15,10,3,1,4,2,15,10,3,1,4,2,17,10,3,0,7,3,12,10,3,560689
148147,0,4,2,15,10,3,1,6,3,15,10,2,0,6,3,15,10,2,0,7,4,12,10,2,0,7,4,15,10,2,504747
265348,0,13,6,12,10,3,0,13,6,15,10,3,0,4,2,15,10,2,1,9,5,17,10,2,1,6,3,17,10,3,932035
172716,1,4,2,17,10,3,1,11,5,15,9,3,0,9,4,12,7,3,1,6,3,15,10,2,1,11,5,15,9,3,572519
132882,0,6,3,15,10,2,1,4,2,17,10,2,1,9,5,17,9,2,0,9,4,12,10,3,1,7,4,17,10,2,468409
235247,0,4,2,12,10,2,0,11,5,15,9,3,0,4,2,12,10,2,1,13,6,15,10,3,0,7,3,15,10,3,795429
191797,0,4,2,12,10,3,1,7,3,17,10,3,0,11,5,12,10,3,0,7,3,15,9,3,1,6,3,17,10,3,672182
181058,0,11,5,15,10,3,1,11,5,15,9,3,1,6,3,15,10,3,0,4,2,12,10,3,1,9,5,15,10,2,627144
241159,0,7,3,12,8,3,0,7,4,15,10,2,1,13,6,17,9,3,0,9,5,15,10,2,0,11,6,12,10,2,824792
255843,0,11,5,15,10,3,1,13,6,15,10,3,1,7,4,15,10,2,0,9,4,12,10,3,1,4,2,17,8,2,894170
280767,0,4,2,12,10,3,0,4,2,15,8,3,1,9,5,17,10,2,1,4,2,17,9,2,1,7,4,15,9,2,971893
143209,1,7,3,15,8,3,1,9,5,17,9,2,1,13,6,17,10,3,0,4,2,15,10,2,1,4,2,17,10,3,493468
286117,1,7,4,15,10,2,0,7,3,15,10,3,0,6,3,15,9,3,0,7,3,15,8,3,1,6,3,17,10,2,1003881
292648,1,7,4,15,10,2,1,6,3,15,10,2,0,4,2,12,9,2,1,9,4,17,10,3,0,11,5,15,10,3,1023962
182815,1,11,6,17,8,2,1,4,2,15,8,2,0,11,5,15,10,3,1,11,6,15,10,2,1,9,5,15,10,2,627206
172455,0,11,6,15,9,2,0,9,5,12,10,2,1,11,6,17,10,2,0,4,2,15,10,3,1,11,5,17,10,3,602170
107003,0,13,6,12,10,3,1,11,6,15,7,2,1,4,2,15,10,2,1,7,4,17,10,2,1,4,2,17,10,2,362172
287112,1,9,5,15,10,2,1,6,3,17,10,3,1,6,3,15,10,2,1,7,4,15,8,2,0,11,6,15,10,2,999825
158894,0,6,3,15,9,3,0,7,4,15,9,2,1,4,2,15,10,3,1,6,3,17,10,3,1,13,6,17,7,3,562392
213307,0,13,6,15,10,3,1,7,3,17,10,3,1,9,4,17,10,3,0,11,6,15,10,2,1,4,2,15,10,2,758199
147653,1,7,4,15,8,2,1,11,6,15,6,2,0,6,3,15,10,2,1,4,2,15,10,3,0,7,4,12,10,2,512052
258058,1,7,4,17,10,2,1,4,2,15,10,3,0,9,4,15,10,3,1,6,3,17,10,3,0,4,2,15,10,3,915228
246891,0,9,5,15,10,2,1,4,2,17,10,2,0,6,3,12,8,2,1,4,2,15,10,2,0,11,6,12,10,2,847982
212339,1,11,5,15,10,3,1,4,2,17,10,2,1,11,5,15,10,3,1,6,3,17,10,3,0,9,5,15,10,2,742212
112204,0,6,3,15,10,3,1,9,4,17,7,3,0,11,5,12,10,3,0,9,5,15,10,2,1,4,2,15,10,3,392237
108398,0,7,3,12,10,3,0,7,3,12,10,3,0,4,2,15,8,3,1,9,5,15,10,2,0,9,5,15,10,2,372698
122750,0,6,3,15,10,3,1,7,3,17,6,3,1,4,2,17,10,3,1,6,3,15,10,3,1,7,3,17,10,3,425996
169992,1,9,4,17,8,3,1,4,2,15,8,2,0,4,2,15,9,2,0,9,4,12,10,3,1,4,2,17,10,3,589790
256901,0,13,6,15,10,3,1,9,4,17,10,3,1,7,4,17,10,2,0,4,2,12,10,2,0,11,6,15,9,2,910206
134796,0,7,3,15,10,3,1,7,3,17,10,3,1,9,5,17,10,2,0,7,3,15,10,3,0,6,3,12,9,2,470497
109414,0,6,3,15,9,3,1,4,2,15,10,3,0,13,6,15,10,3,1,11,5,17,8,3,0,4,2,15,10,3,384219
203491,0,11,5,12,10,3,1,4,2,17,10,2,1,9,5,15,6,2,0,4,2,12,9,3,1,6,3,15,10,3,697477
227321,0,13,6,12,10,3,1,4,2,15,9,3,0,9,4,12,6,3,0,7,4,12,9,2,0,7,4,15,10,2,767945
176315,1,9,4,17,10,3,1,9,4,15,10,3,1,11,6,15,10,2,0,11,6,15,10,2,0,13,6,15,10,3,619820
285117,1,7,3,17,10,3,0,9,4,12,10,3,0,11,5,15,10,3,1,6,3,17,10,2,1,7,4,17,10,2,1000644
223901,1,7,3,17,10,3,1,7,3,17,10,3,0,11,6,15,10,2,1,7,4,15,10,2,0,11,6,15,6,2,766482
152890,1,9,4,17,10,3,1,7,4,17,10,2,0,4,2,15,10,2,0,6,3,12,10,3,1,9,5,15,9,2,534919
231728,1,6,3,17,10,3,0,7,3,12,10,3,0,4,2,15,9,3,0,4,2,15,10,3,1,9,4,17,10,3,812512
139685,0,9,5,12,10,2,0,9,4,12,10,3,1,6,3,17,10,2,0,9,5,12,10,2,1,4,2,15,10,2,472387
103487,1,11,6,17,10,2,1,7,3,15,9,3,1,7,3,15,7,3,0,4,2,12,10,3,1,11,6,17,9,2,348458
168794,1,6,3,17,10,3,1,11,6,15,10,2,0,7,3,12,10,3,0,11,5,15,10,3,0,7,4,12,7,2,590469
262134,1,4,2,15,10,3,0,11,6,12,10,2,0,7,3,12,10,3,1,11,6,15,10,2,0,7,3,15,7,3,901163
254304,0,11,6,12,10,2,0,9,5,15,10,2,1,6,3,15,9,2,0,9,5,15,10,2,0,4,2,12,8,3,857636
123524,0,13,6,15,10,3,1,11,6,15,10,2,1,7,3,15,8,3,0,6,3,12,10,3,1,6,3,15,6,2,427550
202936,1,4,2,17,10,2,1,9,4,15,10,3,1,13,6,17,10,3,1,7,4,17,10,2,0,7,4,15,10,2,713741
175764,1,11,5,17,10,3,0,9,5,12,10,2,1,9,4,15,10,3,0,7,4,12,10,2,1,11,6,17,10,2,607653
242393,0,11,5,12,10,3,1,4,2,17,10,3,1,9,5,15,10,2,1,7,3,17,10,3,0,4,2,12,9,3,839000
219365,1,9,5,17,10,2,1,11,6,15,10,2,0,11,5,12,10,3,1,4,2,17,10,3,1,6,3,17,10,3,744138
210774,0,11,5,12,10,3,1,11,5,17,10,3,0,4,2,15,10,3,0,11,5,15,10,3,0,9,4,12,10,3,721758
134358,1,7,4,17,10,2,1,11,5,17,10,3,0,11,6,15,10,2,0,9,4,15,10,3,0,11,5,15,10,3,475469
288260,1,13,6,15,10,3,1,6,3,17,10,2,1,6,3,15,10,2,1,11,5,17,10,3,0,4,2,12,9,3,976771
190234,0,9,4,15,10,3,1,7,3,17,10,3,1,7,3,15,9,3,1,11,5,15,10,3,0,6,3,15,10,2,661582
283141,1,4,2,15,10,3,0,6,3,15,10,2,0,13,6,15,10,3,0,11,5,12,9,3,1,11,6,15,10,2,988353
127997,0,4,2,15,10,2,1,11,6,15,10,2,1,11,6,15,9,2,0,4,2,12,9,2,0,4,2,15,10,3,428440
234401,1,11,5,17,10,3,1,9,5,17,10,2,0,11,5,12,9,3,0,13,6,12,10,3,1,4,2,17,7,3,811416
133303,1,9,4,15,10,3,1,9,4,15,10,3,1,4,2,17,10,3,0,11,6,15,10,2,0,13,6,15,10,3,468942
287030,1,13,6,17,10,3,0,7,3,15,10,3,1,9,4,15,10,3,1,4,2,17,10,2,1,7,3,15,10,3,984966
120394,1,7,4,17,9,2,0,4,2,15,10,3,1,4,2,17,10,3,0,13,6,15,10,3,1,7,4,15,10,2,425849
171798,0,13,6,12,10,3,0,4,2,12,9,2,0,9,4,12,10,3,0,7,4,15,10,2,0,13,6,15,9,3,528870
274835,0,11,5,12,10,3,0,4,2,15,9,2,0,4,2,15,10,3,0,9,5,15,10,2,1,13,6,17,10,3,943312
250976,1,9,4,15,10,3,0,7,4,15,7,2,0,13,6,12,10,3,0,13,6,15,10,3,0,7,4,12,10,2,845252
222222,0,4,2,12,10,2,0,11,5,12,10,3,1,6,3,17,10,3,1,4,2,17,10,2,0,11,5,12,10,3,759609
173307,1,9,5,17,10,2,0,9,5,12,8,2,1,6,3,15,9,3,0,9,5,15,10,2,0,9,5,12,10,2,602231
231701,1,11,6,17,10,2,1,11,6,15,10,2,0,11,6,15,7,2,0,9,5,15,10,2,0,4,2,12,10,3,809205
293831,1,4,2,15,10,2,0,6,3,15,9,3,0,9,4,12,8,3,0,6,3,12,10,2,1,7,3,15,6,3,997514
137068,0,6,3,12,10,2,1,11,5,15,10,3,1,7,4,17,8,2,0,7,4,12,9,2,0,7,4,15,10,2,479840
238714,0,9,4,12,9,3,0,7,3,15,10,3,0,6,3,15,10,2,0,7,3,15,8,3,1,4,2,15,10,3,809723
206763,1,7,3,17,10,3,1,7,4,15,10,2,1,11,6,15,10,2,1,4,2,15,9,2,0,11,5,15,10,3,709645
146470,0,6,3,12,7,3,0,6,3,15,10,2,0,4,2,15,10,3,0,9,5,15,9,2,0,9,5,12,9,2,449790
130848,0,11,5,15,10,3,1,9,5,15,10,2,0,6,3,15,10,3,1,11,6,17,10,2,1,11,6,15,10,2,461509
226877,0,4,2,12,9,3,1,7,3,17,10,3,1,13,6,15,9,3,0,6,3,12,10,2,1,9,4,17,10,3,779580
253017,0,11,6,12,10,2,0,7,4,12,10,2,1,9,4,17,9,3,0,6,3,15,10,3,1,4,2,17,10,3,889503
158524,1,4,2,15,10,3,1,9,4,15,10,3,1,9,5,17,10,2,1,11,5,15,10,3,1,7,3,17,10,3,496471
116632,1,9,4,15,10,3,0,11,6,15,10,2,0,11,5,12,9,3,1,6,3,15,8,3,0,11,6,15,10,2,397761
208469,1,9,5,15,10,2,1,6,3,17,9,3,1,6,3,17,10,3,0,7,3,15,10,3,1,7,4,15,10,2,713364
208366,0,6,3,12,9,3,1,11,6,17,10,2,1,7,4,15,10,2,0,6,3,12,10,2,0,4,2,12,10,3,716798
226480,1,4,2,17,9,2,1,6,3,15,10,2,1,6,3,15,8,3,0,9,5,15,10,2,0,13,6,12,10,3,789070
258252,1,4,2,15,9,3,0,6,3,12,10,3,0,6,3,12,10,2,1,13,6,17,10,3,1,9,5,15,10,2,877579
119944,1,6,3,15,9,3,0,11,5,15,10,3,0,6,3,12,10,2,1,9,4,17,10,3,1,7,3,15,9,3,418947
296748,1,7,4,17,9,2,0,9,4,15,10,3,0,6,3,15,9,3,1,6,3,17,10,3,0,6,3,15,10,3,1049682
262174,1,6,3,17,10,2,1,4,2,17,10,3,0,9,4,15,10,3,0,11,6,12,10,2,0,7,3,12,8,3,917399
129575,1,7,3,17,10,3,0,11,6,15,9,2,1,11,6,15,7,2,0,9,5,15,10,2,1,13,6,17,10,3,459780
166894,1,4,2,17,10,3,0,6,3,12,9,2,1,11,6,15,8,2,0,6,3,15,10,2,0,7,4,12,10,2,582670
254980,1,6,3,17,10,2,1,9,5,17,10,2,0,9,5,15,7,2,0,7,4,12,9,2,0,9,5,12,6,2,891031
250918,1,4,2,17,9,2,0,11,5,15,10,3,1,9,4,15,10,3,1,4,2,17,10,2,0,11,6,15,10,2,868265
217139,1,6,3,15,10,3,0,6,3,12,10,2,1,7,3,15,9,3,1,7,4,15,10,2,1,6,3,15,7,2,722944
122063,1,7,4,17,10,2,1,4,2,15,10,3,1,4,2,15,10,3,1,6,3,17,10,3,0,11,6,15,10,2,426983
179017,0,7,3,12,10,3,1,9,4,15,10,3,1,11,6,17,10,2,1,11,6,17,10,2,0,7,4,15,10,2,624757
103862,1,11,6,15,10,2,1,4,2,17,7,2,1,9,5,15,10,2,1,7,4,17,10,2,0,4,2,12,10,3,352823
178972,0,4,2,15,10,3,0,4,2,12,7,3,0,4,2,12,10,3,0,4,2,12,10,3,0,6,3,15,10,2,544629
168187,0,11,5,15,8,3,1,7,4,17,6,2,1,13,6,15,7,3,1,9,4,17,9,3,1,9,4,17,10,3,571104
100744,1,7,4,17,10,2,0,7,4,12,10,2,0,11,6,12,9,2,0,4,2,15,10,2,1,11,6,17,10,2,356028
191348,0,7,3,12,10,3,1,4,2,17,10,3,1,7,3,17,10,3,1,11,5,17,10,3,1,4,2,15,10,2,644267
134281,1,6,3,17,10,2,0,7,3,12,9,3,0,11,6,12,10,2,0,6,3,12,10,2,0,7,4,12,9,2,451461
250920,0,9,5,12,7,2,1,13,6,17,10,3,0,4,2,12,10,2,0,7,3,15,10,3,1,4,2,15,10,3,877514
196934,1,6,3,17,10,2,1,6,3,15,10,3,1,6,3,17,10,2,0,11,5,15,10,3,1,4,2,15,10,2,669238
233573,1,4,2,15,10,2,0,4,2,15,8,3,0,4,2,15,8,2,1,4,2,15,10,3,0,7,4,15,7,2,790567
250630,0,4,2,12,9,2,1,9,5,15,10,2,0,11,5,12,9,3,0,11,5,12,9,3,1,9,4,15,10,3,835675
125575,0,6,3,15,10,2,1,9,4,17,10,3,1,7,4,17,10,2,0,9,5,15,10,2,0,11,5,15,10,3,446191
134716,1,6,3,15,10,3,0,4,2,12,8,3,0,4,2,12,10,2,0,11,6,12,7,2,0,9,5,15,10,2,457731
233871,0,11,6,12,10,2,0,13,6,15,10,3,0,4,2,12,8,3,0,7,4,12,9,2,1,7,3,17,10,3,792344
261218,1,11,5,15,7,3,0,7,4,12,10,2,0,7,4,12,10,2,1,11,5,17,10,3,1,7,3,17,10,3,888814
182951,1,4,2,15,8,2,1,11,6,17,9,2,0,13,6,15,10,3,0,6,3,12,10,2,1,7,3,15,10,3,639473
204180,0,9,4,15,10,3,1,4,2,15,10,2,0,4,2,15,9,3,1,4,2,15,10,3,1,4,2,17,10,3,699990
140961,0,6,3,15,10,2,1,11,5,15,10,3,0,6,3,15,10,2,1,9,5,17,10,2,0,7,4,15,8,2,496317
167614,0,7,4,15,10,2,1,4,2,15,8,2,0,6,3,15,10,3,1,6,3,15,10,3,1,4,2,17,10,3,589531
299780,0,7,3,15,10,3,0,13,6,12,10,3,1,6,3,15,8,3,0,6,3,15,10,2,0,6,3,12,10,3,1010562
209476,1,11,5,17,10,3,1,7,3,15,10,3,0,6,3,15,10,2,1,11,5,15,7,3,1,4,2,15,10,2,719150
243043,0,9,5,15,8,2,1,4,2,15,10,2,0,7,4,15,8,2,1,4,2,15,8,3,0,7,3,12,8,3,823548
255188,0,6,3,12,9,2,0,6,3,15,8,2,1,9,4,17,10,3,0,9,4,12,10,3,1,6,3,15,10,2,883674
212277,1,13,6,17,10,3,0,11,6,15,10,2,0,7,3,15,10,3,1,7,3,17,10,3,1,7,4,17,10,2,752996
109173,0,4,2,15,6,2,1,7,3,15,8,3,1,4,2,17,9,3,0,7,3,15,9,3,0,6,3,15,7,2,379927
191254,0,11,6,15,8,2,1,7,4,17,10,2,0,6,3,12,10,2,0,9,5,12,10,2,0,7,4,15,10,2,667369
120092,0,4,2,15,10,2,1,9,5,17,9,2,0,4,2,15,10,2,1,6,3,17,7,3,0,13,6,12,10,3,418199
128600,0,6,3,12,10,3,1,4,2,15,10,2,0,11,5,12,8,3,1,9,4,15,10,3,1,9,4,17,10,3,437139
105764,1,7,4,17,10,2,1,9,5,15,10,2,1,4,2,15,10,2,0,11,6,15,10,2,0,9,5,12,10,2,373855
170030,1,6,3,15,10,2,1,9,4,15,10,3,0,11,6,12,10,2,1,9,5,17,10,2,1,7,4,15,10,2,580537
161318,1,4,2,15,10,2,1,11,5,15,10,3,0,13,6,12,10,3,0,7,3,15,9,3,1,13,6,17,10,3,561876
290704,0,4,2,15,10,2,0,6,3,12,5,3,0,6,3,15,10,2,1,4,2,17,10,2,1,9,5,15,10,2,1015987
240664,1,11,5,15,10,3,0,6,3,12,8,3,1,7,3,15,9,3,1,4,2,15,10,2,1,9,5,17,10,2,810454
211065,1,6,3,17,6,2,1,11,6,17,10,2,1,9,5,17,10,2,0,7,4,12,10,2,0,11,6,15,9,2,746106
291127,1,7,3,15,10,3,0,9,5,15,10,2,0,6,3,12,10,3,0,9,4,12,10,3,0,9,4,15,10,3,972096
225006,1,4,2,15,10,3,1,7,3,17,10,3,1,6,3,17,10,2,0,13,6,15,10,3,1,7,4,17,10,2,777254
276146,1,9,4,17,10,3,0,9,5,12,10,2,1,4,2,17,10,3,0,7,4,15,10,2,0,4,2,12,10,3,972959
144903,1,7,4,17,10,2,1,4,2,17,7,3,1,11,5,15,10,3,1,11,6,15,10,2,1,7,4,17,10,2,453918
120958,0,6,3,12,10,2,1,9,5,17,10,2,1,9,4,15,8,3,1,11,5,17,7,3,0,7,4,12,10,2,415999
118449,0,7,4,15,10,2,1,11,5,15,9,3,0,7,3,15,10,3,1,13,6,17,7,3,0,4,2,12,9,2,412058
281416,1,13,6,15,10,3,0,7,3,12,10,3,1,13,6,15,9,3,1,6,3,17,9,3,1,6,3,15,10,2,935286
244156,1,13,6,15,8,3,0,9,4,15,10,3,1,4,2,15,10,3,1,7,3,17,9,3,1,7,3,17,8,3,832819
198374,1,4,2,15,10,2,1,4,2,17,10,3,1,11,6,15,7,2,1,6,3,17,7,2,0,7,4,12,9,2,672458
181878,1,13,6,15,9,3,1,6,3,15,10,2,1,7,4,17,9,2,0,11,5,15,9,3,1,7,4,17,10,2,622631
154977,0,9,5,12,10,2,1,7,3,15,9,3,0,9,5,12,8,2,0,11,6,15,10,2,0,7,4,12,10,2,516642
124853,0,11,5,12,8,3,0,7,3,12,8,3,0,4,2,12,9,3,1,7,3,15,10,3,0,4,2,15,10,2,416157
241960,1,7,3,15,10,3,0,6,3,15,9,3,1,9,4,15,9,3,0,6,3,12,10,2,1,4,2,15,10,3,827105
251268,1,11,5,15,10,3,1,13,6,15,10,3,1,7,4,17,10,2,0,13,6,12,10,3,0,4,2,15,10,3,884229
255552,0,11,5,12,9,3,1,11,6,15,10,2,1,6,3,17,10,3,0,11,6,12,10,2,1,9,5,17,9,2,874970
293751,0,7,3,15,10,3,0,4,2,15,8,3,1,4,2,17,10,2,1,9,5,17,8,2,1,9,4,15,8,3,1026486
164522,0,4,2,15,10,3,1,6,3,17,10,2,1,7,3,17,10,3,0,13,6,15,10,3,1,6,3,17,10,2,579062
114060,1,11,5,15,9,3,1,9,4,15,10,3,0,7,3,15,9,3,0,9,4,12,8,3,1,7,3,17,10,3,394954
272794,1,11,5,17,10,3,1,4,2,17,10,2,1,6,3,17,10,3,1,11,5,15,8,3,0,4,2,15,10,2,936596
258206,0,4,2,15,10,2,0,7,4,15,9,2,1,4,2,15,9,2,1,7,3,15,10,3,1,9,5,17,10,2,912943
277087,0,6,3,12,10,3,0,11,6,12,10,2,0,4,2,15,9,3,0,11,5,12,10,3,0,6,3,15,10,3,850938
288631,0,6,3,12,10,2,1,7,3,17,9,3,1,6,3,15,10,2,0,13,6,12,10,3,1,4,2,17,8,2,990590
152389,1,9,4,17,10,3,1,4,2,17,7,2,0,6,3,12,9,2,1,4,2,15,10,2,1,6,3,15,7,2,510644
204458,1,7,4,17,10,2,1,7,4,15,9,2,1,4,2,15,10,3,0,4,2,15,7,2,0,11,5,15,9,3,714770
271447,0,9,5,12,10,2,0,11,5,15,10,3,1,6,3,15,7,3,0,7,4,12,7,2,1,7,3,15,10,3,932709
218025,0,6,3,15,7,2,0,9,4,15,10,3,0,9,4,15,6,3,1,7,4,17,10,2,0,4,2,12,9,2,756641
121312,0,6,3,12,10,2,0,9,4,15,10,3,0,11,5,15,10,3,1,9,4,15,10,3,1,11,6,17,10,2,428344
177856,0,9,4,15,8,3,0,11,5,15,10,3,1,9,5,17,10,2,0,6,3,15,7,3,0,4,2,15,10,3,622640
189129,0,9,5,12,10,2,0,11,6,15,10,2,0,7,3,12,10,3,0,9,5,12,10,2,1,6,3,17,10,3,652306
177837,0,11,5,12,10,3,0,6,3,15,10,3,0,7,4,12,10,2,0,9,4,15,10,3,1,4,2,15,10,2,601943
277868,0,7,4,12,10,2,0,6,3,12,9,3,1,9,4,17,8,3,0,6,3,12,9,3,0,7,4,12,10,2,917875
262377,1,7,3,15,10,3,1,9,4,15,10,3,1,6,3,17,10,2,1,11,6,15,8,2,1,4,2,17,10,3,821405
216291,1,9,5,15,9,2,1,9,4,15,8,3,0,6,3,15,10,3,0,6,3,15,10,3,0,7,3,15,10,3,737873
161874,1,7,3,17,10,3,0,11,5,12,10,3,1,11,5,17,10,3,0,9,4,12,7,3,1,9,5,17,10,2,557766
218833,0,4,2,15,10,3,1,9,4,17,10,3,1,7,4,15,10,2,0,11,5,12,10,3,0,11,5,12,10,3,763960
204214,0,4,2,12,10,2,0,6,3,15,10,2,0,7,4,15,9,2,1,6,3,15,10,3,0,7,3,12,10,3,696119
104135,1,11,6,17,10,2,0,6,3,15,10,2,0,13,6,12,10,3,0,7,3,12,10,3,1,13,6,15,9,3,365238
149551,1,13,6,17,10,3,1,6,3,17,10,2,0,7,3,15,10,3,0,11,6,12,9,2,0,9,5,12,10,2,524543
253840,1,7,3,15,10,3,0,11,5,15,9,3,0,4,2,15,8,2,1,9,4,17,10,3,0,9,4,12,10,3,885497
206013,0,6,3,12,9,2,0,11,5,12,10,3,0,6,3,12,10,2,1,11,5,15,10,3,1,9,4,17,10,3,702647
169355,0,7,3,15,10,3,0,11,6,12,10,2,0,7,3,12,10,3,0,7,3,15,9,3,0,9,4,15,10,3,519856
112296,0,6,3,15,10,3,0,6,3,12,10,2,1,4,2,15,10,2,0,4,2,12,10,2,1,7,4,17,10,2,391981
125514,1,11,5,17,10,3,1,4,2,17,9,2,0,9,5,15,10,2,1,11,6,17,10,2,1,4,2,17,7,2,437637
138903,1,11,5,17,10,3,1,9,5,15,10,2,0,7,4,15,10,2,0,11,5,15,10,3,0,9,4,12,10,3,490379
237933,1,9,4,15,7,3,1,6,3,17,10,2,0,9,5,12,7,2,1,4,2,15,9,3,1,6,3,17,10,2,798608
168883,0,6,3,12,10,2,1,9,5,15,10,2,0,6,3,12,10,2,0,4,2,12,9,2,1,11,6,15,6,2,569546
217636,1,7,4,17,10,2,1,6,3,15,10,2,1,7,4,15,10,2,0,11,5,15,10,3,0,13,6,15,10,3,768575
149234,1,7,3,17,8,3,0,6,3,15,10,2,0,9,5,12,10,2,1,4,2,17,10,3,1,13,6,17,10,3,525070
231324,1,11,5,17,10,3,1,4,2,15,9,2,0,9,5,12,10,2,1,6,3,15,10,2,1,7,3,15,10,3,790400
277292,0,4,2,12,10,2,0,11,5,15,10,3,0,4,2,12,7,2,0,13,6,12,8,3,0,4,2,12,10,3,845222
222990,1,6,3,17,10,3,0,6,3,12,10,2,0,11,6,12,10,2,0,7,4,15,9,2,1,11,6,15,10,2,786464
246734,0,9,5,12,10,2,1,9,5,17,10,2,1,9,5,17,10,2,0,4,2,12,10,2,1,7,4,17,10,2,855374
268151,1,11,5,15,10,3,1,6,3,15,7,2,0,13,6,12,10,3,0,13,6,12,10,3,0,11,6,12,10,2,902873
141172,1,6,3,15,10,2,0,4,2,12,10,3,1,9,5,17,8,2,1,4,2,15,10,3,0,4,2,15,10,3,486373
299512,1,7,3,17,10,3,0,13,6,12,10,3,1,9,4,15,10,3,1,7,4,15,10,2,1,7,3,15,10,3,1003922
163704,1,4,2,17,10,2,0,9,5,15,10,2,1,9,5,17,9,2,1,6,3,17,10,3,1,6,3,15,10,3,572688
195948,0,6,3,15,10,3,1,9,4,17,10,3,0,6,3,12,10,2,1,11,6,15,10,2,1,6,3,17,9,2,681195
104317,0,4,2,12,10,2,1,9,5,17,9,2,0,4,2,12,8,3,1,6,3,15,9,3,1,13,6,15,10,3,352634
179140,0,6,3,15,10,2,0,9,5,12,10,2,1,7,4,17,9,2,1,9,4,17,10,3,0,6,3,15,8,3,627918
120598,1,6,3,17,10,2,1,11,5,15,10,3,1,4,2,17,10,2,1,4,2,15,10,2,0,11,5,12,10,3,406280
110545,1,13,6,15,10,3,1,9,5,17,10,2,0,9,4,12,10,3,0,7,3,15,10,3,1,11,6,17,10,2,388761
212334,1,6,3,15,9,3,1,4,2,15,9,2,1,6,3,15,10,3,0,9,4,15,10,3,0,7,3,15,10,3,731133
191083,1,11,6,17,10,2,0,9,5,12,10,2,1,9,5,17,10,2,0,4,2,15,10,3,0,11,6,15,10,2,681482
145613,1,6,3,17,10,2,1,6,3,15,10,2,0,11,6,12,10,2,0,11,6,15,8,2,1,4,2,15,10,2,500162
268372,0,6,3,12,10,2,1,4,2,17,9,2,0,13,6,12,7,3,1,9,4,15,10,3,1,11,6,17,10,2,923211
227473,1,11,6,15,10,2,0,4,2,15,9,3,0,7,3,12,10,3,1,9,5,15,8,2,1,7,3,17,10,3,795449
264634,0,4,2,12,10,3,0,13,6,15,10,3,1,4,2,17,10,3,1,4,2,17,9,2,0,13,6,12,10,3,904748
134313,1,6,3,15,10,2,0,9,5,12,10,2,1,4,2,15,10,3,1,6,3,17,10,3,1,9,4,15,9,3,457422
192030,1,4,2,15,10,2,0,11,6,12,10,2,1,4,2,15,10,3,1,11,6,17,10,2,0,11,5,12,10,3,654216
202697,0,11,5,15,10,3,0,11,6,15,10,2,0,11,5,12,8,3,1,7,4,17,10,2,1,4,2,17,10,2,705397
241884,1,4,2,17,10,3,0,13,6,15,10,3,0,4,2,15,10,3,1,4,2,15,10,2,0,9,4,12,7,3,833993
190822,0,13,6,12,10,3,1,11,5,15,10,3,1,9,4,15,10,3,1,7,3,17,10,3,0,4,2,12,10,3,655820
283351,1,7,3,17,10,3,1,7,4,17,10,2,1,4,2,15,10,3,0,9,5,12,10,2,1,4,2,17,10,3,969246
135650,1,7,3,17,9,3,0,7,4,15,9,2,0,4,2,15,10,2,0,11,5,15,10,3,1,9,5,17,9,2,479575
293677,1,9,5,15,10,2,0,9,4,12,10,3,0,13,6,15,10,3,1,7,4,17,10,2,0,6,3,12,10,3,1035705
252413,1,9,5,15,10,2,0,6,3,12,10,2,1,4,2,15,9,2,0,11,6,12,8,2,1,7,4,15,10,2,860189
267791,0,11,5,15,9,3,1,11,6,17,10,2,0,4,2,12,9,2,1,4,2,15,9,3,1,6,3,15,8,3,935409
211203,1,9,5,15,8,2,1,6,3,15,10,3,1,7,4,15,8,2,1,7,3,15,10,3,1,13,6,15,10,3,650749
149478,1,11,5,17,10,3,1,11,6,17,10,2,0,11,6,12,10,2,1,4,2,15,10,2,1,9,5,15,10,2,510920
241824,1,7,4,15,10,2,0,7,4,15,10,2,1,7,4,17,10,2,0,7,4,15,9,2,1,13,6,17,6,3,848615
288037,0,4,2,12,10,3,0,9,4,15,10,3,0,13,6,15,10,3,1,6,3,17,8,3,1,7,4,17,10,2,1018986
113751,0,7,4,15,10,2,0,9,5,15,7,2,0,4,2,12,9,2,0,7,4,12,10,2,0,4,2,15,10,2,350401
164205,1,6,3,15,10,2,0,13,6,15,10,3,1,9,4,15,10,3,0,11,5,15,8,3,0,7,4,12,10,2,570758
203573,1,7,3,15,10,3,0,11,6,15,10,2,0,9,5,12,10,2,1,9,4,17,10,3,1,6,3,17,9,2,719988
135062,0,6,3,15,10,2,1,11,6,15,10,2,1,9,5,17,10,2,1,4,2,15,10,2,1,7,3,17,10,3,467267
238472,0,7,3,12,10,3,1,7,3,15,6,3,0,13,6,15,10,3,0,6,3,12,10,3,1,7,4,17,10,2,828499
268517,0,6,3,15,10,2,0,4,2,15,10,2,1,9,5,17,10,2,0,4,2,15,10,3,0,9,4,12,10,3,935943
108341,0,11,5,12,9,3,1,11,5,17,10,3,0,13,6,15,9,3,1,7,4,17,10,2,0,6,3,15,10,2,383899
202328,1,7,4,15,10,2,1,11,6,17,10,2,1,7,3,17,10,3,1,13,6,15,10,3,0,9,5,15,10,2,708142
136317,0,9,5,12,10,2,0,4,2,15,10,3,0,6,3,12,10,2,1,4,2,17,10,3,1,4,2,15,10,2,468039
261116,0,6,3,15,9,2,0,7,3,12,10,3,1,11,6,17,10,2,1,6,3,15,10,2,0,6,3,12,10,3,911804
153596,1,9,4,17,10,3,0,13,6,15,10,3,0,4,2,12,10,2,0,4,2,15,10,3,1,7,3,15,9,3,535585
195086,0,11,6,15,10,2,1,7,3,15,10,3,0,13,6,15,10,3,1,7,3,15,10,3,0,9,4,12,10,3,658566
170179,0,4,2,12,10,2,0,4,2,12,10,2,1,11,5,17,10,3,1,4,2,17,9,3,1,11,6,15,9,2,576060
150095,1,11,6,17,10,2,1,9,4,15,10,3,0,4,2,12,10,3,0,6,3,12,10,2,1,11,6,15,10,2,513995
173358,0,4,2,15,9,2,1,7,3,15,10,3,1,9,5,17,10,2,1,4,2,15,10,2,0,9,5,15,10,2,613677
147720,1,11,6,17,10,2,0,6,3,15,9,2,0,7,4,15,10,2,0,7,4,12,10,2,0,6,3,15,10,3,514913
235094,0,9,4,15,10,3,1,9,4,17,10,3,0,4,2,15,10,2,1,7,4,15,10,2,0,7,4,15,9,2,831816
136606,1,4,2,15,8,2,0,4,2,12,10,3,1,13,6,15,8,3,0,7,4,12,8,2,0,9,4,12,9,3,460599
158822,0,4,2,15,10,2,1,11,5,15,8,3,1,7,3,15,10,3,1,7,3,15,10,3,0,6,3,12,10,2,539441
149515,0,13,6,12,10,3,1,4,2,17,10,2,1,11,5,15,10,3,0,9,5,15,10,2,1,9,4,15,10,3,525400
173979,0,11,6,15,10,2,1,11,5,17,10,3,0,4,2,15,10,3,1,6,3,15,10,2,0,4,2,15,10,3,611208
175908,1,4,2,17,10,3,0,13,6,12,10,3,0,7,4,15,8,2,0,4,2,12,10,2,0,6,3,12,8,3,602639
127264,0,4,2,12,10,2,0,13,6,15,10,3,0,11,6,15,10,2,0,7,3,12,9,3,0,6,3,12,10,3,391547
181006,1,6,3,17,10,2,1,13,6,15,10,3,0,7,3,15,10,3,0,7,3,12,10,3,1,11,5,15,10,3,617809
229077,0,9,4,12,10,3,1,9,4,15,10,3,0,9,5,12,10,2,1,6,3,15,10,3,0,4,2,12,9,3,777631
177115,1,9,5,15,10,2,0,13,6,12,10,3,0,6,3,12,10,2,1,7,3,17,10,3,1,4,2,17,10,3,612679
200958,1,4,2,17,10,2,1,6,3,15,7,2,1,11,6,17,10,2,0,6,3,15,9,3,1,11,6,17,7,2,693817
113433,1,11,6,15,10,2,1,7,3,15,10,3,1,9,4,17,9,3,0,9,5,12,10,2,0,9,4,12,6,3,386691
146255,0,13,6,15,10,3,1,11,6,15,10,2,0,9,5,15,10,2,0,6,3,15,9,3,0,4,2,15,10,2,503744
158984,0,9,4,15,10,3,1,9,4,15,10,3,1,6,3,15,10,3,1,4,2,17,10,3,1,4,2,15,10,3,543101
187338,1,7,4,15,10,2,1,11,6,17,10,2,0,11,6,12,10,2,1,11,6,17,10,2,0,6,3,12,9,3,647922
132173,1,13,6,15,10,3,0,11,5,12,9,3,1,4,2,17,10,2,0,11,6,12,10,2,1,13,6,17,10,3,448195
265964,1,7,4,15,9,2,0,6,3,12,10,3,1,4,2,17,10,2,1,11,5,15,10,3,1,7,3,17,7,3,904577
271597,0,9,5,12,10,2,1,6,3,15,10,2,1,9,5,15,10,2,1,13,6,17,10,3,0,9,5,12,9,2,929238
227295,1,4,2,15,9,3,1,9,5,17,10,2,0,4,2,12,10,2,0,6,3,15,9,2,0,9,5,15,9,2,802586
282253,1,4,2,17,10,2,1,11,6,15,10,2,0,6,3,12,10,3,1,11,6,15,8,2,1,4,2,15,10,2,952254
141982,1,6,3,15,10,2,1,9,5,15,10,2,1,11,6,17,10,2,1,9,5,15,10,2,1,13,6,15,10,3,443780
205123,1,11,5,17,10,3,0,4,2,15,10,2,0,7,4,15,9,2,0,11,5,12,10,3,0,7,4,15,7,2,704076
134962,0,4,2,12,7,2,0,6,3,12,9,3,0,4,2,15,10,3,1,7,3,17,10,3,1,7,3,17,10,3,454097
196736,1,11,5,15,6,3,1,9,4,15,10,3,1,4,2,15,10,3,0,11,5,12,8,3,1,6,3,17,10,3,658547
208238,0,13,6,12,10,3,0,7,3,15,10,3,1,6,3,15,6,3,0,6,3,15,10,3,0,11,5,12,9,3,698092
193310,0,13,6,15,9,3,1,11,5,17,8,3,1,6,3,17,10,2,1,6,3,15,9,3,1,6,3,17,10,2,657027
258663,1,4,2,15,10,2,0,11,5,12,10,3,0,9,4,12,9,3,0,6,3,12,10,2,1,4,2,15,10,3,860710
189555,1,7,4,17,9,2,0,4,2,12,10,2,0,4,2,15,10,2,0,11,5,15,9,3,0,13,6,15,10,3,657312
212892,0,6,3,15,10,2,0,11,6,12,10,2,1,11,5,17,9,3,1,9,5,15,10,2,1,9,5,17,10,2,747305
143891,1,9,5,17,10,2,1,9,4,15,10,3,0,13,6,12,10,3,0,6,3,15,9,2,0,4,2,15,10,3,502245
147179,0,9,5,12,7,2,1,7,3,17,10,3,0,6,3,15,10,3,0,6,3,12,6,2,0,13,6,15,10,3,500225
161939,1,11,6,15,10,2,0,7,4,15,10,2,1,9,4,15,10,3,0,4,2,15,5,2,0,6,3,15,7,3,563802
236828,0,6,3,15,10,3,0,9,5,12,10,2,0,11,6,12,10,2,0,4,2,15,10,2,0,4,2,12,10,3,727768
197126,1,9,4,15,10,3,1,9,4,17,10,3,1,11,6,17,10,2,0,11,5,12,10,3,0,9,4,12,10,3,677303
124373,1,11,6,15,10,2,0,11,6,15,10,2,0,9,4,12,10,3,1,6,3,15,10,3,0,11,5,15,10,3,432325
104809,0,13,6,15,8,3,0,7,4,15,10,2,0,13,6,15,8,3,1,7,4,17,10,2,0,7,3,15,10,3,364853
197271,1,4,2,15,8,2,0,9,5,12,10,2,0,7,3,15,8,3,0,9,5,15,10,2,1,9,4,17,10,3,686983
101569,1,4,2,15,10,3,1,6,3,15,8,2,0,6,3,15,9,2,0,7,3,15,10,3,0,11,6,15,10,2,352528
157771,0,9,5,15,8,2,1,6,3,17,9,3,1,9,5,17,10,2,1,9,5,17,10,2,0,4,2,15,10,2,554662
193992,1,6,3,15,10,2,1,4,2,17,8,2,1,6,3,17,10,3,0,4,2,12,6,2,1,6,3,17,10,2,634872
282725,0,4,2,12,10,2,0,11,6,15,10,2,1,9,4,17,10,3,1,7,4,17,6,2,1,6,3,15,7,2,995362
134660,0,13,6,15,10,3,1,13,6,15,10,3,1,13,6,15,10,3,1,7,3,15,10,3,1,13,6,17,10,3,458228
231770,1,7,4,15,10,2,0,6,3,15,10,3,0,6,3,15,10,3,0,7,3,15,10,3,0,7,3,15,10,3,793702
271978,0,6,3,12,10,2,1,7,4,17,10,2,0,7,4,12,10,2,1,4,2,15,10,2,0,7,4,15,10,2,956714
169270,0,6,3,12,10,3,0,11,5,12,10,3,1,9,5,15,10,2,1,7,3,17,10,3,1,7,4,15,10,2,581722
174616,1,4,2,17,10,3,0,6,3,15,10,2,1,9,4,17,10,3,1,9,5,15,10,2,0,9,5,12,8,2,611911
191669,1,7,4,17,6,2,0,7,3,12,10,3,0,11,5,12,7,3,0,9,4,12,10,3,0,7,4,15,10,2,648160
104952,0,11,5,12,9,3,1,4,2,15,9,3,1,9,5,15,10,2,1,7,3,15,10,3,0,7,3,12,10,3,355846
251435,1,4,2,17,10,2,0,6,3,12,10,3,1,4,2,15,10,2,0,9,5,15,10,2,0,13,6,12,10,3,863402
119324,1,7,4,17,10,2,1,11,5,17,10,3,0,7,3,15,10,3,1,4,2,17,7,3,0,9,5,12,10,2,420632
166545,0,9,5,12,8,2,1,6,3,15,10,2,0,11,6,15,10,2,1,9,4,17,9,3,0,4,2,15,10,2,583949
217797,0,6,3,15,10,2,1,9,4,17,9,3,1,6,3,17,8,2,0,7,4,15,10,2,0,6,3,15,8,2,762518
277802,0,6,3,15,10,2,1,4,2,17,10,2,0,7,3,15,10,3,0,6,3,12,10,2,0,9,4,12,10,3,949158
150042,1,9,4,15,9,3,0,6,3,12,10,2,1,4,2,15,10,2,1,7,3,17,10,3,0,4,2,12,9,3,514799
203385,0,6,3,12,10,2,1,7,3,17,8,3,1,9,5,15,10,2,1,9,5,15,10,2,0,9,5,12,10,2,695475
132802,1,6,3,15,10,3,1,7,3,17,7,3,1,7,4,15,10,2,0,11,6,15,9,2,1,7,4,15,10,2,456078
198885,1,4,2,17,9,2,1,4,2,15,10,3,1,4,2,15,8,3,0,4,2,15,8,3,1,11,6,15,9,2,672845
115186,1,4,2,17,10,2,0,11,5,12,10,3,0,4,2,15,10,3,0,6,3,15,10,3,1,7,3,15,10,3,403861
268968,1,6,3,17,7,2,0,4,2,12,10,3,1,9,4,15,10,3,1,6,3,15,7,3,0,6,3,12,10,2,911677
172275,0,9,4,12,10,3,0,9,5,15,10,2,0,6,3,12,10,2,0,13,6,12,10,3,1,13,6,15,10,3,580974
191363,0,4,2,15,10,2,0,6,3,12,10,3,0,11,6,12,10,2,1,7,4,15,10,2,1,11,5,17,10,3,670980
278569,1,4,2,17,10,2,0,6,3,15,10,2,1,7,4,17,8,2,0,6,3,15,8,2,1,6,3,17,10,3,968732
263575,1,11,5,17,10,3,1,6,3,15,10,2,1,11,6,15,10,2,1,9,5,17,10,2,1,13,6,17,10,3,826806
168452,1,7,4,15,10,2,1,11,5,15,10,3,0,11,6,15,10,2,1,6,3,17,10,2,1,7,4,17,10,2,588925
127322,0,7,4,12,10,2,1,9,4,15,8,3,0,6,3,15,10,2,1,9,4,17,10,3,0,7,4,15,6,2,433029
223681,1,6,3,17,10,2,1,11,5,15,10,3,1,11,6,15,6,2,1,6,3,17,10,2,1,4,2,15,10,3,696604
160112,0,13,6,15,9,3,0,9,4,12,10,3,1,4,2,15,10,3,0,6,3,12,9,2,1,4,2,17,9,3,548168
142961,0,11,6,15,10,2,1,4,2,15,10,3,1,6,3,15,10,3,0,4,2,12,10,2,1,6,3,17,9,2,498368
109556,0,6,3,15,10,3,0,4,2,12,10,3,0,13,6,12,6,3,1,9,4,15,10,3,1,9,5,17,9,2,378159
109043,0,6,3,12,10,3,0,9,4,12,8,3,1,11,6,15,10,2,0,11,5,12,10,3,1,9,5,17,10,2,377339
273160,1,13,6,15,10,3,0,7,4,15,10,2,1,9,5,15,10,2,1,6,3,17,10,3,0,4,2,15,10,3,967843
278861,1,4,2,17,10,2,0,4,2,12,10,3,1,4,2,15,10,3,0,9,4,15,8,3,0,4,2,12,7,3,946848
238515,1,6,3,15,8,2,1,4,2,15,10,2,1,4,2,15,8,2,1,11,5,15,9,3,1,6,3,15,10,3,732638
289236,1,13,6,17,10,3,0,6,3,15,10,2,1,7,4,17,10,2,1,7,4,15,10,2,0,11,6,15,10,2,1026848
184928,0,7,3,12,8,3,1,11,5,15,10,3,0,4,2,15,10,2,1,6,3,17,10,2,1,11,6,15,10,2,640819
100841,1,7,4,15,7,2,0,9,5,12,10,2,0,9,5,15,10,2,1,6,3,15,10,2,1,7,3,17,10,3,349442
215774,0,11,6,15,10,2,0,7,4,15,10,2,0,9,4,15,10,3,1,6,3,17,10,2,1,4,2,15,6,2,753690
152950,0,9,4,12,10,3,0,4,2,12,10,2,1,9,5,15,10,2,1,4,2,15,10,2,1,11,6,15,10,2,519939
259605,1,9,4,15,10,3,1,6,3,17,9,2,0,13,6,12,10,3,1,6,3,15,10,3,1,6,3,15,9,2,867084
266495,1,11,5,17,10,3,0,7,3,12,10,3,0,9,4,15,9,3,0,4,2,12,8,3,1,6,3,17,10,2,934330
286341,1,6,3,17,9,2,0,7,3,12,9,3,1,7,4,15,10,2,0,9,5,15,7,2,0,11,6,12,10,2,1000257
265901,1,9,4,17,10,3,0,6,3,15,9,3,0,6,3,15,8,3,1,6,3,17,8,2,0,6,3,15,10,2,913738
291547,0,7,4,15,10,2,0,9,4,12,10,3,0,7,3,15,10,3,0,7,3,12,10,3,0,11,6,12,10,2,894084
222027,0,13,6,15,10,3,1,6,3,15,9,3,1,7,3,15,7,3,0,7,4,12,10,2,1,7,3,17,8,3,769899
247220,1,6,3,17,7,3,0,7,3,12,9,3,1,9,4,15,10,3,0,6,3,15,10,2,1,4,2,17,10,2,865648
228475,0,11,6,12,10,2,0,9,5,12,10,2,0,4,2,12,10,3,0,7,4,15,10,2,0,9,5,15,10,2,703677
126216,0,7,3,15,10,3,0,4,2,12,10,2,0,6,3,15,10,2,1,11,5,15,9,3,0,4,2,12,10,3,423922
254067,0,13,6,12,10,3,1,7,4,17,10,2,0,11,5,12,8,3,1,9,5,17,8,2,0,9,5,15,8,2,894987
254435,1,7,4,17,10,2,0,7,4,15,10,2,0,13,6,12,10,3,1,4,2,15,10,2,0,9,5,15,10,2,902708
271281,0,9,5,15,8,2,1,7,4,15,9,2,1,13,6,17,10,3,0,13,6,15,10,3,1,11,6,15,10,2,957279
132523,1,9,5,15,10,2,1,4,2,17,10,3,0,7,4,12,10,2,0,7,4,12,10,2,0,9,5,15,8,2,464932
281186,0,4,2,12,10,3,0,6,3,15,10,3,1,9,4,15,10,3,1,6,3,17,10,3,0,9,4,15,9,3,992379
199440,1,7,3,15,9,3,1,13,6,17,10,3,0,6,3,15,10,2,0,7,4,12,10,2,0,4,2,12,8,2,695069
256936,0,13,6,15,10,3,0,6,3,15,10,2,1,7,4,17,10,2,1,9,4,17,10,3,1,9,4,17,10,3,904684
189750,1,6,3,15,10,3,1,6,3,15,10,3,0,4,2,15,10,2,0,9,5,12,10,2,1,9,5,15,9,2,653027
298225,0,6,3,15,10,2,1,6,3,15,9,3,0,9,5,15,10,2,1,9,5,17,10,2,0,4,2,12,9,3,1051264
114319,1,6,3,17,10,3,0,11,5,12,10,3,1,4,2,17,10,2,0,11,6,12,10,2,1,9,5,15,8,2,390275
178897,1,13,6,15,10,3,0,6,3,15,10,2,1,11,6,15,8,2,1,9,5,17,10,2,0,6,3,15,10,2,621932
108893,1,4,2,15,10,3,1,13,6,17,10,3,0,7,4,12,9,2,0,7,3,15,10,3,1,9,4,15,8,3,375977
156191,0,7,3,12,10,3,1,4,2,17,10,2,1,4,2,17,10,2,1,6,3,17,10,2,1,4,2,15,10,2,519364
136483,1,6,3,15,10,2,0,4,2,15,10,2,0,4,2,12,9,2,1,11,5,15,10,3,1,7,4,15,9,2,464278
235054,1,11,5,17,9,3,0,9,4,15,10,3,1,9,4,15,10,3,0,6,3,12,10,2,1,6,3,15,10,3,821704
204300,0,6,3,15,9,3,1,11,6,17,10,2,0,9,5,15,10,2,1,4,2,15,10,2,0,11,6,15,10,2,724613
125566,0,7,3,12,10,3,1,4,2,15,10,2,1,7,4,15,10,2,0,7,4,15,8,2,0,9,5,12,10,2,433621
208278,0,7,4,12,10,2,1,4,2,17,7,3,1,9,4,17,9,3,0,9,5,15,10,2,1,11,6,17,7,2,735827
108003,1,6,3,17,10,2,1,11,5,15,10,3,1,4,2,15,10,2,0,11,5,12,10,3,0,6,3,12,8,2,369543
282914,1,4,2,17,10,2,0,4,2,12,10,3,1,11,6,17,7,2,1,6,3,17,10,2,0,7,3,15,10,3,990996
286080,1,9,4,17,10,3,0,9,4,15,10,3,1,9,4,17,7,3,0,9,4,12,10,3,1,9,4,15,10,3,945056
107569,1,4,2,17,10,2,1,7,3,15,10,3,0,11,5,15,10,3,0,11,6,12,10,2,1,6,3,15,10,2,372089
271072,1,11,6,17,10,2,0,6,3,15,10,3,1,11,6,15,10,2,0,11,6,12,10,2,0,11,5,12,10,3,940287
217820,1,7,3,15,10,3,0,6,3,12,10,2,0,7,4,12,9,2,0,7,3,12,10,3,1,6,3,17,10,2,744896
173482,1,6,3,15,8,2,1,11,6,15,10,2,0,4,2,15,10,2,1,7,4,17,9,2,0,9,5,15,6,2,608049
211678,1,6,3,15,9,2,0,7,3,12,10,3,0,9,5,15,10,2,0,6,3,15,5,3,0,7,3,15,7,3,713329
202088,1,11,6,15,10,2,1,11,6,17,10,2,0,7,4,15,10,2,1,7,3,17,9,3,1,7,4,17,10,2,707981
112012,0,11,5,15,10,3,1,11,5,15,10,3,0,4,2,12,9,2,1,6,3,15,9,3,0,7,3,15,10,3,388685
285598,1,7,4,17,10,2,1,9,5,15,10,2,1,9,4,15,8,3,1,9,5,15,8,2,1,9,4,15,10,3,890454
225237,0,6,3,15,10,3,0,11,5,12,10,3,0,11,6,12,10,2,1,13,6,17,10,3,0,7,4,15,9,2,774015
156534,1,9,5,15,10,2,1,6,3,15,9,2,0,11,6,15,10,2,1,7,3,17,10,3,0,9,5,15,10,2,553921
128756,0,11,5,12,10,3,0,13,6,15,10,3,1,11,5,15,7,3,1,11,6,15,10,2,1,9,4,15,10,3,444945
293317,0,11,5,12,10,3,1,7,4,17,10,2,1,13,6,17,10,3,1,9,4,17,10,3,0,4,2,15,10,2,1033537
249131,1,11,5,17,10,3,1,13,6,17,8,3,0,6,3,15,10,3,1,13,6,17,7,3,1,7,4,17,8,2,865400
222509,0,11,6,12,9,2,1,6,3,15,7,2,1,7,4,17,10,2,1,6,3,15,9,3,1,7,4,15,10,2,753093
245624,1,11,6,17,10,2,1,7,4,15,10,2,0,9,4,12,10,3,1,7,3,17,10,3,0,11,6,12,10,2,849322
142870,1,4,2,17,7,2,1,6,3,17,10,2,1,9,5,17,8,2,0,9,4,15,9,3,0,9,4,15,6,3,487682
237016,1,7,4,17,10,2,1,7,3,15,9,3,0,4,2,12,10,3,1,6,3,17,7,2,0,9,5,12,10,2,816754
191633,0,4,2,12,10,3,0,9,5,15,9,2,1,6,3,17,10,3,0,7,3,12,10,3,1,11,5,17,10,3,675388
224122,0,11,6,12,10,2,0,6,3,12,10,3,0,13,6,15,10,3,0,6,3,15,9,3,1,7,4,17,10,2,780526
107273,1,6,3,15,10,2,0,13,6,12,10,3,0,11,6,15,10,2,1,6,3,17,10,3,1,4,2,17,10,3,376507
151963,1,9,5,15,10,2,1,4,2,15,10,2,0,7,3,12,7,3,1,13,6,17,10,3,1,4,2,17,10,2,504419
270336,0,6,3,12,10,3,0,4,2,12,9,2,0,9,4,12,10,3,0,11,5,15,7,3,1,11,6,17,10,2,934333
147599,0,6,3,15,9,2,0,6,3,15,10,2,1,6,3,17,9,3,0,11,6,12,10,2,1,6,3,17,6,2,505468
203681,1,9,4,17,10,3,0,11,5,15,6,3,0,6,3,15,10,2,0,4,2,15,9,3,0,6,3,12,10,3,694236
136207,0,4,2,12,10,3,0,11,5,12,9,3,0,6,3,12,10,2,1,11,6,15,10,2,1,9,5,17,10,2,470749
176763,1,13,6,17,9,3,1,11,5,15,10,3,0,9,4,12,9,3,1,9,5,15,10,2,0,13,6,15,10,3,618044
185589,1,6,3,15,10,2,0,7,3,12,10,3,0,13,6,15,10,3,0,7,4,15,10,2,0,11,6,15,9,2,632141
261404,0,7,3,12,10,3,1,9,5,17,8,2,1,7,4,15,10,2,1,4,2,15,10,3,1,11,6,15,10,2,877163
111293,0,9,4,15,10,3,0,7,3,15,7,3,1,7,4,17,10,2,0,4,2,15,10,2,0,9,4,15,10,3,388146
124467,0,6,3,15,10,2,1,13,6,17,10,3,0,11,5,12,10,3,1,11,6,17,10,2,0,13,6,12,10,3,439408
291799,1,13,6,17,9,3,0,9,4,12,10,3,0,11,5,12,10,3,0,9,4,12,10,3,0,6,3,15,10,3,990458
191652,0,7,3,12,9,3,1,7,4,17,10,2,0,6,3,12,10,2,1,4,2,15,10,2,0,11,6,12,10,2,661521
141999,0,9,4,15,10,3,1,13,6,15,9,3,1,7,4,15,10,2,0,4,2,12,10,3,1,6,3,15,8,3,491588
178422,0,9,5,12,9,2,1,6,3,17,9,2,0,4,2,12,10,3,1,7,4,17,10,2,0,4,2,12,8,2,613704
285259,0,4,2,12,10,3,1,9,4,17,10,3,0,11,6,12,10,2,0,11,6,12,10,2,1,6,3,17,10,3,984510
270046,0,9,4,15,10,3,0,9,5,15,9,2,0,9,5,12,10,2,0,6,3,15,9,3,0,9,4,15,8,3,824745
139629,0,6,3,12,10,3,0,4,2,15,10,3,0,7,3,15,10,3,0,4,2,12,8,3,0,6,3,15,10,2,428998
172731,1,11,6,17,10,2,1,9,5,17,10,2,0,6,3,12,9,2,1,11,5,17,8,3,1,7,4,17,10,2,583542
163242,0,11,5,15,9,3,0,4,2,12,6,3,0,13,6,15,10,3,0,4,2,12,9,2,0,7,3,15,10,3,502318
138042,0,9,5,12,10,2,0,9,4,15,10,3,1,7,4,15,10,2,0,9,5,12,10,2,0,6,3,15,10,3,471928
195159,0,4,2,15,10,3,1,7,3,15,9,3,0,6,3,15,7,3,0,7,3,15,10,3,1,13,6,15,10,3,677076
270405,1,6,3,15,10,2,1,9,5,17,10,2,0,9,5,12,8,2,0,7,4,12,10,2,0,9,4,12,10,3,929906
143420,1,6,3,17,10,2,0,9,5,12,10,2,0,7,4,12,10,2,1,9,4,15,7,3,1,9,5,15,10,2,492628
169331,1,4,2,15,10,3,1,13,6,17,9,3,0,11,5,12,10,3,0,11,6,15,10,2,0,4,2,15,10,2,593541
160137,0,7,4,12,10,2,1,7,4,17,9,2,1,4,2,17,10,2,1,11,6,15,8,2,0,7,3,12,10,3,549545
292843,0,4,2,12,7,2,1,9,5,17,9,2,1,6,3,15,10,2,0,6,3,15,8,3,1,11,5,17,7,3,1016912
252627,1,7,3,17,10,3,1,6,3,15,10,2,1,4,2,15,9,2,1,13,6,17,10,3,0,4,2,12,9,3,856540
253402,1,4,2,17,9,3,0,6,3,12,10,3,0,4,2,15,10,2,1,11,5,15,10,3,0,13,6,12,10,3,885774
160777,1,6,3,17,9,2,0,4,2,15,10,3,0,6,3,12,10,3,1,11,5,15,10,3,1,7,4,17,9,2,564970
255597,0,9,4,12,9,3,1,13,6,15,9,3,0,6,3,15,10,3,1,6,3,17,9,2,0,4,2,15,6,3,890233
211213,0,6,3,15,9,2,0,11,6,12,10,2,1,6,3,15,10,3,0,7,3,12,10,3,0,6,3,15,10,2,719038
121276,0,6,3,15,10,2,0,6,3,12,10,3,0,9,5,12,10,2,0,9,4,12,9,3,1,7,3,15,10,3,403237
100493,1,11,5,17,6,3,0,6,3,12,10,3,1,7,4,17,10,2,0,4,2,15,10,2,1,7,3,15,10,3,349909
287191,0,11,5,12,10,3,1,4,2,15,10,3,0,9,4,15,10,3,1,7,4,15,6,2,0,7,4,15,10,2,997903
185549,1,4,2,15,10,3,1,7,3,15,6,3,1,4,2,15,10,2,0,13,6,15,10,3,0,11,5,15,10,3,640692
131203,1,13,6,17,9,3,0,6,3,12,10,2,1,9,4,15,10,3,0,9,5,15,7,2,1,9,5,15,8,2,454532
205409,1,9,4,17,10,3,0,7,3,12,10,3,1,11,6,17,10,2,0,11,5,15,10,3,0,11,6,12,10,2,721214
134778,1,6,3,15,10,2,1,4,2,15,10,2,1,4,2,17,10,3,1,11,6,15,10,2,1,4,2,15,8,3,419582
251593,1,4,2,17,8,3,0,6,3,15,9,2,1,7,4,17,10,2,1,11,6,17,10,2,0,9,5,12,9,2,884080
187819,0,7,3,15,6,3,0,4,2,15,10,2,1,9,4,15,10,3,1,6,3,15,10,3,1,4,2,17,9,2,654630
249922,0,4,2,12,10,2,0,13,6,12,10,3,0,7,4,12,10,2,0,4,2,12,10,2,0,13,6,12,10,3,750338
163217,1,11,6,15,9,2,1,6,3,17,10,3,0,7,3,15,9,3,1,9,4,17,10,3,0,7,4,15,10,2,573131
254240,0,9,5,12,10,2,0,7,4,12,10,2,0,11,5,12,10,3,0,11,5,15,7,3,0,9,4,12,9,3,774285
169896,1,4,2,17,10,2,1,4,2,15,10,3,0,7,3,12,9,3,0,6,3,15,10,3,0,7,3,15,10,3,582639
240458,1,6,3,17,9,3,0,11,6,15,9,2,0,4,2,12,10,2,0,6,3,15,10,3,1,6,3,17,10,3,833483
136359,0,7,3,12,9,3,0,13,6,15,8,3,0,6,3,15,10,3,0,6,3,12,10,2,1,11,5,17,10,3,466026
212695,1,7,3,17,10,3,0,9,5,15,10,2,1,9,5,17,8,2,0,7,4,12,10,2,1,4,2,17,9,2,753518
231790,1,6,3,17,8,2,0,9,4,15,10,3,1,7,3,17,10,3,0,7,4,12,9,2,0,11,6,12,8,2,807320
160730,1,11,5,15,10,3,1,11,6,15,10,2,1,11,5,17,9,3,0,9,5,15,10,2,0,9,5,15,8,2,549752
234877,0,9,4,12,10,3,1,7,3,17,9,3,1,6,3,17,10,2,1,11,5,17,9,3,1,6,3,17,9,2,791219
233499,1,7,3,17,10,3,1,13,6,15,10,3,1,7,4,15,10,2,1,11,6,15,8,2,1,7,4,15,8,2,726943
170991,0,9,5,15,9,2,0,4,2,15,10,2,1,7,3,15,10,3,0,4,2,12,10,3,1,6,3,15,10,2,590497
194276,0,11,5,12,9,3,0,9,5,15,8,2,1,4,2,15,10,2,1,11,6,15,10,2,0,7,4,15,10,2,677442
119759,1,6,3,17,10,2,0,11,6,15,8,2,0,13,6,15,8,3,1,6,3,17,9,2,1,13,6,17,10,3,420331
271787,0,9,4,15,9,3,0,7,3,12,10,3,0,11,6,12,9,2,0,11,6,12,8,2,0,7,3,15,10,3,833250
131164,1,6,3,15,10,3,0,9,5,15,10,2,1,9,4,15,8,3,1,13,6,17,10,3,0,11,6,15,9,2,463350
144351,0,9,4,15,10,3,1,6,3,17,10,2,1,7,4,17,10,2,1,7,3,17,9,3,0,13,6,12,6,3,502871
257456,1,4,2,17,10,3,0,6,3,12,10,2,0,4,2,12,10,3,1,11,6,17,10,2,1,11,6,15,9,2,885751
288054,0,6,3,12,7,3,1,7,4,17,9,2,0,7,4,12,10,2,0,11,6,12,10,2,1,6,3,15,10,2,993708
204179,1,4,2,17,10,2,1,4,2,15,9,3,1,4,2,15,10,2,1,4,2,17,10,3,0,7,4,12,10,2,677694
252816,1,4,2,15,10,2,1,4,2,15,10,3,0,6,3,12,9,3,1,6,3,17,10,3,1,7,3,17,8,3,854602
281315,1,7,4,15,8,2,1,9,5,17,10,2,1,6,3,15,10,3,0,11,5,12,8,3,0,4,2,15,10,2,982394
106661,1,11,6,17,8,2,1,6,3,15,10,3,0,7,4,12,7,2,0,6,3,15,9,2,0,6,3,15,10,3,372496
241446,1,4,2,15,10,3,1,4,2,15,9,3,0,11,6,12,10,2,1,9,4,17,10,3,1,4,2,15,7,2,813735
162123,1,7,3,17,8,3,0,4,2,12,10,2,1,11,5,15,10,3,1,6,3,17,10,3,0,6,3,15,10,2,567722
255393,1,9,5,15,10,2,1,7,4,15,9,2,1,11,5,17,10,3,1,13,6,15,10,3,1,7,4,17,10,2,799845
150576,0,6,3,15,10,3,0,6,3,15,9,2,0,7,4,15,8,2,0,11,6,12,9,2,0,13,6,12,10,3,463063
135271,0,7,3,15,10,3,1,4,2,15,10,2,1,4,2,15,6,2,0,6,3,12,10,3,0,13,6,15,10,3,459404
274413,1,13,6,15,10,3,1,4,2,15,10,2,0,4,2,12,8,3,0,13,6,12,10,3,1,9,5,17,9,2,942202
165629,0,11,6,12,10,2,0,6,3,12,10,3,0,7,3,12,10,3,1,13,6,15,10,3,0,4,2,12,9,2,548778
135455,0,6,3,15,10,2,0,11,6,15,10,2,0,11,5,12,6,3,1,6,3,17,7,3,1,6,3,17,10,3,468037
191536,0,6,3,12,10,3,1,7,4,17,10,2,0,7,3,12,10,3,1,11,5,17,10,3,0,9,4,12,10,3,663675
268992,1,9,4,15,10,3,0,4,2,12,10,2,0,11,6,12,10,2,1,4,2,17,9,3,1,4,2,15,10,3,920728
205732,0,9,5,12,8,2,1,13,6,17,10,3,1,9,5,15,6,2,0,4,2,12,9,3,1,6,3,15,8,2,705860
196338,0,9,5,15,7,2,1,9,4,15,10,3,1,7,3,15,10,3,1,9,5,15,10,2,0,11,6,15,10,2,683355
273642,1,6,3,15,10,2,0,6,3,12,6,2,1,9,4,17,10,3,0,4,2,15,10,2,1,13,6,15,8,3,949016
288159,1,7,4,15,9,2,0,6,3,15,8,3,0,11,5,12,10,3,0,9,5,12,10,2,1,11,5,17,9,3,1003930
255696,0,4,2,12,10,2,1,11,5,15,10,3,1,9,4,15,10,3,1,9,4,15,10,3,1,4,2,15,10,3,847836
266557,0,13,6,12,8,3,0,9,4,12,10,3,1,7,3,15,10,3,1,4,2,17,10,3,1,4,2,15,10,2,906679
245138,0,7,4,15,10,2,0,7,3,12,10,3,0,11,5,12,10,3,0,7,3,15,10,3,0,6,3,12,10,3,751308
119485,0,11,5,15,10,3,0,11,6,12,10,2,1,7,4,15,10,2,1,4,2,17,10,3,0,11,6,12,10,2,413408
276938,1,7,3,17,10,3,0,6,3,15,8,3,1,11,5,15,10,3,1,4,2,15,10,3,0,13,6,15,10,3,972403
153778,0,6,3,15,10,3,0,6,3,12,10,2,0,4,2,15,6,3,0,7,4,15,10,2,1,13,6,17,10,3,527905
160152,0,7,4,15,10,2,0,9,5,15,9,2,1,4,2,15,10,2,0,4,2,15,10,3,0,9,4,15,10,3,542920
288702,0,7,3,15,10,3,0,11,6,12,10,2,0,4,2,15,9,3,0,7,4,15,9,2,0,9,5,15,10,2,890085
277616,1,7,3,15,7,3,1,6,3,15,10,3,0,6,3,12,10,3,1,11,5,17,10,3,0,11,5,12,10,3,955252
266409,1,7,4,17,10,2,1,9,5,17,10,2,1,11,6,17,10,2,1,7,4,17,9,2,1,7,3,15,10,3,835237
149978,0,6,3,15,10,3,1,4,2,17,10,3,0,11,5,15,10,3,1,4,2,15,10,3,0,9,5,15,10,2,518596
205570,1,9,5,17,8,2,1,11,6,15,10,2,0,7,4,12,7,2,0,6,3,12,9,2,1,13,6,15,10,3,705266
285550,0,11,5,12,10,3,0,4,2,12,8,3,0,11,6,15,10,2,0,9,4,12,10,3,1,13,6,15,9,3,958369
110256,1,11,6,17,10,2,0,7,4,12,10,2,0,9,5,12,10,2,1,6,3,15,10,3,1,9,4,15,10,3,382489
164030,0,11,5,15,7,3,1,11,5,17,9,3,1,11,5,17,10,3,1,6,3,15,7,2,0,4,2,12,7,2,560659
184972,0,9,4,12,10,3,1,9,5,17,10,2,0,9,5,15,9,2,0,6,3,12,10,3,1,7,4,17,10,2,651427
104224,0,7,4,12,10,2,0,11,5,12,9,3,1,9,5,17,10,2,1,4,2,15,8,2,1,9,4,17,10,3,357660
235405,1,11,5,15,10,3,0,4,2,12,6,2,0,7,3,15,9,3,1,6,3,17,8,3,0,11,5,15,10,3,821642
137722,0,11,5,15,10,3,0,7,3,12,9,3,1,13,6,15,10,3,0,7,4,12,10,2,0,6,3,12,10,2,463513
209560,0,13,6,12,10,3,0,6,3,15,10,2,1,9,5,17,10,2,0,9,5,12,9,2,1,7,3,17,10,3,737607
110432,0,11,6,15,8,2,1,6,3,15,9,2,0,11,6,12,7,2,0,7,3,12,8,3,0,9,5,12,10,2,368527
163697,0,9,5,15,10,2,1,4,2,17,10,2,1,7,3,15,10,3,0,11,6,15,10,2,0,6,3,15,10,2,575560
228630,1,4,2,15,10,3,1,11,5,17,10,3,1,9,4,17,10,3,0,6,3,15,10,2,1,9,5,15,9,2,789187
250966,1,6,3,15,10,2,0,11,5,15,10,3,1,11,6,17,10,2,0,6,3,12,10,2,0,7,4,15,10,2,888874
203663,0,13,6,12,10,3,1,9,4,15,10,3,1,13,6,15,9,3,0,4,2,12,9,3,0,4,2,12,8,2,684966
141965,1,4,2,15,10,3,0,7,4,15,10,2,1,7,3,17,6,3,1,6,3,17,9,2,1,6,3,17,10,3,495224
259959,1,7,3,17,10,3,0,9,5,15,9,2,0,7,3,12,10,3,0,6,3,12,10,2,1,4,2,17,10,2,910043
146280,0,13,6,12,7,3,0,11,5,12,10,3,0,11,5,15,10,3,0,4,2,12,9,3,0,13,6,15,10,3,448620
278060,1,7,3,15,10,3,1,11,6,17,10,2,1,6,3,15,8,2,1,9,4,15,10,3,0,4,2,15,10,3,960505
115315,0,6,3,15,6,3,1,4,2,17,8,3,1,7,3,15,10,3,1,6,3,17,10,2,1,7,4,17,10,2,392619
124241,0,7,4,12,9,2,1,6,3,17,10,3,1,4,2,17,8,3,1,4,2,15,10,3,1,11,5,15,10,3,422315
140094,1,7,4,15,8,2,1,11,6,15,10,2,0,11,5,12,9,3,1,9,5,17,10,2,0,13,6,15,9,3,491044
294204,0,13,6,12,9,3,0,9,5,12,10,2,0,11,5,15,10,3,1,4,2,17,7,2,1,9,4,15,10,3,1019824
249956,0,13,6,12,10,3,1,13,6,17,10,3,1,9,5,15,9,2,1,13,6,15,10,3,0,4,2,12,10,2,853555
184796,1,4,2,17,10,3,0,13,6,15,9,3,1,7,3,15,8,3,1,7,4,17,9,2,1,11,6,15,9,2,634894
135470,0,11,5,15,10,3,0,9,4,12,10,3,1,7,4,15,10,2,0,9,4,12,10,3,0,9,5,15,8,2,462112
232552,1,9,4,17,10,3,0,6,3,12,9,2,0,13,6,12,10,3,1,4,2,17,10,2,0,11,5,12,7,3,799370
229293,0,7,4,12,10,2,1,11,5,15,10,3,0,6,3,12,9,2,0,7,4,15,10,2,0,6,3,12,10,3,772419
273680,0,4,2,15,10,2,0,11,5,12,10,3,0,9,5,15,10,2,1,4,2,17,10,3,0,6,3,15,10,2,944481
163782,0,6,3,12,10,2,1,9,4,17,8,3,1,7,4,15,9,2,0,9,4,15,10,3,0,7,4,12,10,2,571121
274540,1,6,3,17,10,2,1,7,3,15,7,3,0,4,2,12,10,3,0,7,4,12,8,2,0,7,4,12,10,2,937076
239799,1,4,2,15,10,3,0,9,4,15,8,3,1,6,3,15,10,3,0,7,4,12,8,2,0,11,6,15,9,2,832010
233052,0,11,6,12,10,2,0,4,2,12,9,3,1,4,2,15,10,2,0,7,4,15,10,2,1,6,3,17,10,2,815739
131002,0,6,3,15,9,3,0,7,3,12,10,3,0,7,3,12,10,3,1,11,6,17,10,2,0,6,3,15,9,3,451402
124916,0,4,2,12,10,3,0,13,6,12,10,3,0,7,4,15,10,2,1,11,6,15,9,2,0,13,6,15,10,3,426180
268798,0,9,4,12,10,3,1,9,4,17,8,3,0,4,2,15,9,2,1,9,5,15,10,2,0,13,6,12,10,3,926526
268050,0,4,2,15,9,2,1,13,6,15,10,3,0,7,4,15,10,2,0,13,6,12,10,3,0,4,2,15,10,2,909791
242743,1,6,3,17,10,3,0,9,5,15,9,2,1,7,4,15,10,2,1,9,5,15,10,2,1,4,2,15,10,3,842531
237937,0,11,6,15,10,2,1,9,5,15,10,2,1,9,4,15,10,3,0,4,2,15,10,3,1,4,2,15,10,2,829058
251091,1,7,4,15,10,2,1,7,4,15,10,2,1,13,6,17,10,3,1,9,5,15,10,2,0,9,5,15,7,2,862376
296599,0,4,2,15,7,2,1,6,3,15,8,3,1,7,4,15,10,2,1,9,5,17,10,2,1,7,4,15,6,2,1002903
146259,0,7,3,15,10,3,0,11,5,15,10,3,1,4,2,15,10,3,0,6,3,15,10,2,0,4,2,12,9,3,498680
155015,0,11,6,15,10,2,1,6,3,15,10,2,0,9,5,12,10,2,0,7,3,12,8,3,0,7,3,15,10,3,525384
112236,1,6,3,15,10,3,0,7,3,12,10,3,1,11,6,17,6,2,0,7,4,12,7,2,0,4,2,15,10,2,388628
140762,0,9,4,12,10,3,0,9,5,15,9,2,0,7,3,15,10,3,0,13,6,12,10,3,1,13,6,17,10,3,481801
139244,0,7,4,15,10,2,1,11,6,17,8,2,0,9,4,12,10,3,0,4,2,15,10,3,0,11,6,12,10,2,481190
242896,1,4,2,15,9,3,1,11,6,17,7,2,0,4,2,12,10,3,0,6,3,12,10,2,0,7,4,12,10,2,834661
290689,1,9,5,17,7,2,1,9,4,15,8,3,1,9,4,17,8,3,0,6,3,15,10,2,0,9,5,12,10,2,989908
102651,0,7,4,15,10,2,0,6,3,12,10,3,0,6,3,12,10,3,0,4,2,15,10,2,0,13,6,15,8,3,316120
133661,0,9,5,12,9,2,1,9,5,15,10,2,0,4,2,15,10,3,1,6,3,17,10,2,0,6,3,15,10,3,470004
296494,0,9,5,12,10,2,0,7,4,15,10,2,1,7,3,15,10,3,1,4,2,17,10,2,0,7,3,15,10,3,1037270
293620,0,11,6,12,8,2,0,6,3,12,10,3,1,9,5,17,9,2,0,6,3,15,10,2,1,9,4,15,10,3,1007111
297192,1,9,5,17,10,2,1,6,3,17,9,2,0,13,6,12,10,3,1,4,2,17,10,3,1,9,4,17,10,3,1005678
273379,0,13,6,12,10,3,0,4,2,15,10,2,0,11,6,15,10,2,0,6,3,12,10,3,1,9,5,15,8,2,930939
240300,0,7,4,15,10,2,0,7,4,15,9,2,1,6,3,17,10,3,1,11,6,15,9,2,0,11,6,12,10,2,846160
251734,1,4,2,15,10,2,0,7,4,12,10,2,1,9,5,15,8,2,1,11,6,17,10,2,0,11,6,12,10,2,872499
274075,0,6,3,12,10,2,1,4,2,15,9,2,1,9,4,15,10,3,1,11,6,17,10,2,1,4,2,17,10,2,927005
298922,0,4,2,15,10,2,1,11,6,15,10,2,1,6,3,17,10,3,1,7,3,17,7,3,1,9,5,15,10,2,1027471
274784,0,7,4,15,10,2,1,4,2,17,10,3,0,9,4,12,10,3,0,6,3,12,10,2,1,7,3,15,10,3,964491
225161,1,9,4,15,10,3,1,11,5,17,10,3,0,11,6,12,8,2,1,4,2,15,10,2,1,11,5,17,10,3,759225
