263470,1,9,5,17,6,2,0,4,2,15,2,2,0,4,2,12,5,2,0,6,3,15,7,3,1,4,2,17,1,2,891712
169575,1,4,2,15,2,2,1,6,3,17,8,3,0,11,6,12,2,2,0,11,5,12,10,3,0,4,2,12,1,2,559704
137520,1,4,2,15,6,2,1,9,5,15,7,2,1,9,5,15,6,2,0,6,3,12,4,2,1,4,2,17,3,2,445002
188825,1,6,3,15,8,2,0,7,4,12,2,2,0,11,5,15,1,3,0,11,5,15,3,3,0,13,6,15,3,3,620353
214920,1,7,3,15,1,3,0,4,2,12,9,2,1,4,2,15,10,2,0,4,2,15,3,3,0,6,3,12,9,3,717946
238900,0,9,4,15,3,3,1,13,6,15,8,3,1,9,5,17,1,2,1,7,3,17,3,3,0,6,3,15,10,3,824716
240844,1,6,3,17,1,3,1,7,4,15,8,2,0,7,4,15,9,2,0,11,6,15,7,2,1,11,6,17,5,2,836997
205180,0,7,3,12,4,3,0,9,5,12,1,2,1,11,6,15,7,2,0,4,2,15,9,3,0,6,3,12,10,3,680356
256534,0,9,5,15,3,2,0,9,5,15,7,2,0,6,3,15,3,2,1,4,2,17,4,2,0,9,5,12,8,2,839915
286544,0,11,5,12,10,3,1,4,2,15,6,3,1,9,5,17,1,2,0,7,4,12,8,2,1,6,3,15,8,3,967126
217629,0,9,4,15,2,3,1,6,3,15,4,2,0,11,5,15,4,3,0,4,2,12,3,3,1,11,6,15,1,2,713850
104295,1,4,2,15,6,2,0,6,3,15,4,2,0,6,3,12,2,3,0,7,3,15,7,3,1,9,5,15,5,2,349910
109666,1,11,6,15,3,2,1,6,3,17,9,3,1,13,6,15,7,3,1,6,3,17,5,3,1,11,6,17,2,2,341498
278812,0,7,4,12,1,2,0,6,3,15,8,3,1,7,3,17,8,3,0,6,3,15,6,2,1,13,6,15,3,3,939198
142308,0,9,5,15,6,2,0,11,6,12,2,2,0,9,4,15,2,3,0,13,6,15,7,3,0,4,2,12,7,3,435461
286679,0,7,4,12,9,2,1,4,2,17,2,2,0,6,3,15,3,3,1,9,4,15,3,3,0,9,5,12,9,2,952696
283547,0,6,3,12,2,3,1,6,3,15,7,2,0,6,3,15,6,2,1,9,4,17,1,3,1,6,3,15,7,2,930311
134145,0,6,3,12,6,3,1,11,6,17,4,2,0,13,6,15,8,3,0,6,3,15,2,2,1,11,5,17,2,3,442600
133782,1,9,4,17,9,3,1,4,2,17,6,2,0,4,2,15,4,3,0,6,3,12,1,3,0,7,4,15,1,2,452473
270178,1,6,3,17,2,3,0,11,5,15,10,3,0,11,6,15,4,2,1,11,6,17,4,2,1,4,2,17,5,2,915021
148002,0,13,6,12,9,3,1,11,6,17,9,2,1,13,6,15,9,3,0,11,5,12,3,3,1,6,3,17,5,2,502060
248040,0,6,3,15,8,2,1,9,5,15,5,2,0,6,3,15,2,2,1,4,2,15,7,3,1,13,6,17,3,3,832541
172074,1,6,3,17,9,2,0,6,3,12,6,2,0,7,4,12,5,2,0,4,2,12,9,2,1,11,6,17,8,2,587552
129063,0,4,2,12,1,2,0,7,3,12,5,3,0,7,4,12,10,2,1,4,2,17,4,2,0,6,3,12,5,3,411593
167026,0,9,4,15,5,3,0,4,2,12,8,3,1,11,5,17,8,3,0,4,2,15,2,2,1,7,4,15,1,2,564069
174243,1,11,6,15,7,2,0,7,4,15,8,2,0,6,3,12,7,2,0,13,6,12,10,3,0,6,3,12,7,2,581736
158416,1,7,4,15,1,2,1,4,2,15,8,2,0,4,2,15,3,2,0,6,3,15,7,3,0,11,5,15,9,3,535158
187580,1,11,5,15,7,3,0,6,3,12,5,2,0,11,5,15,10,3,0,7,4,15,2,2,0,9,5,12,6,2,622458
190290,1,4,2,15,10,2,0,11,5,15,3,3,1,4,2,15,2,2,1,9,4,15,9,3,1,9,4,17,7,3,618687
253492,1,9,4,17,7,3,0,7,3,12,6,3,1,4,2,15,8,2,1,6,3,15,2,2,0,9,5,15,2,2,853023
153574,1,9,4,17,1,3,1,9,5,15,8,2,0,13,6,15,1,3,0,4,2,12,10,2,1,6,3,15,2,2,509826
142674,0,7,3,15,4,3,1,6,3,17,2,3,1,11,6,15,3,2,0,6,3,15,9,2,1,7,4,17,1,2,485900
248523,1,13,6,17,10,3,0,11,6,12,10,2,0,9,5,12,6,2,1,4,2,17,6,2,1,6,3,15,4,2,857453
176037,0,9,5,12,8,2,1,4,2,17,10,2,1,9,5,15,10,2,1,13,6,17,1,3,1,6,3,17,5,3,594386
200942,1,9,4,17,5,3,0,4,2,12,6,3,1,11,6,17,2,2,0,6,3,12,5,2,1,6,3,17,10,2,675825
122422,1,7,4,15,9,2,0,4,2,15,5,2,0,7,4,15,8,2,1,6,3,15,5,3,0,11,6,15,9,2,420945
152199,0,6,3,12,1,3,1,11,6,17,8,2,0,4,2,12,8,3,0,4,2,15,10,2,0,11,6,15,7,2,516790
230640,1,9,5,15,2,2,0,6,3,12,7,2,1,11,6,15,4,2,0,7,3,15,8,3,0,9,5,12,5,2,770516
103215,1,9,4,17,2,3,1,6,3,15,10,3,1,9,5,17,10,2,0,4,2,12,10,2,0,6,3,12,7,2,349879
121073,1,7,3,17,5,3,1,9,4,15,1,3,1,6,3,15,2,3,0,4,2,12,7,3,0,9,5,12,8,2,403886
160193,0,6,3,12,4,3,0,4,2,15,8,2,0,7,4,15,7,2,1,6,3,15,6,2,1,4,2,15,9,3,552215
162095,1,7,3,17,9,3,0,6,3,15,9,3,1,6,3,17,1,2,0,9,4,15,9,3,0,6,3,15,8,2,554276
211858,0,4,2,12,1,3,1,11,5,15,9,3,1,7,4,15,4,2,1,13,6,15,4,3,0,4,2,15,7,2,703608
130948,1,4,2,15,6,3,1,6,3,17,9,2,0,11,6,15,10,2,1,9,4,15,7,3,1,6,3,15,2,2,451211
145736,0,7,4,12,9,2,0,13,6,15,5,3,1,6,3,15,9,3,0,11,6,12,6,2,0,13,6,15,5,3,487355
234909,0,9,5,12,5,2,0,9,5,15,10,2,1,9,4,17,4,3,1,11,5,17,10,3,1,11,6,15,1,2,809924
243358,1,9,5,17,3,2,0,4,2,15,6,3,1,4,2,15,1,3,1,13,6,17,10,3,0,6,3,15,2,3,824510
177988,0,6,3,12,7,2,0,7,4,12,6,2,0,4,2,15,10,3,1,9,5,15,5,2,1,7,4,15,4,2,606847
287508,0,13,6,15,10,3,0,11,5,12,2,3,0,9,4,15,7,3,1,9,5,15,2,2,0,6,3,15,10,2,947991
283348,0,6,3,12,10,3,1,13,6,17,4,3,1,13,6,17,8,3,0,4,2,15,9,3,1,7,4,17,8,2,985144
141746,1,4,2,15,2,2,1,11,5,15,8,3,0,11,6,15,1,2,0,9,5,15,4,2,1,9,4,17,4,3,474984
176298,1,6,3,15,5,3,1,9,5,17,2,2,0,6,3,12,4,2,0,11,5,15,7,3,1,4,2,15,3,2,593647
295528,0,4,2,15,4,2,0,11,5,12,10,3,0,6,3,15,1,3,1,9,4,17,1,3,0,4,2,12,10,2,951176
111894,0,9,5,15,1,2,0,6,3,15,9,2,1,11,6,17,4,2,0,4,2,15,5,3,1,4,2,17,5,3,381645
202899,1,6,3,17,7,3,0,9,5,15,1,2,0,7,3,15,8,3,1,4,2,15,8,2,1,11,5,17,5,3,692649
138788,0,6,3,12,1,3,1,4,2,15,4,3,1,6,3,17,6,2,0,6,3,15,5,3,0,4,2,15,5,2,467122
236631,0,4,2,12,5,3,1,4,2,15,5,3,0,4,2,15,9,2,1,4,2,17,3,3,1,6,3,17,1,2,787136
185943,0,4,2,12,4,3,1,6,3,15,6,3,0,11,6,15,10,2,0,7,3,12,2,3,1,6,3,17,9,3,631416
200882,1,9,5,15,10,2,0,7,4,12,5,2,1,6,3,17,8,2,0,11,6,12,8,2,0,9,4,15,4,3,692419
215575,0,7,4,12,6,2,1,9,5,17,2,2,1,9,5,17,7,2,0,7,3,15,6,3,0,9,5,15,2,2,727619
286757,0,7,4,15,10,2,0,4,2,15,7,2,0,7,4,15,8,2,1,13,6,15,4,3,1,4,2,17,7,3,987552
131496,1,6,3,15,2,3,0,9,4,15,2,3,0,11,5,12,10,3,0,6,3,12,6,2,1,9,4,15,4,3,434109
167775,0,13,6,15,7,3,1,6,3,15,10,2,1,7,4,17,3,2,0,11,6,12,10,2,0,7,3,12,8,3,579079
293748,1,6,3,17,1,3,1,7,4,15,5,2,0,7,3,12,6,3,0,11,6,12,2,2,1,6,3,17,1,2,953960
235804,0,7,4,12,2,2,1,7,3,15,4,3,1,11,5,17,6,3,0,11,6,12,7,2,1,11,5,17,2,3,775268
287294,1,4,2,17,3,3,1,13,6,15,1,3,0,7,4,15,10,2,1,11,5,15,2,3,0,11,5,15,6,3,979702
265717,1,11,5,17,8,3,1,7,4,17,9,2,1,7,4,17,2,2,1,11,5,17,6,3,1,4,2,15,2,2,828453
292590,1,6,3,17,2,3,1,4,2,15,3,3,1,9,4,17,3,3,1,13,6,15,6,3,1,9,4,15,2,3,899727
176563,0,4,2,15,10,2,0,4,2,15,9,3,0,9,4,15,2,3,0,7,3,12,10,3,1,9,5,15,6,2,588483
177607,1,7,4,17,1,2,1,11,6,15,5,2,1,11,6,17,6,2,1,9,5,15,6,2,0,7,4,12,1,2,577576
212730,1,13,6,17,5,3,0,9,4,15,2,3,0,7,3,12,5,3,1,11,5,17,10,3,0,6,3,12,5,2,722794
191965,0,6,3,12,9,2,0,4,2,15,8,2,0,9,4,15,6,3,1,4,2,15,6,3,0,9,5,15,1,2,633765
252421,1,4,2,17,8,2,1,7,3,17,2,3,1,9,4,15,1,3,1,7,4,15,6,2,1,9,4,15,5,3,787921
284645,0,13,6,15,6,3,1,7,4,17,1,2,1,9,4,17,1,3,0,7,4,12,4,2,0,9,5,15,4,2,947195
182536,0,4,2,12,8,3,0,13,6,12,1,3,1,4,2,15,2,2,0,4,2,15,5,3,1,7,4,17,10,2,622991
220166,1,7,4,17,8,2,1,6,3,15,4,3,0,6,3,12,9,3,0,6,3,12,4,3,0,6,3,15,8,2,745789
159624,0,13,6,12,10,3,0,11,5,12,1,3,0,11,6,12,3,2,1,4,2,15,9,2,0,13,6,12,8,3,522817
153139,0,4,2,15,7,3,1,7,3,17,5,3,1,6,3,17,6,2,0,6,3,12,1,2,0,4,2,12,8,3,515325
168734,0,7,4,15,10,2,0,6,3,12,9,3,1,4,2,15,2,2,1,4,2,17,2,2,1,9,5,17,3,2,573820
213095,0,7,4,12,8,2,1,6,3,17,7,2,0,11,6,15,6,2,1,9,4,17,2,3,0,6,3,15,9,2,726158
200165,1,9,5,15,8,2,1,4,2,17,4,2,1,9,5,17,2,2,1,7,3,17,7,3,1,6,3,15,4,2,623833
223110,1,9,5,17,3,2,0,6,3,15,5,2,0,11,5,12,10,3,0,11,6,12,7,2,0,7,4,15,4,2,730400
157667,1,6,3,15,6,3,0,6,3,15,8,3,0,9,5,15,6,2,1,13,6,15,2,3,0,9,5,12,9,2,532196
187571,1,7,3,15,7,3,0,11,6,15,4,2,1,11,6,15,1,2,1,7,3,15,10,3,1,9,5,15,6,2,611734
103106,1,9,4,15,3,3,0,11,5,15,7,3,1,6,3,15,10,2,1,4,2,17,3,2,1,9,4,17,5,3,343241
233405,0,11,6,12,2,2,0,6,3,12,8,3,0,4,2,12,10,2,0,7,4,12,3,2,1,4,2,15,8,2,759495
239065,0,4,2,12,3,2,0,9,4,15,1,3,1,7,3,15,10,3,1,4,2,15,8,2,1,9,5,15,7,2,793361
144155,1,7,4,17,6,2,1,4,2,15,6,3,1,7,4,15,1,2,0,11,6,12,1,2,0,7,4,15,9,2,491395
224190,1,4,2,17,8,3,0,6,3,15,8,2,1,6,3,17,9,2,0,6,3,15,7,2,0,6,3,12,9,3,765822
113799,0,6,3,15,10,3,0,13,6,15,6,3,1,9,4,17,4,3,1,6,3,17,7,2,0,11,6,12,3,2,391670
148119,0,7,3,12,6,3,0,6,3,15,10,3,0,7,4,15,6,2,0,6,3,12,7,2,0,6,3,12,8,2,452358
224679,1,9,4,17,2,3,1,13,6,15,6,3,1,13,6,17,1,3,0,9,4,15,7,3,1,11,5,15,2,3,744119
290212,1,11,6,17,6,2,1,13,6,17,1,3,0,11,5,12,10,3,0,6,3,12,6,2,0,11,6,15,3,2,982966
166741,1,7,3,15,7,3,0,9,4,12,1,3,0,6,3,12,7,3,0,6,3,12,8,2,1,4,2,17,6,3,549875
268388,0,6,3,15,2,3,1,6,3,17,3,3,1,4,2,15,5,3,0,11,6,15,5,2,1,11,5,17,1,3,896059
219008,1,7,4,15,6,2,1,9,5,17,1,2,0,4,2,15,2,3,0,11,5,12,3,3,1,4,2,17,10,2,735597
148977,1,13,6,17,10,3,0,9,5,12,3,2,0,7,4,15,1,2,1,11,6,15,4,2,1,7,3,15,2,3,496788
264732,0,7,3,15,6,3,1,4,2,15,3,3,1,11,5,17,7,3,1,6,3,15,2,3,1,4,2,15,9,2,881811
142721,0,7,3,12,10,3,0,4,2,12,9,2,1,11,6,17,10,2,0,6,3,15,10,2,1,9,5,17,8,2,499797
237090,0,6,3,15,4,2,0,7,4,15,9,2,0,4,2,12,1,2,1,7,3,15,10,3,1,11,6,17,6,2,817007
150172,1,4,2,15,2,2,0,11,5,12,2,3,1,7,3,15,3,3,0,6,3,12,3,3,0,6,3,15,3,2,480441
101231,1,6,3,17,2,2,0,9,5,15,7,2,1,4,2,15,9,2,1,9,5,17,6,2,1,7,4,17,10,2,345279
247446,0,4,2,15,4,2,0,11,6,12,1,2,0,11,5,15,8,3,1,6,3,17,10,3,1,13,6,15,10,3,849955
283834,0,13,6,15,1,3,0,9,4,15,2,3,0,6,3,15,6,2,1,11,5,15,9,3,1,11,6,17,10,2,970006
272077,0,7,3,15,3,3,1,11,6,17,5,2,0,7,3,12,10,3,0,7,4,15,6,2,1,9,5,17,10,2,930602
191661,0,7,4,15,4,2,1,7,3,17,6,3,1,6,3,17,3,3,0,4,2,12,6,3,0,13,6,12,8,3,649119
280010,0,6,3,12,4,2,0,11,5,12,7,3,0,11,5,12,6,3,0,4,2,12,7,3,1,11,5,15,8,3,911715
245333,0,9,5,12,2,2,0,4,2,12,8,3,0,9,4,15,2,3,1,4,2,17,10,2,1,7,3,17,7,3,832890
232999,0,4,2,12,6,2,1,13,6,15,7,3,1,9,4,15,3,3,0,6,3,12,3,3,1,4,2,15,10,3,773354
286851,0,4,2,12,10,2,0,7,4,15,3,2,1,9,5,17,2,2,1,13,6,15,3,3,1,11,6,15,10,2,979665
297562,1,4,2,17,6,2,0,9,5,12,8,2,0,11,5,12,7,3,1,6,3,17,7,3,1,7,3,15,6,3,1008236
186734,0,11,5,15,5,3,1,9,4,15,2,3,0,7,4,12,7,2,1,4,2,17,3,2,1,6,3,15,3,3,621128
146558,1,7,4,15,8,2,0,9,5,12,7,2,0,6,3,15,10,3,1,9,4,15,6,3,1,6,3,17,9,3,511105
123479,1,7,3,17,1,3,0,11,6,12,7,2,0,4,2,12,5,2,1,7,4,15,4,2,0,7,4,12,1,2,398450
244652,0,11,5,12,10,3,1,4,2,15,2,2,1,4,2,15,6,3,1,7,3,17,1,3,1,7,4,15,6,2,804559
146788,1,9,4,15,8,3,0,11,5,12,1,3,1,7,3,17,3,3,1,6,3,17,10,3,0,11,5,15,2,3,487738
134796,1,7,4,15,1,2,0,9,5,12,3,2,0,7,4,12,2,2,0,6,3,12,9,2,0,11,5,15,9,3,432151
187805,1,9,5,15,1,2,1,9,4,17,5,3,1,7,3,17,8,3,1,11,5,15,8,3,1,13,6,15,10,3,585985
182610,0,6,3,15,7,2,0,7,3,15,9,3,0,11,5,12,7,3,1,6,3,15,5,2,0,9,5,12,3,2,597550
287723,0,11,5,15,6,3,0,7,4,12,1,2,1,11,6,15,4,2,1,4,2,17,5,3,1,6,3,15,10,2,977303
215138,0,11,6,15,7,2,0,4,2,12,7,2,1,9,5,17,2,2,1,7,4,15,9,2,1,4,2,15,8,3,736508
254748,0,7,4,12,9,2,0,4,2,15,7,2,1,9,4,15,1,3,0,6,3,15,7,3,0,7,4,12,2,2,822317
261084,1,6,3,17,4,3,0,13,6,15,8,3,0,11,6,12,8,2,1,6,3,15,5,2,0,4,2,15,9,3,880459
279367,0,6,3,12,2,2,0,7,4,15,6,2,0,9,4,12,9,3,0,7,4,15,8,2,0,11,5,15,1,3,855819
244719,1,4,2,15,4,3,1,7,3,15,8,3,1,9,4,17,10,3,0,13,6,12,7,3,0,11,6,12,8,2,838008
114576,1,11,6,17,2,2,1,13,6,17,3,3,1,6,3,15,4,3,0,7,3,12,10,3,1,11,6,15,8,2,380313
102016,1,4,2,17,6,3,0,11,5,12,4,3,1,11,6,17,5,2,1,11,5,15,10,3,1,11,6,17,6,2,329657
139561,0,9,5,12,4,2,0,4,2,15,6,3,1,6,3,17,8,3,0,6,3,15,7,2,1,4,2,17,5,3,483951
206307,0,4,2,12,1,2,1,11,6,15,5,2,0,9,4,12,2,3,0,9,5,15,10,2,0,4,2,15,8,2,685861
236225,0,9,4,15,10,3,1,13,6,17,8,3,0,6,3,15,10,3,0,11,5,15,10,3,0,6,3,12,5,3,805961
129719,1,6,3,17,5,2,1,13,6,17,8,3,0,4,2,15,9,2,0,4,2,12,8,3,1,7,4,17,5,2,445745
194689,0,7,3,15,8,3,0,7,3,12,3,3,0,13,6,15,9,3,1,11,6,17,8,2,1,9,5,17,7,2,679696
251427,1,9,4,15,4,3,1,7,4,15,3,2,1,9,5,15,7,2,0,9,4,12,8,3,1,7,4,15,7,2,823434
206909,0,9,4,12,2,3,1,6,3,17,2,3,0,4,2,15,7,3,1,9,5,15,9,2,0,13,6,12,7,3,704608
151688,0,9,4,15,5,3,0,6,3,12,6,2,1,11,6,15,8,2,0,11,6,12,9,2,1,9,4,17,6,3,518129
155195,0,11,6,12,7,2,0,4,2,15,9,3,1,11,6,15,6,2,1,6,3,17,6,2,1,7,3,15,1,3,529036
257967,0,6,3,12,3,3,1,11,6,17,6,2,0,7,3,15,10,3,0,9,5,15,8,2,0,4,2,12,10,3,879029
128118,1,9,5,15,10,2,0,9,5,12,10,2,0,7,4,12,4,2,1,9,4,15,5,3,1,6,3,15,10,3,430847
101462,1,11,5,15,3,3,1,7,4,17,5,2,1,4,2,15,5,3,1,6,3,15,8,2,0,13,6,15,3,3,336937
172845,1,7,4,15,9,2,1,4,2,15,8,2,1,7,4,17,9,2,0,11,5,15,2,3,1,6,3,17,9,2,569587
234299,0,11,5,12,10,3,0,11,6,12,3,2,1,6,3,17,6,3,1,6,3,17,5,3,1,7,4,17,6,2,786113
228989,1,4,2,17,6,3,1,6,3,17,10,2,0,6,3,12,2,3,1,9,5,17,3,2,0,13,6,15,6,3,779430
170158,1,11,6,15,7,2,0,7,4,12,4,2,0,4,2,12,4,2,0,6,3,15,10,3,1,7,3,15,4,3,575368
129948,0,6,3,12,10,3,1,11,6,15,1,2,0,11,5,15,9,3,1,9,5,15,9,2,0,9,4,15,1,3,442705
274609,1,11,6,15,1,2,1,13,6,15,8,3,1,11,5,17,1,3,0,4,2,12,1,3,0,6,3,12,1,3,893397
297929,1,7,3,17,3,3,0,4,2,12,8,3,1,4,2,17,9,3,1,6,3,15,3,3,1,7,4,15,2,2,989579
228897,0,9,4,12,1,3,1,9,5,17,4,2,0,9,4,15,1,3,1,6,3,15,8,3,0,7,3,15,9,3,771613
259917,1,9,4,15,4,3,0,9,5,12,9,2,0,9,5,15,9,2,0,7,3,12,7,3,0,13,6,12,8,3,840415
244728,1,4,2,17,4,2,0,11,6,15,2,2,0,9,5,12,3,2,1,11,6,17,4,2,0,9,4,12,9,3,817801
287517,1,13,6,17,10,3,0,9,5,15,3,2,0,9,5,15,7,2,1,11,6,17,6,2,0,4,2,12,3,2,992426
141924,1,4,2,15,6,2,1,9,5,17,1,2,1,7,4,15,6,2,0,11,6,15,10,2,0,9,4,12,10,3,489231
292260,0,9,5,15,1,2,1,9,4,17,1,3,0,13,6,12,2,3,1,7,4,17,5,2,1,9,5,15,8,2,974626
135279,0,9,4,12,3,3,0,7,3,12,4,3,0,4,2,12,4,2,1,11,5,17,1,3,1,7,4,17,2,2,441317
244505,1,7,4,17,3,2,0,11,5,12,6,3,0,7,3,15,5,3,1,7,4,17,5,2,0,13,6,12,5,3,820042
282872,1,7,4,17,6,2,0,13,6,12,10,3,0,13,6,12,6,3,1,6,3,15,1,3,0,7,3,15,5,3,959344
277485,1,11,5,15,2,3,0,11,5,12,10,3,1,6,3,15,7,2,1,6,3,15,2,2,1,7,4,17,6,2,920642
266308,0,11,5,12,9,3,1,11,6,17,6,2,1,7,3,15,7,3,1,13,6,17,2,3,0,13,6,15,3,3,901073
240832,0,4,2,15,9,2,0,9,4,15,10,3,0,13,6,12,8,3,1,4,2,15,9,3,1,9,5,15,8,2,837438
142119,0,11,6,12,5,2,1,4,2,15,3,2,1,11,6,17,4,2,0,7,3,12,8,3,1,7,4,15,8,2,476476
237629,1,13,6,17,10,3,1,11,6,15,6,2,0,9,4,12,1,3,0,9,4,15,7,3,0,4,2,15,3,2,812621
121702,1,9,4,17,9,3,1,7,3,17,4,3,0,6,3,15,6,3,1,13,6,15,9,3,1,9,4,17,1,3,406622
196585,1,7,3,15,3,3,1,4,2,15,4,2,1,11,5,15,7,3,1,9,5,15,7,2,0,6,3,15,3,3,642259
134414,1,9,4,17,4,3,0,6,3,12,4,2,1,4,2,15,4,2,0,7,4,15,3,2,0,13,6,15,8,3,450436
165283,0,4,2,12,8,2,1,4,2,17,3,3,1,4,2,17,7,2,0,9,4,12,2,3,0,9,4,15,10,3,553034
256431,0,9,5,12,10,2,1,7,3,17,7,3,1,6,3,17,4,2,0,6,3,12,3,3,0,7,3,15,7,3,874579
221509,0,11,5,12,4,3,1,9,5,15,10,2,0,9,5,15,8,2,1,4,2,15,9,2,1,9,4,17,10,3,762871
162302,1,9,4,15,9,3,1,4,2,17,2,2,0,7,4,15,4,2,1,6,3,15,9,3,1,9,4,15,6,3,541280
297727,0,9,4,15,1,3,0,7,3,15,10,3,1,7,4,15,3,2,1,6,3,17,1,3,0,7,4,12,5,2,982930
178119,1,7,4,15,7,2,0,4,2,12,4,2,0,4,2,15,8,2,0,7,3,12,9,3,1,11,6,17,7,2,614434
281982,1,4,2,15,4,3,1,9,4,15,10,3,0,7,4,12,5,2,1,7,4,17,2,2,1,11,6,15,8,2,935923
200753,1,4,2,17,7,3,1,6,3,17,7,3,1,9,4,15,6,3,1,9,5,15,3,2,1,7,3,17,4,3,627389
221902,1,11,6,17,10,2,1,11,6,17,4,2,0,6,3,15,10,3,1,7,3,15,9,3,1,7,3,17,5,3,764562
115989,0,4,2,15,4,3,1,6,3,17,4,2,0,6,3,15,7,2,0,13,6,12,6,3,1,11,6,15,1,2,386505
162116,1,6,3,17,1,2,1,9,5,15,8,2,0,7,4,15,9,2,0,9,4,15,7,3,1,11,6,15,6,2,559125
223546,1,11,6,17,5,2,1,9,5,17,10,2,0,4,2,15,8,2,0,6,3,15,2,3,0,4,2,12,10,3,768722
202052,0,6,3,15,9,2,1,6,3,15,6,2,1,7,4,17,4,2,1,4,2,15,1,3,0,4,2,12,4,3,683435
272193,1,11,6,17,7,2,1,7,4,15,7,2,0,7,4,12,9,2,0,9,4,12,7,3,0,6,3,12,5,3,932757
167435,0,11,6,15,3,2,1,4,2,17,5,2,1,9,5,17,10,2,1,9,4,17,6,3,1,9,5,17,6,2,554972
245173,0,9,4,12,1,3,1,13,6,15,7,3,1,11,6,17,7,2,0,9,4,15,3,3,1,7,4,17,5,2,812779
126234,0,9,4,15,10,3,0,11,6,12,1,2,0,6,3,12,5,3,0,9,4,15,1,3,0,13,6,12,3,3,384524
135298,0,6,3,12,3,2,1,9,4,15,9,3,0,9,5,12,10,2,0,7,4,12,7,2,1,13,6,17,3,3,452072
108340,0,7,4,12,8,2,1,6,3,15,9,2,0,7,3,12,8,3,0,7,4,12,2,2,1,9,5,17,2,2,359118
183251,0,6,3,15,10,2,1,4,2,15,6,2,1,6,3,15,5,3,1,7,3,17,3,3,1,4,2,17,6,2,623298
137474,0,6,3,15,2,3,0,4,2,15,5,3,0,4,2,15,6,3,1,6,3,15,2,3,0,7,4,15,8,2,445860
120479,0,9,4,15,4,3,0,6,3,12,2,3,1,7,3,17,1,3,0,9,5,12,1,2,0,7,4,12,1,2,378925
108998,0,6,3,12,1,2,1,11,6,17,4,2,1,13,6,15,1,3,0,7,3,12,7,3,1,7,4,17,5,2,365222
147384,1,11,5,17,6,3,0,9,5,15,9,2,1,7,4,17,4,2,0,11,5,12,5,3,0,9,5,15,9,2,501989
140923,0,4,2,15,10,2,0,9,5,12,5,2,0,11,6,12,8,2,1,9,4,17,2,3,0,11,6,15,10,2,460524
166146,0,7,3,15,2,3,0,6,3,15,7,2,0,4,2,15,5,3,1,11,5,15,7,3,1,4,2,17,8,3,569064
212281,1,13,6,17,5,3,0,9,4,15,2,3,1,9,5,15,2,2,0,13,6,15,2,3,1,7,3,15,1,3,704382
246067,1,11,6,15,7,2,0,7,4,15,4,2,0,9,5,15,5,2,1,9,4,17,9,3,0,7,3,12,10,3,848621
196069,0,11,6,12,7,2,1,4,2,15,5,2,0,11,5,12,6,3,0,7,3,12,4,3,1,11,6,15,9,2,652017
192905,1,4,2,15,2,2,0,7,4,15,2,2,0,11,6,15,9,2,0,6,3,12,3,2,1,9,5,17,5,2,650601
201558,1,6,3,15,6,2,1,11,5,17,9,3,1,4,2,15,4,3,0,11,5,12,6,3,1,9,4,17,10,3,664379
214286,1,7,4,17,5,2,0,11,5,15,2,3,0,6,3,15,7,2,1,6,3,17,6,2,1,4,2,17,8,2,734693
213113,1,6,3,15,9,3,0,6,3,15,3,2,1,9,5,15,9,2,0,7,4,15,3,2,0,13,6,12,9,3,727243
107097,1,13,6,15,5,3,1,6,3,17,10,2,1,13,6,17,5,3,0,7,3,12,7,3,1,4,2,15,4,2,351477
293971,0,7,4,12,6,2,0,7,4,15,6,2,0,13,6,12,7,3,1,13,6,17,5,3,1,9,5,15,5,2,995804
114404,0,9,5,15,3,2,1,7,3,15,5,3,0,11,6,12,1,2,1,11,6,17,8,2,1,7,4,17,9,2,386446
244569,0,6,3,15,7,2,1,7,4,17,1,2,1,6,3,17,8,2,1,4,2,17,1,2,1,6,3,17,10,2,817554
252876,1,9,5,17,1,2,0,7,4,15,3,2,0,13,6,15,8,3,1,6,3,17,7,3,0,9,4,12,3,3,860574
262139,0,7,3,15,3,3,1,4,2,17,6,3,0,11,6,12,5,2,1,9,5,15,7,2,0,11,6,12,6,2,883740
249370,1,7,4,15,9,2,0,6,3,12,2,3,1,11,6,17,3,2,0,7,4,12,8,2,0,11,5,15,6,3,847242
120888,1,7,3,15,1,3,0,7,3,15,5,3,1,11,6,17,4,2,0,11,5,15,10,3,1,6,3,17,7,3,418682
280172,1,9,4,17,3,3,1,9,5,15,4,2,1,6,3,15,9,2,0,9,5,15,5,2,0,4,2,15,4,2,943229
232395,0,4,2,15,7,3,1,13,6,15,9,3,1,7,3,17,10,3,0,11,5,12,1,3,0,6,3,12,9,3,802841
165805,0,11,6,12,2,2,1,13,6,15,5,3,0,4,2,12,1,3,0,13,6,12,1,3,0,11,6,12,9,2,532144
222933,0,6,3,15,3,2,0,4,2,15,1,3,1,4,2,17,7,2,0,7,4,15,9,2,0,4,2,12,9,2,745785
225558,0,11,5,15,8,3,0,9,4,15,10,3,1,7,3,17,1,3,1,4,2,17,4,3,1,11,5,15,2,3,764103
202501,1,6,3,15,9,3,1,4,2,17,2,2,1,4,2,15,8,2,0,4,2,15,9,3,0,6,3,15,10,2,696601
128324,0,11,5,12,7,3,0,6,3,12,10,2,1,7,3,17,8,3,1,7,3,15,9,3,1,11,6,17,8,2,434931
244100,1,4,2,17,4,3,0,11,6,15,5,2,0,7,3,15,4,3,1,9,4,17,10,3,0,13,6,15,6,3,842850
216997,1,6,3,17,7,2,1,11,6,15,3,2,0,13,6,12,5,3,1,7,4,17,1,2,1,9,5,15,1,2,705325
117532,1,13,6,17,10,3,1,6,3,17,3,2,0,4,2,12,7,2,1,11,5,15,8,3,0,7,4,15,6,2,407758
175910,0,4,2,12,10,2,0,6,3,15,7,2,1,6,3,17,9,3,1,6,3,17,6,2,1,11,5,15,6,3,600922
115966,1,6,3,17,5,2,0,11,6,12,2,2,1,4,2,15,9,2,0,4,2,12,1,3,1,11,5,17,7,3,384322
208912,0,13,6,12,5,3,1,9,4,17,6,3,0,7,3,15,5,3,1,11,6,15,9,2,1,7,4,17,4,2,711217
197439,1,4,2,17,10,3,1,7,4,17,3,2,1,11,5,17,6,3,0,4,2,12,6,2,0,9,5,12,5,2,671420
205651,1,7,4,15,4,2,0,7,3,12,5,3,0,7,4,12,1,2,1,6,3,15,2,3,0,11,6,15,7,2,683154
279088,0,4,2,15,6,3,1,7,3,17,9,3,0,6,3,15,7,2,1,4,2,17,1,2,1,6,3,17,4,2,958764
206357,0,7,3,12,5,3,0,6,3,15,7,2,0,4,2,12,10,3,0,11,5,12,10,3,0,4,2,12,3,2,627344
240829,1,11,5,15,4,3,1,11,6,15,6,2,1,7,3,17,9,3,1,7,3,15,4,3,1,13,6,17,2,3,745813
162514,1,4,2,17,3,2,1,7,3,15,1,3,0,7,4,15,1,2,1,6,3,15,6,2,0,11,6,12,4,2,538077
278403,0,6,3,12,6,3,1,9,5,15,4,2,0,9,5,12,9,2,0,4,2,15,6,2,0,11,6,15,10,2,932842
186946,1,13,6,15,5,3,1,7,4,17,5,2,0,4,2,15,10,2,1,4,2,17,3,3,1,11,6,17,2,2,635715
202806,0,6,3,12,6,2,1,11,6,15,6,2,1,9,5,15,8,2,1,4,2,15,9,2,0,7,3,15,7,3,684642
210212,0,6,3,12,6,3,0,9,5,12,4,2,1,6,3,17,6,2,0,4,2,12,1,2,1,11,6,15,9,2,706829
280251,1,9,4,17,3,3,1,4,2,17,6,3,0,7,3,15,7,3,1,6,3,17,1,2,1,11,5,15,9,3,933158
283908,1,6,3,17,9,3,1,9,4,15,8,3,0,4,2,12,1,2,0,6,3,12,9,2,0,11,6,15,8,2,984916
199204,1,11,5,15,9,3,1,7,4,17,1,2,1,9,5,17,9,2,0,9,5,15,1,2,0,4,2,12,3,2,674023
261881,0,4,2,15,1,3,0,11,5,12,7,3,1,11,6,17,10,2,0,9,4,12,6,3,0,7,4,15,5,2,899548
132132,1,9,4,15,6,3,0,9,5,15,5,2,0,4,2,12,1,2,1,11,6,17,3,2,1,9,4,17,3,3,439215
120122,1,11,6,15,5,2,1,9,5,17,6,2,0,4,2,12,1,3,0,13,6,15,5,3,1,9,4,17,6,3,401395
160325,0,4,2,15,1,3,0,7,4,15,6,2,0,9,4,12,5,3,1,6,3,17,4,2,0,13,6,12,3,3,531433
268326,0,11,5,15,8,3,0,4,2,15,9,2,0,11,5,12,1,3,1,11,5,15,6,3,1,9,4,17,4,3,906505
113242,0,7,4,12,9,2,1,11,5,17,5,3,1,9,4,15,2,3,1,7,4,17,9,2,1,7,4,15,7,2,383530
228914,1,6,3,17,2,3,0,9,5,15,6,2,1,4,2,17,10,3,1,6,3,15,1,3,1,9,4,15,9,3,780698
158277,1,9,5,17,10,2,1,6,3,17,6,3,1,6,3,17,10,2,1,7,3,15,5,3,0,7,4,12,6,2,529748
138456,1,13,6,17,10,3,1,9,4,15,10,3,0,11,5,12,6,3,1,4,2,17,1,2,0,13,6,15,3,3,474394
182355,1,6,3,17,7,3,1,11,5,17,4,3,1,7,3,15,5,3,1,11,6,15,1,2,1,7,3,17,9,3,566847
204018,0,4,2,15,10,2,0,4,2,15,3,2,0,11,5,15,10,3,0,9,4,15,7,3,0,13,6,12,3,3,627217
147332,1,4,2,15,5,3,1,4,2,15,3,3,0,7,3,15,8,3,1,6,3,17,9,3,0,7,4,12,9,2,500979
192881,1,13,6,17,8,3,1,7,4,17,2,2,0,11,6,12,8,2,1,13,6,15,10,3,0,9,5,12,2,2,649922
121417,1,11,5,15,2,3,0,6,3,12,5,2,1,11,6,15,6,2,0,11,6,12,3,2,1,9,5,17,2,2,398683
154015,0,7,4,15,10,2,1,9,4,15,5,3,1,13,6,17,5,3,1,9,5,15,5,2,1,11,5,15,7,3,531155
214729,1,7,4,17,6,2,1,9,4,17,5,3,1,13,6,15,4,3,1,7,3,15,2,3,0,4,2,12,4,2,697703
288770,1,4,2,17,1,2,1,13,6,17,6,3,0,11,6,12,7,2,0,4,2,12,7,2,1,9,4,17,2,3,971266
105020,0,6,3,12,9,2,1,6,3,15,3,2,1,9,4,15,4,3,0,9,4,12,5,3,0,13,6,12,2,3,342573
152159,1,6,3,17,4,3,1,13,6,15,8,3,0,4,2,12,8,3,0,7,4,15,1,2,0,11,6,15,2,2,512536
155710,0,7,4,12,5,2,1,6,3,17,5,2,0,11,5,12,1,3,1,4,2,15,8,2,1,7,3,15,1,3,514033
107314,0,4,2,15,1,2,1,13,6,17,5,3,0,9,4,15,2,3,0,6,3,15,5,3,1,4,2,15,8,3,364568
232828,0,9,5,15,3,2,0,9,5,12,5,2,0,11,6,12,3,2,0,11,5,12,7,3,0,9,5,15,3,2,701301
172804,0,7,3,15,9,3,0,7,4,15,8,2,0,7,4,15,6,2,1,9,5,15,6,2,1,9,4,17,9,3,577763
255625,0,4,2,12,4,3,1,7,4,15,8,2,1,9,4,17,7,3,1,9,4,17,6,3,0,11,6,12,10,2,863150
215647,1,11,6,17,3,2,1,13,6,15,10,3,0,9,4,15,10,3,0,7,3,12,7,3,0,6,3,15,8,3,753922
238236,0,9,5,15,4,2,0,6,3,15,1,3,1,4,2,17,8,3,1,13,6,17,7,3,0,6,3,12,5,3,816061
188603,0,13,6,15,5,3,0,4,2,12,9,3,0,6,3,15,4,3,0,7,4,15,7,2,1,7,4,15,8,2,645115
211491,1,6,3,15,1,2,0,6,3,12,1,3,0,9,5,15,7,2,0,6,3,12,4,3,0,4,2,12,1,3,673914
206584,0,9,4,15,3,3,1,9,5,17,8,2,1,6,3,15,2,2,0,6,3,12,2,2,1,11,6,17,2,2,697211
144227,0,13,6,12,5,3,1,4,2,15,7,3,0,4,2,15,10,3,0,9,4,12,10,3,0,11,6,12,8,2,480652
151401,0,7,4,15,2,2,0,6,3,15,4,2,0,6,3,15,3,2,0,7,4,15,2,2,0,6,3,15,2,2,455521
185212,0,7,4,15,7,2,0,7,4,15,2,2,0,13,6,12,1,3,0,13,6,15,9,3,1,4,2,15,3,2,603944
153351,0,7,4,12,1,2,0,9,4,15,4,3,1,6,3,17,4,2,1,6,3,15,7,2,0,4,2,15,9,2,509396
233568,1,11,6,15,7,2,1,11,5,15,7,3,1,7,4,15,1,2,1,4,2,17,4,3,0,11,5,15,3,3,756239
109796,1,4,2,17,7,2,0,6,3,12,5,2,0,9,5,15,4,2,0,9,5,15,8,2,0,9,4,15,3,3,362992
145586,0,9,5,15,9,2,0,4,2,15,6,2,1,11,6,15,10,2,1,11,5,15,6,3,0,13,6,15,7,3,500138
294406,0,11,5,12,9,3,1,11,6,17,8,2,0,11,6,12,1,2,1,11,6,15,10,2,1,4,2,15,5,3,978262
149076,1,7,4,15,6,2,1,4,2,17,5,2,1,9,4,17,5,3,1,7,3,15,8,3,1,11,6,15,7,2,464666
114863,1,9,5,15,2,2,0,6,3,15,4,2,1,11,6,15,8,2,0,7,3,15,6,3,0,7,4,12,4,2,384611
253502,1,11,5,17,10,3,0,6,3,12,1,3,1,9,4,15,6,3,0,11,6,15,6,2,0,6,3,12,8,2,867478
121843,1,6,3,15,7,3,0,4,2,12,1,3,0,7,4,12,3,2,0,6,3,12,5,2,0,9,5,12,10,2,398225
147292,0,7,4,15,1,2,1,6,3,15,8,3,0,13,6,12,5,3,1,7,4,15,5,2,1,11,6,17,10,2,498479
213952,1,9,5,15,5,2,1,6,3,17,7,2,0,7,4,12,9,2,0,9,5,12,7,2,1,6,3,15,4,2,720390
190117,1,13,6,15,8,3,0,9,4,12,9,3,1,9,5,15,2,2,1,7,3,17,4,3,1,11,6,15,10,2,635622
250422,1,11,5,17,9,3,1,11,6,15,1,2,1,4,2,15,7,3,0,9,4,15,3,3,1,4,2,17,9,3,830659
172481,0,4,2,12,4,2,1,6,3,15,2,3,0,9,5,12,3,2,1,11,6,17,9,2,1,11,5,17,5,3,573080
281055,0,4,2,15,10,2,1,11,5,15,4,3,0,6,3,12,7,2,0,7,3,12,4,3,0,6,3,12,9,2,918406
260237,0,9,4,12,6,3,1,9,5,15,7,2,1,11,5,15,2,3,1,11,5,15,8,3,1,4,2,15,2,2,839457
226064,0,11,6,15,9,2,1,4,2,15,4,3,1,11,6,17,2,2,0,9,5,15,5,2,1,11,6,15,6,2,773324
150718,1,6,3,15,7,2,0,9,5,12,6,2,0,9,5,15,1,2,0,4,2,12,3,2,1,4,2,17,9,2,509993
186797,0,4,2,15,8,3,0,9,4,12,6,3,1,11,6,15,5,2,1,9,4,15,8,3,0,4,2,15,8,3,632600
153493,0,7,4,12,4,2,0,7,3,12,5,3,1,9,5,15,9,2,1,4,2,17,4,3,1,6,3,17,5,3,507771
269836,0,9,5,15,3,2,0,11,6,12,6,2,1,7,3,15,8,3,1,11,5,17,7,3,1,6,3,15,5,2,916582
207304,0,13,6,12,9,3,0,13,6,12,1,3,1,6,3,17,10,2,1,7,4,15,7,2,0,4,2,15,2,3,705982
178992,1,7,3,15,1,3,0,6,3,15,9,2,1,6,3,15,10,3,0,11,6,12,2,2,0,4,2,12,5,2,604785
186954,1,7,3,15,5,3,1,13,6,15,7,3,0,6,3,15,8,2,1,13,6,17,2,3,1,9,5,15,4,2,624991
163294,1,7,4,15,6,2,0,7,4,15,3,2,1,9,4,15,9,3,1,4,2,15,8,3,1,11,6,17,8,2,545706
155394,0,6,3,12,7,2,0,9,5,15,10,2,0,11,6,12,1,2,1,7,3,15,7,3,1,6,3,15,1,2,522572
291436,1,7,4,15,2,2,1,11,6,17,7,2,1,4,2,17,10,2,1,11,6,15,6,2,1,11,6,15,4,2,906457
196013,1,4,2,15,5,2,1,9,4,17,5,3,0,4,2,15,8,3,1,7,3,15,4,3,0,11,5,12,3,3,664902
219298,0,11,6,15,9,2,0,6,3,15,6,2,1,7,4,17,9,2,1,11,6,17,5,2,0,6,3,15,5,2,765057
179007,1,4,2,17,3,2,1,9,5,17,9,2,0,6,3,15,7,2,1,13,6,15,6,3,0,7,3,12,9,3,614268
293918,1,13,6,15,1,3,0,7,3,12,10,3,1,7,4,15,7,2,0,9,4,12,1,3,0,4,2,12,7,2,975185
271444,0,7,4,12,10,2,0,7,4,15,5,2,1,4,2,15,6,3,1,4,2,15,1,2,1,6,3,15,6,2,914094
176123,1,4,2,17,6,3,1,4,2,17,6,3,0,9,5,15,4,2,0,7,3,12,4,3,0,7,3,12,3,3,580813
101731,1,7,4,17,9,2,0,9,5,12,9,2,0,9,5,12,1,2,0,7,3,15,7,3,1,7,4,17,4,2,347328
191456,1,6,3,15,3,3,0,7,3,12,3,3,0,11,6,12,1,2,1,6,3,17,1,3,1,4,2,15,7,2,621572
231499,1,13,6,15,10,3,1,4,2,17,8,2,1,13,6,15,10,3,1,6,3,17,10,3,1,4,2,15,10,2,722513
197694,0,9,5,12,5,2,1,9,4,17,5,3,1,4,2,15,4,3,1,4,2,15,8,3,1,11,5,15,8,3,653121
201583,0,7,4,12,5,2,0,11,6,15,2,2,0,6,3,15,6,3,1,7,4,15,4,2,1,11,5,15,5,3,679275
158840,1,4,2,15,5,2,1,9,5,17,3,2,0,7,3,12,2,3,0,6,3,12,6,3,1,4,2,15,9,2,527918
214785,1,9,4,17,1,3,0,9,4,15,2,3,1,11,5,15,8,3,1,6,3,17,5,3,1,6,3,17,7,2,707448
225469,1,11,5,15,3,3,0,13,6,12,2,3,1,11,5,15,4,3,0,6,3,12,8,2,1,7,3,15,3,3,729903
213149,1,7,4,15,5,2,1,6,3,15,2,3,0,6,3,15,9,2,1,9,4,15,7,3,0,7,4,15,5,2,727771
267733,1,4,2,15,3,2,0,11,6,15,7,2,1,11,5,15,3,3,1,6,3,15,2,2,0,11,5,12,8,3,881879
217404,0,6,3,15,7,2,0,4,2,12,6,2,0,4,2,15,2,2,1,7,3,15,2,3,0,6,3,15,8,2,696980
296190,0,11,6,15,4,2,1,9,4,17,2,3,0,7,3,15,2,3,1,7,4,17,1,2,0,9,4,15,3,3,978739
281070,0,11,6,15,7,2,1,11,5,17,7,3,1,11,6,15,7,2,1,9,4,15,10,3,0,11,5,15,6,3,953630
270232,1,4,2,17,7,2,1,6,3,17,8,3,1,9,5,15,1,2,0,7,4,12,8,2,1,4,2,15,10,2,907065
134813,1,6,3,17,9,3,1,6,3,15,10,2,0,7,4,12,1,2,1,9,4,17,3,3,0,7,4,12,5,2,443702
295962,1,11,5,17,5,3,1,11,5,15,5,3,1,13,6,17,1,3,0,11,6,12,5,2,0,9,5,15,7,2,996424
282816,1,6,3,15,2,2,0,9,4,15,5,3,1,9,4,15,9,3,0,7,4,15,3,2,1,6,3,17,2,3,951463
109334,1,9,5,17,1,2,0,7,4,12,5,2,0,9,5,15,4,2,0,9,5,15,5,2,0,13,6,12,1,3,357480
181301,0,11,6,15,10,2,1,6,3,15,4,2,1,11,5,15,10,3,1,7,4,15,1,2,0,7,3,12,9,3,626515
131301,1,6,3,17,1,3,1,9,4,15,1,3,0,9,4,12,8,3,1,6,3,17,3,3,0,9,4,12,8,3,419332
166914,0,6,3,12,7,3,1,7,4,17,2,2,1,9,4,15,2,3,0,7,3,15,8,3,1,7,3,15,7,3,555871
198551,1,4,2,17,7,2,0,4,2,12,10,2,0,11,6,12,9,2,0,7,4,15,5,2,1,4,2,17,6,2,668146
194753,0,6,3,15,6,3,1,9,5,17,7,2,0,6,3,15,5,2,1,7,4,17,6,2,1,11,5,17,6,3,659819
138669,1,9,4,15,7,3,1,6,3,15,3,3,1,4,2,17,6,3,0,6,3,12,7,2,1,11,5,17,2,3,458823
237636,1,7,4,17,9,2,0,9,5,15,3,2,0,6,3,12,7,2,1,4,2,17,7,3,0,13,6,12,4,3,818938
148293,0,7,3,15,10,3,1,9,5,15,1,2,1,9,4,15,5,3,1,7,3,15,7,3,1,4,2,15,4,2,496487
270551,0,11,5,15,8,3,1,9,4,17,8,3,1,6,3,15,1,3,1,6,3,15,1,3,0,11,6,15,1,2,894761
266832,0,7,4,12,7,2,0,6,3,12,7,2,0,7,4,12,6,2,0,13,6,15,2,3,1,9,4,15,5,3,864524
181556,0,6,3,12,7,2,1,11,5,17,6,3,0,4,2,15,1,3,0,6,3,12,9,3,1,11,5,17,10,3,602729
282111,1,11,5,17,3,3,0,4,2,15,8,3,0,11,5,12,3,3,1,9,4,15,10,3,1,13,6,17,8,3,974979
116642,0,4,2,15,10,3,1,9,4,17,3,3,1,6,3,17,7,3,1,13,6,15,10,3,0,9,4,15,3,3,405463
136190,0,4,2,12,8,2,0,11,5,12,8,3,1,6,3,17,7,3,0,4,2,15,5,2,0,6,3,12,3,3,452743
242550,1,6,3,15,10,2,1,6,3,15,5,3,1,7,4,17,5,2,1,13,6,17,1,3,0,4,2,12,9,2,805716
131491,1,7,4,15,6,2,1,11,6,15,5,2,1,9,4,15,4,3,1,4,2,17,5,2,1,7,4,15,9,2,408742
264294,1,4,2,17,3,2,1,11,6,15,9,2,1,7,3,17,7,3,1,6,3,17,1,2,1,11,5,17,6,3,825551
241865,0,9,4,12,1,3,1,6,3,17,8,2,1,6,3,17,2,3,1,6,3,17,8,2,0,13,6,12,6,3,787423
203397,0,6,3,15,4,2,0,7,4,12,7,2,1,11,6,15,3,2,1,7,3,17,9,3,1,9,5,17,8,2,701098
248561,1,13,6,15,10,3,0,4,2,15,3,2,1,11,6,15,9,2,0,11,6,15,10,2,1,7,4,15,4,2,869001
257860,1,6,3,17,5,2,0,7,4,15,3,2,0,4,2,12,9,3,1,13,6,17,5,3,1,6,3,15,8,3,876586
224199,0,7,3,12,9,3,0,11,5,15,3,3,0,11,6,12,8,2,1,7,3,17,5,3,0,13,6,15,7,3,739211
167306,0,4,2,12,4,3,0,6,3,12,1,3,1,6,3,17,6,2,0,4,2,12,3,2,0,13,6,15,5,3,545272
133294,1,13,6,17,2,3,1,6,3,17,8,3,1,4,2,17,3,2,0,13,6,15,6,3,0,7,4,15,5,2,462204
168169,1,9,5,15,7,2,1,6,3,15,3,2,0,7,4,12,2,2,0,6,3,12,9,3,0,6,3,12,5,2,552071
248119,0,7,4,12,1,2,1,13,6,17,3,3,1,6,3,17,8,3,1,9,5,17,6,2,0,7,4,15,8,2,852401
244558,1,11,6,15,6,2,1,9,4,17,7,3,1,9,4,15,1,3,1,4,2,17,8,3,1,4,2,15,6,3,760027
182737,1,7,3,17,7,3,1,7,4,17,9,2,1,4,2,15,6,2,0,4,2,15,7,2,1,6,3,15,7,3,617763
136507,1,9,4,15,7,3,1,7,3,15,8,3,1,4,2,17,1,3,0,6,3,15,3,3,0,4,2,15,2,3,459000
188269,0,13,6,12,5,3,0,6,3,15,9,3,0,6,3,12,5,2,1,13,6,15,2,3,0,11,5,12,3,3,605571
139736,1,9,5,17,9,2,1,4,2,17,7,2,1,4,2,15,1,3,1,4,2,17,8,2,0,6,3,15,2,3,460374
190695,1,11,6,15,5,2,1,11,5,17,3,3,0,9,4,15,2,3,0,9,5,15,2,2,1,13,6,17,10,3,634367
108771,0,9,5,12,9,2,0,7,3,15,6,3,0,6,3,12,6,3,0,7,3,12,4,3,0,13,6,15,10,3,332905
253549,0,11,5,12,7,3,1,6,3,17,8,2,1,6,3,17,4,3,0,4,2,15,6,3,1,4,2,15,3,2,854006
274319,1,11,6,15,6,2,0,9,5,15,3,2,1,11,5,17,3,3,0,9,5,12,7,2,0,9,4,15,4,3,901655
218255,0,4,2,12,2,2,1,7,3,17,2,3,0,13,6,12,7,3,1,11,5,15,4,3,0,4,2,12,7,3,714073
220182,1,11,5,17,7,3,1,9,4,15,1,3,1,7,3,15,2,3,0,4,2,12,1,3,1,6,3,17,10,2,714828
280687,0,11,6,15,2,2,0,4,2,12,8,2,1,13,6,15,5,3,0,11,5,12,4,3,1,11,6,17,5,2,936966
230138,1,7,3,15,6,3,1,7,3,17,7,3,0,4,2,12,8,3,1,11,6,17,6,2,0,7,3,12,5,3,767217
294481,1,4,2,17,10,2,1,7,4,17,4,2,1,13,6,15,1,3,1,7,3,15,8,3,1,6,3,15,5,3,918533
173455,0,13,6,12,3,3,0,11,5,15,5,3,0,7,4,12,3,2,0,7,4,15,9,2,1,6,3,17,4,2,566120
257232,0,4,2,12,2,2,0,11,6,12,2,2,0,9,4,15,8,3,0,11,5,15,2,3,0,6,3,15,7,2,786378
131738,1,4,2,15,3,2,1,11,6,15,10,2,0,9,4,15,8,3,1,6,3,17,4,2,0,4,2,12,2,2,447025
174903,1,4,2,17,6,3,0,4,2,12,9,3,0,7,3,12,2,3,0,4,2,12,6,2,1,9,4,15,9,3,584201
243870,1,6,3,15,8,2,0,7,3,15,3,3,1,6,3,15,7,2,1,13,6,17,9,3,0,4,2,12,4,3,813649
237269,0,6,3,15,6,3,1,4,2,17,5,2,0,13,6,15,9,3,1,7,4,17,2,2,1,11,6,15,1,2,819385
275444,1,4,2,17,5,2,1,4,2,17,5,3,1,11,6,15,6,2,1,4,2,17,6,2,1,7,3,17,4,3,850548
152356,1,9,4,15,10,3,0,7,3,15,3,3,1,13,6,17,5,3,1,11,6,15,2,2,0,4,2,15,4,2,511475
247724,0,4,2,15,5,3,0,4,2,12,10,2,1,7,3,17,1,3,0,4,2,15,4,2,1,6,3,15,9,2,819769
217693,1,7,4,15,2,2,1,7,4,17,3,2,0,4,2,15,2,2,1,6,3,17,10,2,1,7,4,17,2,2,706939
288821,0,9,5,12,9,2,1,6,3,17,9,3,1,13,6,17,3,3,0,13,6,12,4,3,0,9,5,12,5,2,973221
285142,0,6,3,12,9,2,1,7,4,15,10,2,1,9,5,17,9,2,0,4,2,12,1,3,1,6,3,15,6,3,964444
218990,1,7,4,15,2,2,1,11,5,17,9,3,0,7,3,15,10,3,0,9,5,12,6,2,0,4,2,12,4,2,750055
236488,1,4,2,17,3,3,0,7,3,15,3,3,1,13,6,17,4,3,1,9,4,17,2,3,1,9,5,15,10,2,780851
288217,0,9,5,15,7,2,1,4,2,17,7,2,0,4,2,12,1,2,1,7,3,17,9,3,0,6,3,12,10,2,989329
107551,0,6,3,15,3,3,0,6,3,12,2,2,1,13,6,15,7,3,0,6,3,12,9,2,1,7,4,17,1,2,353402
149157,0,6,3,15,5,2,0,7,3,12,2,3,1,4,2,17,8,3,1,7,4,15,8,2,1,11,6,17,6,2,508602
186293,0,4,2,12,9,3,0,7,4,12,3,2,1,6,3,15,2,2,0,11,6,12,10,2,0,4,2,15,4,3,595118
217348,1,9,4,17,1,3,0,6,3,15,2,2,0,13,6,12,8,3,1,7,4,15,10,2,1,11,5,17,5,3,741515
173501,0,4,2,12,10,2,0,4,2,15,4,3,0,11,5,12,10,3,1,11,5,17,2,3,1,9,5,17,7,2,592254
271720,0,9,4,15,8,3,1,6,3,15,3,2,0,9,4,15,8,3,1,7,3,17,2,3,1,4,2,15,7,2,901238
222740,1,7,4,15,10,2,1,13,6,17,4,3,1,7,3,17,4,3,1,11,6,15,6,2,1,6,3,17,4,2,695223
272646,1,7,3,15,10,3,0,4,2,15,9,3,1,7,3,15,2,3,0,11,6,15,10,2,0,4,2,12,5,3,912160
250788,1,7,4,17,4,2,0,9,4,12,10,3,1,6,3,15,10,2,0,6,3,15,4,2,0,13,6,15,3,3,860976
195322,0,9,5,15,4,2,1,4,2,17,6,3,1,13,6,17,4,3,0,11,6,15,4,2,1,7,4,15,10,2,671835
286287,1,11,6,15,6,2,0,9,5,15,6,2,0,9,5,12,4,2,0,7,3,12,4,3,1,6,3,15,2,2,957024
267780,0,9,4,12,6,3,0,9,5,12,1,2,0,11,6,12,5,2,0,7,4,12,10,2,0,9,5,15,4,2,812547
151583,0,4,2,12,5,3,1,13,6,17,8,3,0,6,3,15,8,3,1,6,3,15,1,3,1,7,4,15,5,2,520509
262679,1,7,3,15,1,3,1,4,2,17,6,2,0,7,3,12,3,3,0,4,2,15,2,3,1,13,6,15,5,3,863502
149122,1,13,6,17,4,3,0,4,2,12,7,2,0,11,6,12,7,2,1,4,2,17,3,2,0,6,3,15,9,3,504014
265899,1,11,5,17,2,3,0,4,2,15,2,3,0,11,5,15,8,3,0,9,5,12,9,2,0,6,3,12,7,2,866477
297082,1,6,3,15,6,3,0,13,6,15,2,3,1,9,4,15,1,3,1,11,6,17,10,2,1,6,3,15,8,3,977194
235254,1,11,5,15,3,3,1,6,3,15,3,3,0,6,3,15,9,3,1,11,6,17,7,2,0,9,5,12,4,2,799490
261329,0,13,6,12,3,3,1,4,2,17,3,2,1,9,5,15,5,2,1,9,4,17,8,3,1,4,2,15,5,3,845555
115823,1,11,6,17,7,2,0,4,2,15,9,3,1,6,3,15,8,2,1,9,5,15,2,2,0,6,3,15,10,3,406245
262503,0,11,5,12,2,3,1,11,5,17,9,3,1,6,3,17,9,3,1,9,4,15,6,3,0,7,3,12,9,3,885860
182668,1,4,2,17,7,2,0,7,4,12,8,2,0,7,4,15,3,2,1,6,3,15,8,2,0,6,3,15,1,2,621894
114238,1,13,6,17,9,3,0,11,6,12,8,2,1,11,6,17,1,2,0,7,3,12,8,3,0,6,3,12,5,3,389500
101947,1,4,2,15,1,2,0,9,4,15,4,3,0,4,2,12,5,2,0,4,2,12,4,2,1,6,3,15,6,3,332996
108965,0,9,5,12,1,2,0,11,5,15,4,3,0,6,3,15,5,2,1,9,4,17,1,3,0,4,2,12,9,3,349928
192466,0,6,3,12,8,2,1,4,2,17,5,3,0,11,5,15,9,3,1,13,6,15,4,3,0,4,2,12,8,2,650895
180902,1,9,5,15,5,2,0,9,4,12,1,3,0,11,6,15,1,2,0,4,2,15,8,2,1,4,2,15,9,3,612539
148346,0,4,2,15,2,2,1,4,2,15,7,2,0,6,3,15,8,2,1,7,4,15,9,2,0,9,4,12,7,3,506098
294541,1,11,5,17,2,3,1,9,5,15,7,2,0,11,5,15,5,3,1,11,6,15,9,2,1,7,3,17,3,3,982109
213066,0,13,6,12,6,3,0,4,2,12,10,3,0,4,2,15,6,3,0,9,5,12,8,2,0,9,5,15,6,2,651645
115746,1,13,6,15,4,3,0,4,2,15,7,2,0,4,2,12,7,3,0,4,2,15,9,3,0,13,6,12,3,3,373393
231973,0,13,6,12,9,3,1,9,5,17,8,2,1,9,5,17,10,2,0,11,5,15,4,3,1,9,5,17,10,2,795686
196185,1,7,4,17,9,2,1,7,4,15,8,2,1,11,5,17,5,3,0,7,3,15,7,3,1,7,4,15,2,2,651283
182957,0,11,6,12,2,2,1,11,6,15,3,2,0,6,3,15,7,3,0,4,2,12,1,2,0,4,2,12,3,2,591977
183783,0,7,3,15,2,3,0,11,6,15,7,2,0,11,6,12,6,2,0,9,5,15,9,2,1,6,3,17,1,2,598423
291522,1,13,6,15,9,3,1,7,4,17,3,2,1,6,3,17,5,2,1,11,5,17,9,3,1,6,3,15,5,2,911682
270369,0,11,5,15,5,3,0,7,4,15,4,2,1,4,2,17,10,3,1,6,3,15,3,2,0,7,4,12,1,2,919712
211422,0,11,5,12,2,3,0,7,4,12,8,2,0,6,3,12,8,3,0,4,2,12,4,3,0,7,4,15,10,2,645880
130109,0,9,4,15,4,3,1,4,2,17,9,2,1,11,6,15,3,2,1,9,4,17,6,3,1,9,4,15,6,3,430995
143235,0,7,4,12,3,2,0,4,2,15,10,2,0,6,3,12,2,3,1,7,3,17,5,3,0,7,4,15,3,2,471798
159995,1,6,3,17,6,3,1,13,6,15,5,3,0,13,6,12,1,3,1,7,4,15,9,2,1,7,4,17,7,2,520972
100550,1,4,2,17,4,2,0,11,6,15,10,2,1,9,5,17,5,2,0,11,5,12,10,3,0,9,5,15,1,2,343662
168917,0,9,5,12,4,2,1,4,2,17,9,3,0,4,2,12,3,3,0,11,6,15,4,2,1,6,3,15,7,2,577241
171652,0,11,6,12,10,2,1,9,5,15,3,2,0,4,2,12,6,2,0,4,2,15,4,2,1,4,2,15,4,2,564362
172332,0,11,5,15,4,3,0,6,3,15,10,2,0,11,6,15,2,2,0,4,2,15,2,2,1,7,4,17,2,2,568964
145884,0,11,6,12,7,2,1,7,4,17,10,2,0,9,5,12,10,2,0,11,5,12,6,3,1,6,3,15,3,2,498855
260893,1,11,6,15,1,2,0,7,4,15,3,2,1,4,2,17,8,2,1,4,2,17,10,3,1,4,2,17,8,3,856428
196453,1,6,3,15,10,2,1,4,2,15,9,2,0,13,6,15,7,3,0,6,3,15,6,2,1,9,4,15,5,3,667981
154819,1,11,6,17,8,2,1,9,5,15,9,2,1,9,4,15,4,3,1,6,3,15,4,3,1,6,3,15,5,3,482014
134791,0,4,2,12,5,3,0,7,4,15,10,2,0,9,4,15,1,3,0,4,2,12,6,2,1,7,3,17,4,3,440819
187823,1,11,6,17,10,2,0,4,2,12,4,2,0,9,5,12,9,2,1,9,4,17,7,3,0,9,5,15,6,2,650751
237071,0,9,4,12,5,3,0,9,5,12,8,2,1,6,3,15,6,3,1,11,6,15,10,2,0,11,5,15,6,3,807336
208739,1,7,3,15,8,3,1,13,6,17,7,3,0,7,4,15,2,2,0,4,2,15,2,2,0,9,4,15,3,3,711852
148224,1,7,4,15,1,2,0,4,2,12,2,3,1,6,3,15,10,3,1,7,3,17,10,3,1,4,2,17,6,2,480981
295022,1,11,6,17,6,2,1,11,5,17,4,3,0,13,6,12,3,3,1,6,3,15,10,2,0,7,4,15,6,2,1002883
138513,0,11,6,12,3,2,0,9,4,15,1,3,0,7,4,15,8,2,1,13,6,15,1,3,1,9,5,15,5,2,465259
146490,0,13,6,15,1,3,0,11,5,12,2,3,0,9,4,12,2,3,0,11,6,12,3,2,0,6,3,12,7,3,442656
231301,0,4,2,12,7,2,0,9,4,15,9,3,0,13,6,12,8,3,1,11,5,15,8,3,0,9,5,15,9,2,771468
263297,1,7,3,15,3,3,1,4,2,15,1,3,0,9,4,12,2,3,0,7,3,12,2,3,1,9,4,17,3,3,851055
143721,1,11,6,15,6,2,0,11,6,12,7,2,0,6,3,12,7,2,1,7,3,15,6,3,1,7,4,15,1,2,474469
295320,1,11,6,15,3,2,1,6,3,17,3,3,0,4,2,15,7,3,0,13,6,15,3,3,0,9,5,15,6,2,1006884
100325,0,9,5,15,7,2,1,7,3,17,2,3,0,11,5,15,10,3,1,4,2,15,9,2,0,9,5,12,6,2,342294
275849,0,7,4,12,5,2,1,4,2,17,9,2,0,6,3,15,9,2,0,11,6,12,1,2,1,9,5,15,2,2,951848
121973,0,6,3,15,10,3,0,7,4,12,4,2,0,11,5,12,8,3,1,6,3,15,1,3,0,6,3,15,10,3,391633
229129,1,11,6,15,7,2,1,13,6,15,4,3,1,9,4,15,9,3,0,9,5,15,5,2,0,11,5,15,4,3,778362
219564,1,13,6,17,3,3,1,11,6,17,9,2,1,9,5,17,3,2,1,4,2,17,10,3,0,4,2,15,6,3,746001
161311,1,11,6,17,9,2,1,4,2,15,1,2,1,11,6,17,5,2,1,4,2,17,7,3,1,6,3,17,1,3,502006
177500,0,6,3,12,8,2,1,11,6,15,2,2,0,6,3,15,7,3,0,9,5,12,9,2,0,7,4,15,3,2,576022
164971,0,6,3,15,5,2,1,11,5,17,4,3,0,7,4,12,5,2,0,11,6,12,8,2,0,6,3,15,7,3,540227
112657,0,4,2,15,9,2,1,9,4,17,1,3,0,11,5,12,2,3,1,7,3,17,3,3,1,9,5,15,8,2,382684
258999,0,11,6,12,1,2,1,7,4,17,5,2,1,11,6,17,6,2,1,11,5,15,4,3,0,11,5,12,6,3,850851
177515,1,9,4,15,4,3,0,7,3,12,8,3,1,7,4,15,1,2,1,7,3,15,8,3,0,9,5,12,1,2,575133
266253,1,4,2,17,10,2,1,11,5,15,5,3,0,4,2,12,10,2,1,11,6,17,3,2,1,4,2,15,1,2,881005
270161,1,7,4,15,1,2,1,4,2,15,6,3,1,4,2,17,7,2,0,7,4,15,6,2,1,11,5,17,6,3,906636
173857,1,7,4,17,9,2,0,11,6,15,4,2,0,7,4,15,4,2,1,4,2,17,2,2,0,13,6,12,4,3,602734
117078,1,7,4,15,1,2,0,7,4,12,8,2,0,6,3,12,6,2,0,9,5,15,8,2,0,9,4,15,9,3,379264
261482,1,11,6,17,1,2,1,9,4,17,5,3,1,9,4,17,3,3,1,9,4,17,1,3,0,7,4,12,10,2,856232
189962,1,11,5,17,8,3,0,11,5,15,2,3,0,9,4,15,5,3,1,11,6,17,9,2,1,9,5,17,5,2,646157
183033,1,9,5,15,2,2,0,9,4,12,6,3,0,4,2,15,6,2,0,4,2,15,10,2,1,13,6,15,1,3,610229
279186,0,6,3,12,7,3,1,9,5,17,9,2,1,4,2,15,9,3,1,13,6,17,6,3,0,7,4,12,1,2,946768
164731,1,7,3,15,8,3,0,7,4,15,6,2,1,7,3,17,3,3,0,6,3,15,8,3,0,7,3,15,10,3,550025
168963,0,9,5,12,6,2,1,11,5,17,6,3,0,4,2,12,7,2,1,6,3,15,5,2,1,11,5,17,6,3,561198
105726,0,9,4,12,2,3,1,4,2,15,5,3,0,6,3,15,3,2,1,6,3,17,2,2,0,9,5,15,3,2,352226
158073,0,4,2,15,5,3,0,13,6,15,5,3,1,4,2,15,1,2,0,7,4,15,4,2,0,9,5,15,5,2,511034
150158,0,13,6,15,3,3,1,4,2,17,8,3,1,11,5,17,3,3,1,4,2,17,1,3,1,4,2,15,2,3,488340
199096,0,4,2,15,7,2,0,6,3,12,5,3,0,11,6,12,2,2,0,6,3,12,3,2,0,7,4,15,1,2,605562
148366,1,6,3,15,8,2,0,7,4,15,6,2,0,4,2,15,7,2,0,6,3,15,9,2,1,6,3,15,4,2,498501
154839,0,7,3,15,1,3,1,6,3,15,8,3,0,7,3,15,10,3,0,9,4,12,7,3,1,6,3,15,4,3,512360
124116,0,9,4,15,5,3,1,4,2,17,7,2,1,11,5,17,10,3,1,4,2,15,2,2,0,13,6,12,4,3,418015
192002,1,7,3,15,5,3,0,9,4,12,2,3,0,9,4,15,6,3,0,13,6,12,2,3,0,6,3,12,10,2,613152
203294,1,13,6,15,9,3,0,4,2,15,3,2,0,9,5,15,5,2,1,7,4,17,9,2,1,4,2,17,1,3,700766
202828,1,6,3,17,9,3,0,6,3,12,2,3,0,4,2,12,6,3,1,9,5,17,7,2,0,7,4,15,5,2,699810
157151,0,6,3,12,1,2,0,11,5,12,2,3,1,4,2,17,9,3,1,6,3,17,9,2,1,9,4,15,5,3,518846
171916,0,11,5,12,5,3,0,9,5,15,10,2,0,6,3,12,1,3,1,4,2,15,4,3,0,13,6,15,4,3,565447
292536,1,9,5,17,9,2,0,4,2,15,7,3,1,6,3,15,7,2,1,6,3,17,7,3,0,7,4,15,9,2,1016338
224382,0,9,4,15,8,3,1,4,2,17,8,3,1,6,3,15,4,3,0,7,4,15,1,2,0,7,3,15,6,3,766256
141690,0,6,3,12,2,2,0,4,2,15,10,2,0,4,2,12,3,3,1,6,3,17,8,3,1,11,5,17,9,3,484138
269833,1,11,6,15,3,2,0,7,3,15,4,3,0,9,5,15,7,2,0,9,5,15,5,2,1,6,3,15,6,2,908129
277189,1,13,6,15,7,3,0,9,4,12,7,3,0,4,2,15,10,3,0,7,3,12,1,3,0,4,2,12,3,3,919631
222298,0,13,6,12,3,3,1,7,3,15,5,3,0,13,6,15,1,3,1,9,4,17,2,3,1,7,4,17,7,2,724432
162903,1,7,4,17,3,2,1,4,2,15,4,3,1,6,3,17,4,3,1,7,3,17,6,3,0,11,6,12,9,2,546522
237148,0,9,5,15,8,2,0,11,5,15,4,3,0,7,4,15,9,2,1,7,3,17,1,3,0,13,6,15,1,3,763282
211832,1,9,5,17,2,2,0,9,5,15,10,2,0,7,4,12,5,2,1,7,3,17,8,3,0,9,4,15,1,3,726247
261298,0,4,2,15,1,2,1,6,3,17,3,3,1,7,4,15,8,2,0,4,2,15,9,3,1,9,4,15,2,3,882398
182383,0,9,4,12,2,3,0,11,5,12,8,3,0,9,5,15,7,2,1,4,2,15,10,2,0,11,5,15,1,3,612232
234743,1,7,4,15,2,2,1,9,4,15,6,3,1,7,4,17,5,2,0,4,2,15,8,3,0,4,2,12,6,2,787707
270948,1,9,4,17,10,3,1,9,4,15,10,3,1,6,3,17,6,2,0,13,6,12,9,3,0,11,6,12,1,2,911651
174066,0,9,4,12,7,3,0,6,3,12,3,2,0,11,5,12,6,3,0,4,2,15,3,3,1,4,2,15,3,3,560650
271377,0,7,3,15,7,3,1,7,3,17,8,3,0,4,2,12,10,2,1,7,4,15,5,2,0,11,5,12,1,3,911213
179113,1,4,2,17,3,2,1,4,2,17,6,3,1,11,6,17,4,2,1,13,6,15,7,3,1,7,3,15,6,3,558216
211088,1,4,2,17,9,2,1,7,3,15,2,3,0,4,2,12,8,2,1,7,4,15,1,2,0,6,3,15,2,3,705669
198594,0,4,2,12,9,2,0,6,3,12,3,3,1,4,2,15,7,2,1,11,6,15,7,2,1,11,6,17,4,2,664253
287832,0,6,3,15,8,3,0,9,4,15,10,3,0,7,3,12,9,3,1,13,6,15,8,3,1,6,3,15,2,2,972957
191135,0,6,3,15,2,2,0,7,3,12,2,3,1,4,2,17,10,3,1,4,2,17,5,2,1,11,5,17,5,3,633600
199555,1,11,6,15,1,2,0,9,4,15,4,3,0,9,5,12,3,2,0,9,4,12,5,3,1,4,2,15,1,2,631402
190068,1,4,2,15,7,2,0,7,3,15,1,3,0,6,3,15,8,2,1,11,6,17,3,2,1,7,4,17,6,2,652042
270028,1,11,6,15,9,2,1,9,5,15,6,2,1,9,5,15,9,2,0,11,5,12,7,3,0,7,3,12,5,3,892794
275355,1,11,6,15,5,2,0,11,6,15,6,2,0,4,2,12,7,3,0,11,6,15,2,2,1,9,5,17,1,2,921153
135196,1,6,3,15,4,2,0,9,4,12,7,3,0,7,4,12,7,2,1,6,3,15,9,3,0,6,3,12,3,2,445347
283715,0,4,2,12,6,2,0,6,3,15,9,2,0,4,2,15,5,2,0,9,5,12,5,2,1,7,3,15,1,3,906687
226926,0,4,2,15,4,2,1,6,3,17,3,2,0,9,4,12,2,3,0,13,6,12,1,3,0,6,3,15,2,3,731471
108826,0,13,6,12,4,3,0,9,4,12,3,3,1,13,6,17,7,3,1,7,4,17,7,2,0,6,3,15,7,3,373260
245814,0,6,3,12,4,2,1,13,6,15,9,3,0,9,4,12,3,3,1,13,6,15,4,3,1,4,2,17,8,2,811974
147904,0,7,3,15,4,3,0,7,4,15,7,2,1,9,5,17,4,2,1,11,6,15,1,2,0,6,3,15,2,3,496604
124123,1,4,2,17,10,2,1,6,3,17,7,3,1,6,3,17,9,3,0,13,6,15,8,3,0,7,4,15,4,2,428590
213918,1,11,5,15,6,3,1,11,6,15,2,2,1,11,5,17,4,3,0,7,4,15,6,2,1,4,2,17,7,3,716828
192208,1,6,3,17,7,3,0,7,4,12,10,2,0,11,6,15,9,2,0,11,6,12,1,2,0,13,6,12,6,3,644105
257632,0,4,2,15,8,3,0,9,4,12,4,3,0,9,5,15,1,2,0,11,6,15,1,2,1,11,6,15,4,2,838603
256493,1,4,2,15,9,2,0,11,5,12,7,3,1,7,4,17,10,2,0,9,5,12,5,2,0,4,2,15,9,3,898437
279773,0,6,3,15,6,3,1,6,3,15,5,2,1,6,3,17,9,2,1,7,3,15,2,3,0,13,6,15,10,3,965153
279701,1,4,2,15,1,2,1,9,4,17,2,3,0,4,2,15,8,3,0,9,5,15,6,2,0,9,5,12,1,2,924927
208515,1,11,5,15,8,3,1,9,4,17,9,3,0,6,3,15,10,3,0,9,4,12,2,3,1,7,3,15,9,3,721908
294841,0,11,5,12,2,3,1,7,4,15,2,2,0,6,3,15,2,3,0,6,3,12,4,3,0,7,4,12,2,2,948500
112755,0,6,3,12,9,3,1,9,4,15,10,3,0,11,6,15,1,2,0,6,3,15,1,3,0,13,6,15,8,3,378857
109164,0,11,6,15,6,2,0,9,4,12,3,3,0,7,4,12,10,2,0,9,4,15,4,3,1,9,4,15,2,3,354256
208465,0,11,6,15,10,2,0,6,3,12,4,3,1,6,3,15,1,3,0,7,4,15,8,2,1,4,2,15,6,3,704839
194093,0,6,3,12,1,2,1,4,2,17,3,3,0,9,5,12,6,2,0,6,3,12,6,2,0,11,6,15,6,2,631001
188710,1,6,3,15,10,3,1,11,6,17,5,2,1,9,5,15,4,2,0,9,5,12,1,2,1,7,4,15,9,2,612450
248238,0,13,6,12,7,3,1,7,3,17,5,3,0,4,2,15,2,3,0,13,6,12,8,3,0,7,3,15,5,3,808411
167697,1,6,3,17,10,3,1,9,5,15,4,2,1,11,6,15,8,2,1,11,5,15,7,3,1,7,3,17,7,3,524004
121739,1,9,4,15,9,3,0,6,3,12,10,2,0,6,3,12,2,2,0,4,2,12,10,3,1,6,3,15,2,3,403047
229777,1,9,5,15,8,2,0,9,4,15,3,3,0,11,5,15,8,3,1,11,5,15,9,3,1,6,3,17,6,2,789933
212933,1,11,6,15,4,2,1,9,4,15,7,3,0,11,5,15,9,3,0,7,4,12,4,2,1,7,4,15,4,2,721246
107547,0,7,4,15,3,2,0,7,3,12,10,3,0,6,3,15,8,3,1,11,5,15,3,3,1,7,4,15,6,2,363052
219353,1,7,3,15,1,3,0,9,4,15,7,3,0,4,2,12,7,3,1,7,3,15,1,3,0,7,3,15,4,3,708812
188441,0,9,4,12,10,3,0,4,2,12,3,3,0,11,5,12,1,3,0,6,3,12,4,2,1,6,3,17,10,3,627282
158975,1,6,3,17,10,3,0,11,6,15,3,2,1,4,2,15,7,2,0,13,6,12,7,3,1,4,2,17,1,2,544551
244268,0,11,5,12,7,3,0,9,4,15,8,3,0,4,2,12,9,3,1,6,3,17,3,2,0,9,4,15,7,3,794503
298648,0,6,3,12,1,2,1,4,2,15,10,3,0,6,3,15,5,2,0,6,3,15,10,3,1,11,6,17,1,2,1013154
288814,0,9,5,15,3,2,0,9,5,12,10,2,0,6,3,15,2,3,0,9,5,12,7,2,0,4,2,12,6,2,877450
182929,1,7,4,15,6,2,0,4,2,15,6,2,0,11,5,12,1,3,1,9,5,15,5,2,1,9,5,15,6,2,601257
141528,0,7,4,12,3,2,0,9,5,15,10,2,1,9,4,17,6,3,1,9,4,17,1,3,0,13,6,12,4,3,473551
160573,1,9,5,15,8,2,0,4,2,15,6,3,1,9,5,15,6,2,0,6,3,15,6,2,1,4,2,15,2,2,541174
131609,1,7,3,17,6,3,0,6,3,15,3,3,1,4,2,15,3,2,0,4,2,15,2,2,0,11,6,12,2,2,434457
139738,0,9,5,15,10,2,0,13,6,15,2,3,1,13,6,15,8,3,1,6,3,15,2,3,1,13,6,15,4,3,473567
225724,0,4,2,15,6,3,1,9,4,17,8,3,0,7,3,15,6,3,0,9,4,12,6,3,0,7,4,12,9,2,762262
261247,1,9,5,15,10,2,1,9,5,15,6,2,1,9,5,15,4,2,0,7,4,15,9,2,0,7,3,15,3,3,878860
216838,0,6,3,15,3,3,0,7,3,12,2,3,1,7,3,17,5,3,1,11,6,17,4,2,0,13,6,12,9,3,728537
206566,0,6,3,12,1,3,0,4,2,15,7,2,0,6,3,12,3,2,1,11,6,17,10,2,0,13,6,15,4,3,704846
161959,0,9,4,15,3,3,1,7,3,17,4,3,0,13,6,15,9,3,1,6,3,17,8,3,0,11,6,15,6,2,563761
145601,0,13,6,12,7,3,1,7,4,17,6,2,1,11,5,17,9,3,0,11,6,15,6,2,0,11,6,15,2,2,501254
160040,0,7,4,12,9,2,0,4,2,15,3,3,0,9,5,15,6,2,0,11,6,12,2,2,0,6,3,15,5,2,490030
249180,0,4,2,15,8,3,0,4,2,12,10,2,1,6,3,15,8,2,1,9,4,15,1,3,1,7,4,15,9,2,845951
186750,1,11,5,17,5,3,0,9,4,15,8,3,1,4,2,15,8,2,1,11,6,15,8,2,1,13,6,17,10,3,633682
273860,0,4,2,12,8,3,0,11,6,12,10,2,0,7,3,12,3,3,1,7,4,17,3,2,1,9,4,15,9,3,930605
251329,0,4,2,15,9,3,0,9,5,15,6,2,0,9,5,12,8,2,1,6,3,17,9,3,1,13,6,17,4,3,874289
215676,0,11,6,12,8,2,0,11,6,15,5,2,1,9,4,17,8,3,1,9,4,17,6,3,1,7,3,17,9,3,731061
198972,0,6,3,12,7,3,0,6,3,15,6,2,1,6,3,15,1,3,0,7,3,12,1,3,1,7,4,15,5,2,657912
216759,0,7,4,12,10,2,0,11,6,12,4,2,0,4,2,12,2,2,0,4,2,15,9,3,0,11,5,15,8,3,665632
289169,0,4,2,12,2,3,0,9,5,12,6,2,0,6,3,12,9,2,0,6,3,12,9,3,1,9,4,15,6,3,928740
255085,1,7,3,17,6,3,1,4,2,17,4,2,1,13,6,15,4,3,1,11,5,17,1,3,0,7,4,12,9,2,857335
130058,0,7,4,15,9,2,1,7,4,17,2,2,1,6,3,15,6,3,0,6,3,12,7,2,0,11,5,15,7,3,444867
283838,0,6,3,15,4,3,1,9,5,17,9,2,1,4,2,15,3,3,1,6,3,17,3,3,1,9,5,17,4,2,950788
103390,0,6,3,15,4,2,1,6,3,15,8,3,1,4,2,17,1,2,1,6,3,17,1,2,1,13,6,15,5,3,337983
257008,0,13,6,12,10,3,0,6,3,12,1,2,1,7,4,17,7,2,0,9,4,12,7,3,0,13,6,15,5,3,859291
122014,0,11,5,15,3,3,1,4,2,17,10,2,0,4,2,15,9,3,1,13,6,17,9,3,1,11,5,17,9,3,425709
280612,1,7,4,15,6,2,1,11,5,17,10,3,1,11,6,17,6,2,0,9,4,12,6,3,0,9,4,12,10,3,931610
288941,1,13,6,15,8,3,1,13,6,15,9,3,1,9,5,17,3,2,1,6,3,17,10,2,0,11,6,12,1,2,933108
271112,1,6,3,15,7,2,0,9,5,12,2,2,0,11,6,15,2,2,0,11,6,12,3,2,1,11,5,15,2,3,888749
189392,0,7,4,12,6,2,0,11,5,15,3,3,1,7,4,17,2,2,1,6,3,17,9,2,1,7,4,15,2,2,637030
256696,0,11,6,12,8,2,0,4,2,12,3,2,1,7,3,17,8,3,1,11,6,17,7,2,1,6,3,17,5,3,878220
120740,0,11,5,15,6,3,0,11,6,15,5,2,1,11,6,15,10,2,0,7,4,12,9,2,1,7,4,17,9,2,421235
281418,1,9,5,17,3,2,1,6,3,15,4,3,0,6,3,12,8,2,1,6,3,17,5,3,1,6,3,15,8,2,917795
221902,1,11,5,17,9,3,1,7,4,15,10,2,1,13,6,15,3,3,1,9,5,15,3,2,0,7,3,12,10,3,740748
273573,0,4,2,15,8,3,1,7,4,15,10,2,0,11,6,15,3,2,1,7,3,17,8,3,0,11,5,12,7,3,936024
294222,1,4,2,15,10,3,0,13,6,15,2,3,1,7,3,15,7,3,0,6,3,15,4,3,0,9,4,15,5,3,997889
169602,0,13,6,15,2,3,1,9,4,15,7,3,1,7,4,15,5,2,0,9,5,15,5,2,1,13,6,15,8,3,579543
165192,1,4,2,17,4,2,1,13,6,15,7,3,1,6,3,17,5,3,1,9,5,15,3,2,0,9,4,12,1,3,534249
145877,1,4,2,15,9,3,0,6,3,12,9,2,1,7,3,15,2,3,1,11,6,17,10,2,0,6,3,12,7,3,491064
189454,0,9,5,12,9,2,0,7,4,12,1,2,0,13,6,12,7,3,1,13,6,17,4,3,1,6,3,17,7,3,643167
223251,1,11,5,17,7,3,1,4,2,15,5,2,0,13,6,15,9,3,1,11,6,17,2,2,0,13,6,15,4,3,743752
148406,0,11,5,15,6,3,0,4,2,15,1,3,1,4,2,15,2,2,0,7,4,12,5,2,1,7,4,15,8,2,493975
274472,0,9,5,12,1,2,0,9,5,15,8,2,1,6,3,17,3,2,0,11,5,15,2,3,1,4,2,17,8,3,927975
165808,1,9,4,17,9,3,1,9,5,17,2,2,1,7,3,15,1,3,0,6,3,12,5,2,0,4,2,12,7,2,545582
261494,1,4,2,17,10,2,0,4,2,12,5,3,0,6,3,15,2,3,0,4,2,12,8,3,1,6,3,17,7,3,883694
278636,0,11,5,15,7,3,1,7,3,15,9,3,0,6,3,15,7,2,1,6,3,17,2,3,1,13,6,15,7,3,956536
262744,1,4,2,17,8,3,1,4,2,15,1,2,1,4,2,17,7,2,1,11,6,15,9,2,0,11,5,15,5,3,879398
216296,1,7,4,17,10,2,0,4,2,12,8,3,1,6,3,15,2,2,0,6,3,15,5,3,0,11,5,15,10,3,757447
144080,0,6,3,15,3,2,1,9,5,15,3,2,1,4,2,15,3,3,1,6,3,15,4,3,1,9,5,15,3,2,464979
229096,1,6,3,17,3,2,1,4,2,15,4,3,0,13,6,12,7,3,0,6,3,15,4,2,0,6,3,12,7,2,753143
283631,0,9,4,12,7,3,0,6,3,15,4,2,1,9,5,17,10,2,0,7,3,12,1,3,0,6,3,15,2,3,968507
177721,0,11,5,12,10,3,1,4,2,15,9,2,1,9,5,15,8,2,1,9,5,17,4,2,1,9,5,17,10,2,596811
250748,1,9,5,15,4,2,0,7,3,15,3,3,0,7,3,15,5,3,1,7,3,15,10,3,1,4,2,17,3,2,829530
131366,1,7,4,17,1,2,0,6,3,15,4,3,0,6,3,15,10,3,1,13,6,17,2,3,1,6,3,15,6,2,446893
228729,0,7,3,15,7,3,0,13,6,15,2,3,0,6,3,15,4,3,1,11,6,17,3,2,0,7,4,15,3,2,757155
129051,1,7,3,17,6,3,0,13,6,12,9,3,0,7,3,12,1,3,1,11,6,17,10,2,0,6,3,12,1,3,440323
145428,0,4,2,15,10,2,0,6,3,15,4,3,0,7,3,15,5,3,0,11,6,15,2,2,1,7,4,17,8,2,497498
118360,1,6,3,17,1,2,1,9,4,15,6,3,0,9,4,15,10,3,0,4,2,12,10,2,0,4,2,15,1,2,397792
191388,0,4,2,12,2,2,1,4,2,15,6,2,0,4,2,15,7,2,0,6,3,12,7,2,0,7,4,12,5,2,619558
209028,1,11,5,17,4,3,0,9,4,12,10,3,1,4,2,15,10,3,1,13,6,17,6,3,1,11,6,15,7,2,700460
278511,0,11,5,12,6,3,0,6,3,15,3,2,0,4,2,15,7,2,0,4,2,12,1,2,1,9,4,15,8,3,914052
289469,0,6,3,12,10,2,1,6,3,17,4,2,1,11,5,15,7,3,1,13,6,15,3,3,1,9,5,17,10,2,978241
180542,1,6,3,15,10,2,0,4,2,15,5,2,0,7,3,15,5,3,0,6,3,12,10,2,0,11,5,15,6,3,605915
247052,1,9,4,17,9,3,1,13,6,15,4,3,0,4,2,15,1,3,0,6,3,12,8,2,1,6,3,15,7,2,835392
148021,0,7,3,15,1,3,1,7,4,15,4,2,0,6,3,15,3,2,0,9,4,15,10,3,0,7,4,15,5,2,493517
237637,1,11,6,17,5,2,0,7,3,15,8,3,0,13,6,15,3,3,1,4,2,15,10,2,1,4,2,15,5,2,806969
142272,0,11,6,12,7,2,0,7,3,12,8,3,1,11,5,15,2,3,1,4,2,15,4,2,0,4,2,15,8,3,472254
242611,1,9,5,15,3,2,1,6,3,15,5,2,1,9,4,17,7,3,1,9,4,15,7,3,0,11,5,15,5,3,788397
263445,0,9,4,15,3,3,0,6,3,12,9,2,0,11,6,15,10,2,0,4,2,15,2,2,1,11,5,17,3,3,865960
281732,0,11,5,12,5,3,1,6,3,15,4,2,1,4,2,17,2,3,0,11,5,15,4,3,1,11,5,15,4,3,921353
115647,0,6,3,15,6,2,0,9,4,12,2,3,1,11,6,15,3,2,0,9,5,15,7,2,1,4,2,17,2,3,391471
263107,0,11,6,15,2,2,0,11,5,12,10,3,1,9,4,17,5,3,0,7,3,12,10,3,0,7,4,12,3,2,853368
240880,0,6,3,12,7,2,1,4,2,15,9,2,0,7,3,15,6,3,1,9,5,15,2,2,0,6,3,12,10,2,806423
115204,1,7,3,15,2,3,0,6,3,15,8,2,1,6,3,15,4,2,0,9,5,15,9,2,1,9,4,17,3,3,394588
121028,1,6,3,17,7,2,1,7,4,17,8,2,0,4,2,12,5,3,0,13,6,15,6,3,1,9,5,15,8,2,414696
222468,1,7,4,17,2,2,1,11,5,15,4,3,1,13,6,17,5,3,0,9,4,15,8,3,0,6,3,15,8,2,755296
191346,0,4,2,15,3,3,0,4,2,15,10,2,0,7,3,15,7,3,0,11,6,15,3,2,1,6,3,17,9,2,646840
145688,0,13,6,12,8,3,1,9,5,15,1,2,1,13,6,15,1,3,0,4,2,15,5,3,0,11,6,15,5,2,480177
166843,0,6,3,12,5,2,0,7,3,12,4,3,0,6,3,15,7,2,0,6,3,15,3,3,1,11,6,17,7,2,545529
281847,0,11,5,12,1,3,0,4,2,12,2,2,0,7,4,15,2,2,0,6,3,12,9,3,1,11,6,15,6,2,931128
240654,1,11,6,17,10,2,0,11,5,15,1,3,1,6,3,15,2,2,1,4,2,15,8,2,0,7,4,12,4,2,814559
290245,1,9,4,17,3,3,0,13,6,12,10,3,1,4,2,17,10,2,1,9,4,15,8,3,1,6,3,15,3,3,973745
282142,1,11,5,15,4,3,1,9,5,15,8,2,1,7,4,15,4,2,0,4,2,15,10,3,0,7,4,12,9,2,973291
227985,1,4,2,15,1,2,1,6,3,15,8,2,0,7,4,15,5,2,0,9,5,15,6,2,1,9,4,17,5,3,782036
259360,0,7,4,12,1,2,1,4,2,15,9,2,1,6,3,17,1,2,0,6,3,12,5,3,0,9,4,15,3,3,861614
180956,1,7,4,17,1,2,0,11,6,15,3,2,1,4,2,17,6,2,0,13,6,12,10,3,1,6,3,17,2,2,616125
101019,1,6,3,17,5,2,0,11,6,15,8,2,1,4,2,17,4,2,1,11,5,17,2,3,0,4,2,12,2,3,344312
195515,0,11,5,12,3,3,1,13,6,15,3,3,1,9,5,17,7,2,0,9,4,15,3,3,1,4,2,17,8,3,657216
194534,1,9,4,17,3,3,0,9,5,12,7,2,0,13,6,12,7,3,1,11,6,17,7,2,1,7,4,15,4,2,660858
153072,1,11,5,17,10,3,1,9,5,15,5,2,1,7,3,17,1,3,1,13,6,15,4,3,0,11,5,15,4,3,510864
279965,0,13,6,12,2,3,1,11,5,15,9,3,0,6,3,12,6,3,1,11,5,15,2,3,1,9,5,17,1,2,919904
211381,1,13,6,15,2,3,0,4,2,15,4,2,0,7,4,12,10,2,0,7,4,12,3,2,0,7,4,15,2,2,676340
150532,1,9,4,15,6,3,1,7,3,17,3,3,0,6,3,12,1,2,0,11,5,12,1,3,1,9,4,17,3,3,484068
108060,1,13,6,17,8,3,0,6,3,15,7,3,1,4,2,17,10,3,0,4,2,12,3,2,0,6,3,15,7,2,373503
148712,0,4,2,15,8,2,1,7,3,17,6,3,1,13,6,17,8,3,0,4,2,15,9,3,1,6,3,15,8,2,511576
194549,1,11,5,15,2,3,1,7,4,17,7,2,1,9,5,15,10,2,0,11,6,15,5,2,0,9,5,15,3,2,665421
178938,0,11,6,12,5,2,0,9,4,15,8,3,0,9,4,12,5,3,1,6,3,15,7,2,0,9,4,12,4,3,577243
125158,0,6,3,15,4,2,1,11,6,15,1,2,0,6,3,12,1,2,1,4,2,17,9,2,0,13,6,15,3,3,417518
241158,1,7,4,15,2,2,1,11,5,15,7,3,1,4,2,15,9,2,1,6,3,17,1,3,0,6,3,15,10,3,824863
244178,0,7,4,15,9,2,1,4,2,17,8,3,1,9,4,15,4,3,0,4,2,12,2,2,1,13,6,17,4,3,842545
109020,1,9,4,15,4,3,0,4,2,15,9,3,0,9,4,12,9,3,1,6,3,17,1,2,1,4,2,15,4,3,370562
234350,0,6,3,15,4,3,1,7,4,15,8,2,0,9,5,15,1,2,0,4,2,15,2,2,0,11,6,15,8,2,792475
270179,0,4,2,15,6,2,0,7,4,12,10,2,1,9,5,15,9,2,1,9,4,15,9,3,0,9,4,15,1,3,913369
221562,1,9,4,15,1,3,0,4,2,15,4,3,1,9,4,17,4,3,1,11,5,15,10,3,1,13,6,17,6,3,735604
121256,1,6,3,15,9,3,1,9,5,17,7,2,1,6,3,15,4,3,0,6,3,12,1,2,1,6,3,17,9,3,388719
225515,1,7,4,15,2,2,0,13,6,15,6,3,0,4,2,12,3,3,0,13,6,12,2,3,1,13,6,17,1,3,737547
237799,0,13,6,15,1,3,0,6,3,12,5,3,1,6,3,17,10,2,0,9,5,15,8,2,1,9,4,17,5,3,823975
296631,0,13,6,12,8,3,1,13,6,15,1,3,0,7,4,12,1,2,0,4,2,15,7,3,1,4,2,15,5,3,990941
261786,1,7,3,15,2,3,1,6,3,15,3,3,1,9,4,15,7,3,1,9,5,15,5,2,0,11,6,15,9,2,881541
158451,0,7,4,15,3,2,0,7,4,12,4,2,1,11,5,17,9,3,1,6,3,17,1,2,0,9,5,12,2,2,530706
164384,0,7,3,12,2,3,0,11,5,15,1,3,1,6,3,17,10,2,0,11,5,12,9,3,1,4,2,15,5,3,549942
129381,0,6,3,15,1,2,0,6,3,12,2,2,0,11,6,15,8,2,0,6,3,15,9,2,1,4,2,15,7,3,428374
250206,1,11,6,15,2,2,0,7,3,15,7,3,0,11,5,12,5,3,0,4,2,12,6,3,1,4,2,15,5,2,826226
134206,1,9,4,15,4,3,0,4,2,12,3,3,0,11,5,12,7,3,0,6,3,12,6,2,1,4,2,17,1,2,436180
123078,0,11,5,15,4,3,1,11,5,17,10,3,0,6,3,15,3,3,0,4,2,12,7,3,1,9,5,17,7,2,425806
211054,1,11,6,17,5,2,1,7,4,15,7,2,1,9,5,17,10,2,0,11,5,15,3,3,1,7,4,17,9,2,709615
195209,1,4,2,15,4,2,0,6,3,15,4,2,1,13,6,17,7,3,1,7,4,17,9,2,1,9,5,17,10,2,653152
277634,1,11,5,17,6,3,0,7,4,12,8,2,1,4,2,15,1,3,1,7,3,17,3,3,0,6,3,15,5,3,946525
121858,0,11,6,15,9,2,1,13,6,17,9,3,1,4,2,15,10,2,0,11,6,15,5,2,0,13,6,15,7,3,423074
196320,1,4,2,17,7,3,1,4,2,15,3,3,1,7,3,17,1,3,1,6,3,15,2,3,0,4,2,15,2,3,640023
253945,1,4,2,17,9,3,0,9,5,12,5,2,0,9,4,12,7,3,0,11,6,15,6,2,0,9,5,15,9,2,866834
296783,0,6,3,15,3,3,1,9,5,17,8,2,1,11,6,17,2,2,1,7,4,17,7,2,0,9,5,15,7,2,1028371
247450,1,11,6,17,2,2,0,6,3,15,8,3,1,6,3,17,5,2,0,6,3,12,5,2,0,4,2,15,3,3,838482
160643,1,6,3,15,7,3,1,7,3,17,2,3,1,7,3,15,7,3,1,4,2,15,1,2,0,13,6,15,1,3,515741
235948,1,4,2,15,7,2,0,7,4,12,1,2,0,4,2,15,7,3,1,13,6,15,1,3,1,4,2,17,4,3,787340
285364,1,4,2,15,6,2,0,6,3,12,8,2,1,4,2,17,5,2,0,13,6,15,6,3,0,7,4,15,9,2,959628
135521,0,9,5,12,10,2,0,6,3,15,6,2,0,11,6,12,7,2,0,11,5,12,6,3,1,4,2,17,4,2,440572
205336,1,11,6,15,3,2,1,9,4,17,1,3,1,11,5,15,7,3,0,11,5,12,8,3,1,6,3,17,3,3,676573
292031,1,4,2,15,9,3,1,6,3,17,5,2,0,6,3,12,3,2,0,6,3,12,3,2,0,6,3,15,9,3,982117
251795,1,11,5,15,8,3,0,7,4,12,10,2,1,7,3,17,9,3,0,6,3,15,6,3,0,13,6,12,3,3,868739
100210,0,7,4,12,6,2,0,6,3,12,1,2,1,7,4,15,4,2,0,9,5,15,7,2,1,6,3,17,5,2,337860
177842,1,13,6,15,5,3,0,11,5,12,2,3,0,11,5,15,1,3,1,7,4,17,2,2,0,7,3,12,1,3,577091
188495,1,6,3,17,7,2,0,11,5,15,6,3,1,13,6,15,10,3,0,4,2,12,2,3,0,9,4,12,8,3,644899
121933,0,9,4,15,9,3,0,9,4,12,4,3,1,11,5,15,9,3,1,9,4,17,9,3,1,7,3,15,5,3,412121
257277,1,4,2,17,4,2,1,4,2,17,1,2,0,6,3,12,3,2,1,7,4,15,1,2,0,9,4,12,3,3,831589
194527,0,4,2,15,9,3,0,9,5,15,6,2,0,7,3,12,1,3,0,9,5,12,6,2,1,7,4,15,2,2,634092
184096,1,6,3,15,9,2,1,11,6,15,5,2,1,11,6,15,1,2,0,6,3,15,4,2,1,6,3,15,2,3,604791
204781,0,7,4,12,1,2,1,4,2,17,6,3,0,9,5,12,9,2,1,7,4,17,8,2,1,11,5,17,6,3,696400
138216,0,11,5,15,6,3,1,4,2,15,8,3,0,6,3,15,5,3,1,6,3,15,1,2,0,4,2,15,7,2,465503
147141,0,4,2,12,7,3,1,9,5,17,9,2,0,11,5,12,5,3,1,4,2,15,7,2,0,4,2,12,4,3,497450
156526,1,9,4,15,10,3,0,11,5,12,6,3,0,4,2,15,5,3,0,6,3,12,2,3,1,7,3,17,6,3,531719
285633,1,6,3,17,5,2,0,11,6,12,8,2,1,4,2,17,8,2,0,9,4,15,7,3,0,7,4,12,5,2,984009
102281,0,7,3,12,8,3,1,11,6,17,9,2,0,6,3,12,3,2,1,7,4,17,2,2,0,11,5,15,3,3,348721
228831,0,4,2,15,1,3,0,9,5,12,6,2,0,4,2,12,8,3,1,11,6,17,5,2,1,11,6,15,7,2,762809
224044,0,6,3,15,8,2,1,7,3,17,7,3,0,4,2,12,10,2,0,9,5,12,3,2,1,6,3,15,1,3,754788
145837,1,4,2,15,9,3,1,6,3,15,8,2,0,7,4,15,5,2,1,6,3,15,3,3,1,4,2,15,5,2,480921
136411,0,9,5,15,1,2,0,11,6,15,3,2,0,11,6,12,2,2,1,9,5,15,7,2,0,9,4,12,2,3,446255
250332,0,6,3,12,6,2,0,11,5,15,2,3,0,7,4,12,10,2,1,6,3,15,5,2,1,11,6,17,9,2,862417
184081,0,11,6,15,6,2,0,6,3,15,2,3,1,6,3,15,4,3,1,4,2,15,7,3,0,9,4,12,5,3,623151
298698,1,4,2,17,3,3,0,4,2,15,4,2,0,6,3,15,10,3,1,7,4,15,3,2,0,9,4,15,4,3,1014230
131155,1,13,6,15,4,3,1,4,2,17,9,2,0,6,3,12,6,2,0,4,2,12,10,2,0,9,4,12,1,3,437932
179200,1,7,4,17,10,2,0,4,2,15,5,3,0,7,3,15,6,3,1,9,5,15,2,2,1,7,4,17,7,2,619090
236105,0,9,5,15,5,2,1,11,5,15,3,3,0,4,2,15,4,3,1,9,4,15,9,3,0,7,4,12,3,2,792252
180744,0,6,3,12,8,3,0,9,5,12,4,2,1,9,5,17,2,2,0,7,3,12,1,3,0,4,2,15,2,2,585840
145676,1,7,3,17,9,3,1,9,5,17,8,2,1,7,3,15,3,3,0,4,2,12,5,3,1,9,5,15,9,2,481344
299957,1,4,2,17,10,3,0,4,2,12,4,2,1,11,6,15,6,2,1,4,2,15,8,3,1,13,6,17,1,3,978339
178959,0,9,5,12,1,2,1,4,2,15,6,2,0,9,4,12,6,3,0,11,6,15,7,2,0,7,3,15,3,3,584749
267353,0,11,5,12,10,3,0,6,3,12,2,3,0,7,4,15,5,2,1,6,3,15,7,2,0,7,3,12,1,3,880812
155204,1,13,6,15,1,3,1,11,5,15,4,3,0,11,6,15,9,2,1,9,5,15,6,2,0,6,3,12,2,3,525147
239155,0,9,5,12,2,2,1,6,3,17,4,3,1,4,2,17,9,2,0,9,5,12,10,2,1,9,4,15,10,3,812884
174608,1,11,5,17,4,3,1,4,2,17,6,3,1,7,3,17,3,3,1,6,3,15,4,3,1,4,2,15,2,3,541337
126944,1,7,3,15,4,3,1,4,2,15,8,2,1,11,6,15,4,2,1,6,3,15,9,2,1,11,5,15,1,3,389208
280525,1,6,3,15,5,2,0,13,6,15,6,3,1,9,4,17,8,3,1,9,4,17,8,3,0,7,3,12,10,3,953171
276147,1,9,4,15,4,3,1,6,3,15,7,2,0,6,3,12,9,2,1,9,5,15,5,2,1,4,2,17,9,2,920486
293569,0,4,2,12,2,2,1,4,2,17,9,2,1,6,3,17,8,3,1,9,4,17,4,3,1,4,2,15,4,2,953896
284803,0,11,5,15,2,3,1,6,3,15,1,3,0,9,4,12,10,3,0,7,4,12,6,2,1,9,4,17,1,3,929850
140871,1,13,6,15,10,3,0,9,4,15,6,3,1,11,5,17,2,3,0,9,4,12,3,3,1,11,6,15,1,2,466062
140946,1,7,4,15,10,2,1,6,3,15,6,2,0,6,3,15,7,2,0,6,3,12,9,3,0,4,2,12,10,2,480126
264673,0,6,3,15,10,2,1,7,3,15,5,3,1,9,5,15,5,2,1,4,2,15,6,2,1,11,6,15,8,2,898900
109096,1,7,3,17,8,3,1,9,4,15,6,3,1,6,3,17,7,2,0,7,4,12,8,2,0,4,2,15,10,3,380877
226834,1,6,3,17,1,3,0,4,2,12,10,3,0,9,4,15,9,3,1,9,4,17,3,3,0,11,6,15,9,2,773808
115515,1,9,4,15,6,3,1,6,3,17,9,3,0,11,5,15,6,3,1,4,2,15,8,3,1,7,4,17,10,2,389619
245531,0,4,2,15,5,3,0,4,2,12,6,2,0,6,3,12,9,2,1,9,4,17,1,3,1,9,5,15,4,2,808271
216405,0,13,6,15,5,3,0,7,3,15,1,3,1,13,6,15,2,3,0,7,4,15,6,2,0,4,2,12,9,2,706603
212360,1,7,4,17,3,2,1,4,2,15,9,2,0,7,4,12,1,2,1,9,4,15,5,3,0,9,4,12,1,3,699503
120284,1,7,4,17,4,2,1,7,4,15,5,2,0,11,5,15,5,3,1,11,5,15,1,3,0,7,4,15,8,2,406603
283406,0,9,5,12,7,2,0,9,4,15,3,3,1,9,4,15,1,3,1,9,4,15,3,3,1,9,5,15,9,2,930999
244595,1,6,3,15,8,3,1,6,3,17,10,2,1,6,3,17,1,3,1,7,4,15,4,2,0,6,3,12,4,3,798443
126640,1,6,3,17,3,2,0,7,3,12,9,3,0,4,2,15,3,2,1,7,3,15,5,3,1,11,5,17,10,3,430018
293312,1,9,5,17,9,2,0,6,3,15,7,2,1,9,5,15,1,2,1,6,3,17,5,2,0,7,4,12,2,2,994694
140958,0,6,3,12,3,3,1,7,3,15,2,3,0,4,2,15,1,2,1,9,5,17,10,2,1,11,6,17,10,2,474816
113696,1,6,3,15,1,2,0,11,5,15,1,3,0,7,3,12,3,3,1,11,5,17,9,3,1,9,5,17,2,2,378050
210828,0,7,4,15,3,2,0,6,3,15,9,2,0,11,5,15,3,3,0,6,3,12,4,2,1,11,6,15,3,2,690723
182694,1,6,3,15,8,2,0,11,5,12,1,3,1,4,2,17,6,2,1,6,3,15,8,3,1,11,5,15,1,3,582936
214994,0,7,3,15,7,3,1,4,2,15,1,3,0,7,4,15,7,2,0,11,5,15,9,3,1,13,6,17,3,3,720855
248674,0,11,5,15,2,3,0,7,3,15,7,3,1,9,4,17,9,3,1,7,3,17,9,3,1,6,3,15,7,2,850375
118119,0,9,5,15,7,2,1,9,4,17,7,3,0,6,3,12,7,3,0,7,4,15,7,2,1,9,5,15,3,2,397592
251344,1,11,6,15,6,2,1,9,5,15,10,2,1,7,4,15,8,2,0,4,2,15,9,2,1,4,2,15,8,3,849577
174548,0,4,2,15,3,2,1,13,6,17,6,3,0,11,5,12,1,3,0,7,3,15,7,3,0,7,3,15,6,3,575589
133565,0,11,5,12,10,3,1,4,2,17,9,2,1,6,3,15,6,2,1,11,6,17,4,2,0,13,6,12,2,3,450862
125468,0,4,2,12,3,2,1,7,4,17,6,2,1,11,5,17,2,3,1,11,5,17,5,3,0,6,3,12,6,2,419927
170585,1,4,2,17,10,2,1,9,4,15,8,3,1,9,5,17,7,2,1,11,6,17,5,2,1,9,5,17,10,2,533804
148917,1,11,6,17,6,2,1,11,5,15,1,3,1,11,6,15,3,2,0,9,4,15,2,3,0,7,4,12,8,2,491438
169665,1,11,5,17,2,3,1,4,2,17,9,3,0,4,2,12,5,2,0,7,3,15,3,3,0,9,5,12,3,2,578015
258506,0,4,2,15,9,2,1,4,2,17,7,2,0,4,2,12,9,2,1,9,5,17,8,2,0,11,5,15,4,3,895096
114169,0,13,6,15,5,3,1,13,6,17,10,3,1,4,2,17,4,2,1,4,2,17,10,2,0,9,4,15,7,3,393692
266001,1,11,6,15,1,2,0,7,3,15,2,3,1,9,4,15,8,3,1,4,2,17,4,3,0,9,5,12,2,2,881974
221834,1,6,3,15,3,2,0,7,4,12,2,2,0,9,5,15,5,2,1,6,3,17,7,2,1,4,2,15,1,3,735765
282521,0,4,2,12,6,3,0,6,3,15,5,3,0,6,3,15,3,2,1,9,5,17,2,2,0,11,5,12,5,3,916499
264786,0,4,2,15,10,3,1,6,3,15,7,2,0,11,6,12,7,2,1,7,3,17,8,3,0,4,2,12,6,2,903408
160851,1,11,5,15,7,3,0,9,5,12,8,2,0,9,5,12,5,2,1,7,4,15,3,2,0,7,4,12,3,2,528851
125934,1,11,6,15,10,2,1,11,5,15,4,3,0,11,6,12,8,2,0,7,3,12,4,3,1,9,5,15,5,2,423365
268330,0,6,3,12,4,3,0,4,2,12,7,3,0,13,6,12,4,3,0,4,2,12,2,3,0,11,6,12,5,2,803332
117301,0,13,6,15,2,3,1,6,3,15,10,2,0,4,2,15,3,3,1,4,2,15,1,2,1,9,5,17,4,2,395724
115805,0,7,3,15,7,3,0,11,6,15,4,2,1,6,3,17,1,3,1,6,3,15,6,2,1,7,3,17,2,3,386708
179541,1,6,3,15,7,3,1,9,4,17,10,3,1,6,3,17,5,2,1,6,3,15,1,2,1,4,2,17,8,3,560317
234432,1,9,5,15,1,2,0,9,4,15,3,3,1,9,5,17,5,2,1,6,3,17,2,3,1,4,2,15,5,3,766171
149170,1,4,2,17,6,3,1,7,4,15,3,2,1,7,4,15,4,2,1,6,3,15,5,2,0,13,6,15,1,3,484517
155338,1,6,3,17,7,2,1,11,5,15,1,3,0,6,3,12,2,2,0,7,3,12,1,3,1,7,3,15,4,3,503567
117543,1,11,6,17,4,2,0,6,3,15,2,3,0,6,3,12,6,2,1,6,3,17,7,3,0,7,3,12,9,3,399696
229014,1,6,3,17,3,2,1,7,3,15,4,3,1,13,6,15,9,3,0,13,6,12,4,3,1,11,6,17,6,2,758922
205334,0,4,2,12,4,2,0,7,4,15,9,2,0,6,3,12,3,3,0,6,3,15,10,2,0,4,2,15,8,2,630817
124667,1,7,4,15,2,2,0,11,5,15,1,3,1,7,4,15,6,2,1,6,3,15,6,3,1,9,5,17,1,2,403520
125181,1,9,5,15,2,2,0,7,4,15,6,2,0,4,2,15,7,3,0,4,2,15,9,2,1,6,3,17,3,3,421337
227514,1,13,6,15,6,3,1,11,6,15,7,2,1,11,6,15,3,2,1,11,5,17,6,3,0,7,3,15,4,3,737502
246060,0,4,2,15,9,2,1,7,4,17,5,2,1,7,3,17,10,3,0,11,5,15,3,3,0,6,3,15,2,2,832938
183697,0,11,5,15,1,3,0,6,3,15,4,2,1,7,3,17,6,3,0,6,3,15,5,2,0,13,6,15,7,3,603695
116439,1,11,5,15,1,3,1,6,3,15,7,3,0,9,5,15,5,2,0,4,2,12,5,2,1,9,4,15,9,3,392016
258208,0,9,4,15,6,3,1,4,2,17,5,2,0,9,4,12,3,3,1,6,3,15,7,2,0,7,4,15,3,2,865481
284119,0,6,3,12,4,2,1,4,2,17,3,3,0,7,4,15,3,2,0,7,4,15,9,2,0,7,4,12,3,2,928661
216495,1,6,3,15,8,3,1,7,4,15,1,2,0,9,5,12,7,2,1,9,4,17,1,3,1,9,4,17,6,3,714921
199478,1,13,6,17,1,3,1,11,6,15,4,2,1,6,3,15,3,2,1,7,3,15,1,3,1,6,3,15,8,2,614389
199133,1,4,2,17,6,3,1,13,6,15,2,3,1,9,5,15,4,2,1,6,3,15,1,3,0,11,6,12,9,2,659793
167530,0,11,5,15,10,3,1,4,2,15,10,3,1,11,6,15,9,2,0,6,3,12,1,3,1,11,5,15,2,3,569228
287707,0,11,6,15,7,2,0,7,4,12,5,2,1,6,3,17,2,3,1,7,4,15,6,2,1,11,5,15,9,3,991408
246197,0,9,4,12,6,3,1,6,3,17,10,3,1,6,3,17,1,2,0,6,3,12,5,3,0,9,5,15,8,2,838622
159681,1,11,6,15,9,2,1,11,5,17,4,3,1,9,5,17,6,2,1,11,6,17,4,2,0,7,3,12,8,3,524589
276208,0,7,4,15,9,2,1,11,5,15,6,3,0,4,2,15,2,2,1,7,3,17,9,3,1,4,2,15,4,2,947511
127267,0,4,2,15,5,2,0,13,6,12,5,3,0,9,4,12,5,3,0,9,5,15,10,2,1,6,3,17,3,2,417334
259397,1,13,6,15,3,3,1,11,6,17,4,2,1,13,6,17,6,3,0,7,4,15,7,2,0,11,5,15,6,3,889299
209261,0,9,5,15,8,2,1,9,4,15,2,3,1,11,5,17,2,3,1,9,4,17,1,3,1,9,5,15,2,2,697166
182924,1,13,6,15,10,3,1,13,6,17,3,3,0,4,2,12,6,2,1,4,2,15,9,2,1,4,2,15,3,3,593166
285907,0,6,3,12,7,2,0,7,3,12,3,3,0,7,3,15,3,3,0,9,4,12,10,3,0,13,6,15,2,3,869979
239972,1,7,4,17,1,2,0,6,3,12,10,3,1,9,4,17,5,3,0,11,5,15,3,3,1,11,6,17,4,2,814304
278706,0,4,2,15,9,3,0,6,3,15,9,3,1,6,3,15,2,3,1,6,3,17,8,2,1,13,6,15,9,3,966815
176809,0,7,4,12,2,2,0,13,6,12,7,3,0,7,4,15,8,2,1,11,5,15,3,3,1,7,4,17,10,2,611243
106276,1,4,2,15,8,2,0,11,5,12,1,3,1,11,6,17,2,2,1,11,5,15,8,3,1,7,4,17,9,2,346037
145432,0,4,2,15,4,2,0,11,6,15,1,2,1,9,4,15,8,3,1,9,4,15,3,3,1,4,2,17,5,2,484521
154043,1,13,6,15,4,3,1,4,2,17,2,2,0,4,2,15,7,3,0,6,3,15,2,2,0,4,2,15,6,3,508897
192438,1,7,3,17,1,3,0,9,5,15,7,2,0,6,3,15,7,2,1,9,5,17,6,2,1,7,3,17,10,3,665677
268975,0,13,6,12,4,3,0,9,4,15,10,3,0,9,5,12,1,2,0,4,2,12,3,3,1,6,3,17,9,2,899328
230733,1,9,4,15,2,3,0,9,4,15,1,3,1,9,5,15,8,2,1,4,2,17,6,2,0,9,4,12,4,3,757806
243344,1,4,2,15,7,3,1,6,3,17,9,2,1,4,2,15,5,3,1,11,5,17,5,3,1,9,5,17,10,2,761053
134118,1,7,4,17,9,2,1,9,4,15,6,3,1,4,2,15,2,2,1,11,5,15,6,3,0,9,4,12,2,3,437219
280628,0,6,3,15,7,2,1,11,6,17,3,2,1,9,5,15,5,2,0,6,3,15,5,3,1,7,4,17,1,2,937082
285124,0,9,4,15,5,3,0,6,3,12,7,2,0,4,2,12,6,3,1,6,3,15,7,3,1,7,4,17,6,2,975026
284916,0,11,6,15,1,2,0,6,3,15,8,2,0,4,2,12,10,2,1,6,3,17,3,2,1,11,6,15,1,2,952516
169566,0,7,4,12,3,2,1,11,5,15,2,3,0,4,2,12,3,2,1,4,2,15,8,3,1,6,3,17,4,3,559795
273194,0,4,2,12,1,3,1,7,4,15,9,2,0,4,2,15,5,3,0,9,5,15,4,2,0,11,5,15,9,3,926605
261320,1,4,2,15,3,2,0,9,5,12,9,2,0,4,2,15,1,2,1,9,5,15,10,2,0,6,3,12,5,2,883577
185006,1,6,3,17,5,2,1,9,5,15,6,2,1,6,3,17,3,2,0,4,2,15,7,2,1,4,2,17,5,3,619211
117659,0,4,2,12,8,2,0,4,2,12,5,2,0,13,6,12,4,3,1,6,3,15,4,3,1,4,2,15,2,2,380718
249561,1,11,6,17,10,2,0,9,5,12,2,2,0,6,3,12,1,3,0,11,6,12,2,2,1,4,2,17,10,3,843196
168664,1,9,4,15,7,3,0,4,2,15,8,2,1,4,2,15,6,2,1,11,5,17,4,3,1,11,5,15,9,3,563703
153690,0,4,2,15,5,2,1,9,5,15,2,2,1,4,2,15,4,2,0,9,4,12,9,3,0,11,5,15,3,3,508197
211138,0,11,5,12,1,3,0,9,5,12,6,2,1,6,3,15,1,3,0,4,2,15,2,3,1,6,3,15,2,2,673229
157591,0,13,6,12,8,3,1,6,3,15,7,3,0,11,6,15,6,2,1,11,6,15,1,2,1,6,3,15,10,2,529858
173995,0,11,5,15,10,3,0,7,3,15,10,3,0,4,2,15,9,2,0,7,3,12,2,3,1,11,5,17,10,3,596026
193138,0,11,6,12,3,2,1,13,6,15,2,3,0,7,4,12,9,2,1,11,5,15,6,3,0,7,4,12,1,2,633396
297599,0,11,5,15,8,3,1,7,4,17,7,2,1,9,4,15,9,3,1,9,4,17,4,3,0,7,3,15,5,3,1021072
133229,0,7,4,12,10,2,0,6,3,12,9,3,1,9,4,15,8,3,0,4,2,12,1,2,1,7,3,17,10,3,452243
242940,0,6,3,15,2,3,1,6,3,15,4,3,1,9,4,15,5,3,1,4,2,17,5,3,1,4,2,15,10,2,792696
244210,0,6,3,15,7,3,0,4,2,12,4,3,1,4,2,15,4,2,1,6,3,17,4,2,1,6,3,15,10,3,823921
243100,0,13,6,15,5,3,1,9,5,17,5,2,1,11,6,17,2,2,1,9,5,17,9,2,1,13,6,17,10,3,816832
182864,0,6,3,12,1,2,1,7,4,17,10,2,0,7,3,12,2,3,0,13,6,15,4,3,0,7,3,12,2,3,625854
253921,0,11,6,15,10,2,1,4,2,15,6,2,0,7,4,12,10,2,1,6,3,17,3,3,1,6,3,17,8,2,875201
195397,0,4,2,15,7,3,1,13,6,17,7,3,0,9,5,15,9,2,0,6,3,15,3,3,1,4,2,15,10,3,678971
127026,1,6,3,15,4,2,1,4,2,17,9,2,1,7,3,17,10,3,1,6,3,15,2,2,0,6,3,15,2,3,419466
205445,0,11,6,12,5,2,0,6,3,12,9,3,1,9,5,15,1,2,1,11,5,17,6,3,0,11,5,15,10,3,694331
261796,1,7,3,17,6,3,1,7,4,15,9,2,1,4,2,15,8,3,0,4,2,15,5,3,0,9,4,12,9,3,895791
206650,1,7,3,17,1,3,1,9,5,17,3,2,1,4,2,17,10,3,0,7,3,15,5,3,0,7,4,15,3,2,694106
218781,0,6,3,15,1,3,1,7,4,15,7,2,1,6,3,15,2,3,1,11,5,15,10,3,1,9,5,15,10,2,712996
258168,1,7,3,17,9,3,1,6,3,17,2,3,1,11,6,15,1,2,1,11,5,15,8,3,0,11,6,12,5,2,849076
120506,1,7,4,15,10,2,0,9,4,12,9,3,0,9,4,12,2,3,0,4,2,12,1,2,0,11,5,15,3,3,400583
295754,1,9,5,17,4,2,0,9,5,12,5,2,1,4,2,17,3,2,0,11,6,15,9,2,0,13,6,15,4,3,1007451
184865,1,7,3,15,2,3,0,7,4,12,7,2,1,13,6,15,8,3,1,9,4,15,6,3,1,13,6,15,2,3,602630
216191,0,6,3,15,7,2,1,6,3,17,3,2,1,7,4,17,6,2,0,9,4,12,1,3,1,13,6,15,7,3,730633
129493,1,6,3,15,10,3,0,6,3,15,6,2,1,11,6,17,6,2,1,7,3,17,2,3,1,13,6,17,3,3,434872
137516,0,7,4,15,7,2,0,11,6,15,2,2,0,9,5,15,5,2,1,11,6,15,1,2,1,6,3,15,4,2,459960
205391,0,11,5,15,9,3,0,7,3,12,7,3,0,7,4,15,2,2,1,7,4,15,8,2,1,9,4,15,3,3,695373
164723,0,6,3,12,5,2,1,9,5,15,7,2,1,4,2,17,5,2,1,6,3,17,4,2,1,7,3,15,5,3,541722
216226,0,13,6,12,5,3,0,6,3,12,5,3,0,9,4,15,9,3,0,4,2,12,1,2,0,11,6,12,7,2,659149
246382,0,9,4,15,2,3,0,4,2,15,5,3,1,6,3,17,1,3,0,11,6,12,5,2,0,11,5,12,3,3,786964
117558,0,9,5,15,7,2,0,4,2,15,6,3,1,7,3,15,6,3,1,7,3,17,1,3,1,9,5,15,1,2,393351
276869,1,9,5,17,6,2,1,9,5,15,3,2,1,6,3,17,8,3,0,11,5,12,7,3,1,11,5,17,4,3,919634
295226,0,6,3,12,10,2,1,9,5,17,1,2,0,7,3,12,4,3,1,7,4,15,9,2,1,9,5,15,3,2,987028
282066,1,4,2,17,5,2,0,4,2,15,7,3,0,6,3,15,7,2,0,6,3,15,8,2,0,9,4,12,8,3,932354
261026,1,13,6,15,9,3,0,11,5,12,2,3,0,6,3,15,7,2,0,7,4,12,9,2,1,9,4,15,10,3,888124
266452,0,13,6,12,6,3,0,9,4,12,10,3,0,4,2,15,6,2,0,9,4,12,3,3,1,4,2,15,1,2,840997
120382,1,9,5,17,9,2,0,11,6,15,6,2,1,4,2,17,3,2,0,11,5,12,1,3,0,6,3,12,1,2,412606
163374,0,7,3,12,7,3,0,4,2,15,2,3,0,11,5,12,3,3,0,4,2,15,2,2,0,9,4,15,5,3,496871
274673,0,11,6,15,1,2,1,4,2,15,4,2,0,9,4,15,9,3,0,7,4,12,7,2,1,4,2,15,7,3,912768
105040,1,4,2,17,6,3,0,11,6,15,3,2,0,6,3,12,1,2,0,11,5,12,8,3,1,7,4,15,1,2,347200
247136,0,9,5,15,7,2,0,6,3,15,7,2,0,11,6,15,9,2,1,11,5,17,6,3,1,7,3,15,10,3,858107
148521,0,4,2,15,7,2,0,7,3,15,4,3,0,6,3,12,4,2,1,7,3,15,10,3,0,13,6,12,8,3,496202
131064,1,13,6,17,10,3,1,13,6,17,7,3,1,11,5,17,4,3,1,9,5,17,9,2,1,9,5,17,5,2,409419
292508,0,11,5,12,4,3,1,7,4,17,9,2,0,11,6,15,4,2,0,13,6,15,8,3,1,4,2,15,3,2,1010450
113388,1,7,4,15,4,2,0,9,5,15,9,2,1,7,3,15,8,3,1,9,5,15,5,2,0,4,2,15,3,2,385535
242073,0,7,3,12,7,3,0,7,3,12,9,3,0,9,5,12,1,2,1,9,5,15,8,2,0,7,3,12,2,3,782266
134367,1,11,5,15,6,3,1,11,6,15,4,2,1,11,5,15,5,3,0,7,4,12,10,2,0,9,4,15,4,3,438281
245241,1,6,3,17,3,2,1,4,2,15,7,3,0,11,5,12,2,3,1,11,6,15,9,2,1,13,6,17,8,3,798637
274373,0,4,2,12,5,3,0,9,5,12,2,2,1,9,5,15,1,2,1,6,3,15,6,3,0,11,5,12,6,3,894928
126869,1,11,6,15,7,2,1,7,3,15,9,3,1,11,6,15,8,2,0,7,4,12,3,2,1,13,6,15,9,3,415679
170991,0,9,5,15,4,2,1,7,4,17,3,2,0,11,6,15,5,2,0,11,6,12,5,2,1,4,2,15,4,2,570844
230567,1,7,3,15,10,3,0,13,6,12,7,3,0,7,3,12,4,3,0,4,2,15,4,2,1,13,6,17,8,3,783417
281075,1,7,4,17,10,2,0,9,5,12,10,2,1,6,3,17,3,2,1,9,4,17,10,3,1,6,3,17,6,2,960869
185603,1,6,3,17,7,3,1,7,4,15,2,2,1,7,4,15,6,2,1,6,3,15,7,2,0,6,3,12,9,2,615640
232862,1,6,3,15,9,2,1,13,6,15,9,3,0,6,3,12,3,3,0,6,3,15,4,2,1,11,6,15,6,2,771788
232448,1,4,2,17,2,2,1,9,5,15,7,2,0,6,3,15,8,2,1,6,3,17,6,2,0,4,2,15,2,3,788842
114674,0,4,2,12,4,2,1,9,5,17,5,2,0,4,2,12,3,2,1,4,2,15,6,3,0,6,3,12,6,3,381554
298491,1,11,6,17,6,2,1,7,4,17,4,2,1,4,2,15,7,2,1,9,5,15,2,2,0,7,4,12,9,2,1011929
109627,0,7,4,12,10,2,1,4,2,17,3,2,0,11,6,15,3,2,1,4,2,17,7,3,1,6,3,17,8,3,377732
170280,1,9,4,17,2,3,0,11,5,12,3,3,1,4,2,17,9,2,0,6,3,12,10,3,0,9,4,12,7,3,576339
195740,1,9,5,15,4,2,1,13,6,15,6,3,1,7,4,17,5,2,1,4,2,15,5,3,1,9,4,17,4,3,610652
102280,1,7,4,17,2,2,1,6,3,15,5,3,1,13,6,15,4,3,0,7,4,15,3,2,1,7,4,15,2,2,337191
139365,0,7,3,12,7,3,0,9,5,15,8,2,1,9,4,15,5,3,0,6,3,15,6,3,1,7,4,15,1,2,466259
227532,0,7,3,12,3,3,1,9,5,17,8,2,0,11,5,15,8,3,1,7,4,15,7,2,1,4,2,17,2,2,782261
211106,1,4,2,17,5,3,0,11,6,12,3,2,1,9,5,15,6,2,0,11,5,12,2,3,0,6,3,15,3,2,703326
215950,1,9,5,15,7,2,0,11,6,12,3,2,1,13,6,17,8,3,0,7,4,12,10,2,1,7,3,17,4,3,735299
274592,1,13,6,15,6,3,1,4,2,15,1,2,0,4,2,15,6,2,0,13,6,15,5,3,1,6,3,17,8,2,929440
167056,1,11,5,15,7,3,0,4,2,15,2,2,0,6,3,12,9,2,1,7,4,15,3,2,1,9,4,17,6,3,560967
255427,0,11,6,12,4,2,1,4,2,17,8,2,1,4,2,17,2,3,0,11,6,15,7,2,1,9,5,15,1,2,852827
144624,0,9,5,12,9,2,0,7,3,12,3,3,1,11,5,15,2,3,1,4,2,15,9,2,0,7,3,15,2,3,479757
254352,0,6,3,15,4,3,0,4,2,12,8,3,0,11,5,12,2,3,1,13,6,17,7,3,0,6,3,12,1,2,843050
267959,0,13,6,12,7,3,0,11,6,15,2,2,0,9,4,15,8,3,1,9,5,15,4,2,1,13,6,17,8,3,912617
297803,1,7,4,17,1,2,0,13,6,15,3,3,0,4,2,15,5,2,0,7,3,15,9,3,0,9,4,15,4,3,972606
183736,1,13,6,17,4,3,0,4,2,12,7,2,0,11,6,15,8,2,0,11,6,12,10,2,0,13,6,12,2,3,608769
285395,1,13,6,15,4,3,0,11,5,15,6,3,0,6,3,12,5,2,0,4,2,15,5,2,1,7,4,17,5,2,965973
221065,1,4,2,15,8,2,0,9,4,12,7,3,1,9,4,15,9,3,1,6,3,15,10,2,1,9,5,17,7,2,727940
217859,0,4,2,15,1,2,0,7,3,12,8,3,0,9,4,15,6,3,1,9,5,17,10,2,1,7,4,15,1,2,757931
191396,0,6,3,12,7,3,0,13,6,15,5,3,0,4,2,12,4,3,0,11,5,12,8,3,1,13,6,15,2,3,618537
182141,0,11,6,15,3,2,0,7,3,15,4,3,1,6,3,15,7,2,0,7,3,15,1,3,1,11,5,15,8,3,607000
151232,0,7,3,15,10,3,1,7,4,15,5,2,0,4,2,12,8,3,1,4,2,15,6,2,0,9,4,15,2,3,515363
190272,0,4,2,12,4,2,0,6,3,15,1,2,0,11,6,15,4,2,1,6,3,15,5,2,0,9,4,12,5,3,617988
257878,0,7,4,15,5,2,0,9,4,12,6,3,0,7,4,15,8,2,1,9,5,17,10,2,1,6,3,15,2,2,896066
110758,1,4,2,15,9,2,1,9,5,15,10,2,0,4,2,12,7,2,0,9,5,15,2,2,0,7,4,15,10,2,383941
219778,1,7,3,17,5,3,1,11,6,17,4,2,1,11,6,15,7,2,1,4,2,15,4,2,1,13,6,17,9,3,686183
257111,0,9,4,15,3,3,0,6,3,12,4,3,1,7,3,17,1,3,1,4,2,15,10,3,1,11,6,17,10,2,872351
199308,0,9,5,15,7,2,0,7,3,12,9,3,1,6,3,15,1,2,1,11,5,17,6,3,1,13,6,17,2,3,680225
256891,1,11,6,15,3,2,1,9,4,15,8,3,0,4,2,15,1,2,1,11,6,15,5,2,1,9,5,15,2,2,814982
140795,1,11,6,17,10,2,0,6,3,15,2,3,0,6,3,12,6,2,0,4,2,12,2,2,1,4,2,17,3,2,480398
289934,0,9,4,12,2,3,1,7,3,17,6,3,1,13,6,15,5,3,0,13,6,15,7,3,1,9,5,15,1,2,973114
114610,1,11,5,15,5,3,1,13,6,15,7,3,0,4,2,12,5,3,1,6,3,17,2,2,1,9,5,17,9,2,377207
102130,1,7,4,15,5,2,0,7,4,12,8,2,0,6,3,12,10,3,0,13,6,12,9,3,1,6,3,15,6,2,342310
255229,1,13,6,15,9,3,0,13,6,15,6,3,0,4,2,15,5,2,1,13,6,15,3,3,0,7,3,12,6,3,850017
293668,1,4,2,15,3,2,0,11,6,12,6,2,0,11,5,15,1,3,0,9,5,12,7,2,1,7,3,17,5,3,968199
146750,0,6,3,12,8,3,1,9,5,17,7,2,0,6,3,15,7,2,1,6,3,17,9,3,1,11,6,17,10,2,503130
162493,1,6,3,15,8,2,1,9,4,17,7,3,0,7,4,15,3,2,1,6,3,17,8,2,0,9,5,12,2,2,549193
143700,0,4,2,12,4,3,1,7,3,15,9,3,0,4,2,15,6,3,1,13,6,17,3,3,1,4,2,15,6,3,479435
181872,1,13,6,17,9,3,0,6,3,15,7,3,1,11,6,15,8,2,0,13,6,15,7,3,1,6,3,17,7,2,632228
119356,1,11,6,17,1,2,1,9,5,15,8,2,1,11,5,17,2,3,1,4,2,15,9,2,0,11,6,15,5,2,397440
254035,0,9,5,15,5,2,0,4,2,15,3,3,0,13,6,15,8,3,0,9,5,12,6,2,0,11,5,12,10,3,779691
277531,1,9,4,17,3,3,0,7,3,12,9,3,0,7,4,15,5,2,1,11,6,17,3,2,1,13,6,15,5,3,931687
296724,0,4,2,12,4,3,0,7,4,12,9,2,0,4,2,12,1,2,1,11,5,15,6,3,0,11,6,15,3,2,965467
289897,1,7,3,15,8,3,1,7,3,17,10,3,0,11,5,12,10,3,1,11,6,17,8,2,0,6,3,12,2,3,977609
155877,1,7,4,17,9,2,0,6,3,15,3,2,1,13,6,15,6,3,0,4,2,15,5,2,0,11,6,15,4,2,536839
139179,1,7,3,17,7,3,1,9,4,15,1,3,1,13,6,17,4,3,1,11,5,15,2,3,0,13,6,15,8,3,467951
222752,1,11,6,15,3,2,0,6,3,15,6,2,0,7,4,12,2,2,1,7,3,15,8,3,0,13,6,12,2,3,736027
169953,0,7,4,15,2,2,1,9,4,17,2,3,1,4,2,15,10,3,0,7,3,15,2,3,1,9,5,17,2,2,562685
100900,0,11,5,12,2,3,1,4,2,15,8,2,0,6,3,15,8,3,1,13,6,17,5,3,1,4,2,15,2,2,339837
283961,1,4,2,15,3,3,0,7,4,15,2,2,1,13,6,17,2,3,0,13,6,15,8,3,0,13,6,15,3,3,955082
114316,1,9,4,17,8,3,1,6,3,15,5,3,0,7,3,12,2,3,1,11,6,15,1,2,1,4,2,15,9,2,368206
112606,1,6,3,17,5,3,0,13,6,15,10,3,0,11,6,12,8,2,1,7,4,17,9,2,1,9,4,17,1,3,392743
213884,0,7,3,12,3,3,1,7,4,17,6,2,0,4,2,15,8,3,0,11,5,12,5,3,0,9,5,15,1,2,720130
150906,1,13,6,17,10,3,1,6,3,15,5,3,0,9,4,15,6,3,1,6,3,17,8,2,0,4,2,15,4,2,515647
111564,0,9,5,12,3,2,1,6,3,17,10,3,1,9,5,17,9,2,0,11,5,15,3,3,0,13,6,12,10,3,385783
207506,1,13,6,17,7,3,0,6,3,12,7,2,0,6,3,15,3,3,1,11,6,17,6,2,1,11,5,15,6,3,698685
213845,1,9,5,17,10,2,0,9,4,12,10,3,1,11,6,15,7,2,0,7,4,12,7,2,0,6,3,12,3,2,735097
205417,1,6,3,17,4,2,1,6,3,15,5,2,0,7,4,12,2,2,1,9,5,15,3,2,1,11,6,17,10,2,671534
248711,1,4,2,15,8,2,0,6,3,15,5,3,0,11,6,15,2,2,0,7,3,15,1,3,0,9,4,15,1,3,819924
128235,0,11,5,12,7,3,1,4,2,15,5,2,0,11,6,12,2,2,0,7,4,12,8,2,1,11,6,17,2,2,419347
204264,1,9,5,15,7,2,0,9,4,12,5,3,0,9,5,12,7,2,0,13,6,12,6,3,0,6,3,15,10,2,689184
177365,0,13,6,12,4,3,0,13,6,12,5,3,1,9,4,15,1,3,0,9,5,12,3,2,1,6,3,17,4,2,569724
289456,0,11,5,12,1,3,0,7,4,12,9,2,1,13,6,15,2,3,1,6,3,17,2,3,1,11,6,15,10,2,978998
278727,1,9,4,17,8,3,0,4,2,12,1,3,0,11,6,15,5,2,0,11,6,12,6,2,1,13,6,17,4,3,937375
292599,1,11,5,17,7,3,0,11,6,15,2,2,1,7,3,17,1,3,1,9,5,15,7,2,0,13,6,12,2,3,978562
250987,1,4,2,17,8,2,1,9,5,15,4,2,0,7,4,15,1,2,1,7,3,15,3,3,1,11,5,15,10,3,830204
270771,0,9,4,12,8,3,0,6,3,12,10,2,0,9,5,15,9,2,1,7,4,17,9,2,0,7,3,12,7,3,933169
195369,0,4,2,15,8,3,0,9,5,15,1,2,1,11,5,15,8,3,1,11,5,15,4,3,1,7,4,17,4,2,664728
137709,0,6,3,12,1,2,0,9,5,15,8,2,0,9,5,15,7,2,1,7,4,17,7,2,0,11,6,15,2,2,463983
155178,1,9,5,17,8,2,0,13,6,12,5,3,0,7,4,15,1,2,0,6,3,12,5,2,0,7,4,15,8,2,528701
186749,0,11,6,12,1,2,1,4,2,15,9,3,1,9,4,17,6,3,1,6,3,17,5,3,0,11,6,12,8,2,626876
292115,0,9,4,15,5,3,0,4,2,12,6,2,1,4,2,17,9,2,1,6,3,17,10,2,0,11,6,12,6,2,1008119
168775,0,6,3,12,5,2,1,6,3,17,4,3,1,7,3,17,8,3,0,4,2,12,5,2,1,11,5,17,1,3,562901
286238,0,9,5,15,7,2,0,11,5,12,1,3,0,11,5,15,7,3,0,11,6,12,8,2,0,11,6,12,7,2,873271
143378,1,4,2,17,6,3,0,9,5,15,6,2,0,9,5,15,7,2,1,11,6,15,10,2,0,11,6,12,8,2,494986
293964,1,6,3,15,9,3,0,6,3,15,9,2,0,6,3,12,7,3,1,6,3,15,6,3,0,11,6,12,7,2,983589
171909,1,7,4,15,6,2,1,9,5,17,8,2,1,11,6,17,6,2,1,7,4,15,10,2,1,11,6,15,5,2,537044
134055,1,4,2,15,1,2,0,11,5,12,4,3,0,9,5,12,1,2,0,6,3,15,5,3,0,9,4,12,6,3,420533
130600,1,7,3,15,5,3,1,11,6,17,1,2,0,7,4,15,3,2,1,9,5,15,1,2,1,7,4,17,5,2,430140
111246,0,11,5,15,9,3,1,4,2,15,3,2,0,6,3,12,3,3,0,11,5,12,6,3,0,13,6,15,9,3,360746
196000,1,13,6,17,1,3,1,11,6,15,5,2,0,6,3,12,10,3,1,4,2,17,3,3,0,7,3,15,8,3,675124
241485,1,9,4,15,3,3,0,4,2,12,3,2,1,11,6,17,10,2,1,9,4,15,10,3,0,11,6,12,5,2,814983
211160,1,4,2,15,6,3,0,9,5,15,3,2,1,6,3,17,10,3,1,7,3,17,4,3,1,9,4,15,7,3,702030
276858,0,4,2,15,3,3,1,11,6,17,8,2,1,13,6,15,10,3,0,6,3,12,3,3,1,9,5,15,3,2,936726
243728,1,11,6,15,2,2,0,7,3,12,6,3,0,7,4,15,4,2,0,7,4,15,5,2,1,4,2,15,4,2,789186
179336,1,4,2,15,10,2,1,6,3,17,4,3,1,9,4,17,5,3,1,6,3,17,8,3,0,13,6,15,10,3,613078
277300,0,4,2,15,5,3,0,4,2,12,10,3,0,9,4,12,5,3,0,7,4,15,4,2,1,9,5,17,3,2,912398
299409,1,7,4,15,6,2,1,13,6,17,9,3,0,9,4,15,2,3,0,4,2,15,4,2,0,11,5,12,8,3,1026742
287806,1,11,5,15,1,3,1,7,4,17,2,2,0,11,6,12,6,2,1,4,2,15,10,2,0,9,5,12,1,2,954523
130379,0,7,3,12,2,3,1,6,3,15,1,3,0,9,5,12,6,2,0,13,6,12,1,3,0,6,3,15,10,3,421823
205733,1,11,5,15,3,3,0,9,5,12,8,2,1,7,3,17,8,3,1,11,5,15,1,3,1,4,2,17,7,2,682283
145365,0,9,5,15,6,2,0,13,6,15,7,3,1,11,6,17,3,2,0,13,6,15,6,3,1,6,3,17,9,3,499286
152927,1,6,3,17,2,2,1,6,3,17,1,3,0,11,6,15,1,2,0,9,4,12,3,3,1,9,4,15,10,3,506804
180409,1,6,3,17,3,3,0,11,6,15,9,2,1,7,3,15,7,3,0,11,6,12,3,2,0,6,3,12,1,3,604769
169159,1,6,3,17,4,2,0,7,4,15,9,2,0,9,5,12,3,2,0,9,4,15,8,3,0,7,4,15,3,2,554269
132361,0,9,5,12,8,2,1,6,3,15,6,2,1,4,2,15,8,2,1,6,3,17,7,2,1,11,5,15,2,3,441546
287396,0,9,4,12,4,3,1,13,6,15,9,3,1,6,3,17,1,3,1,11,6,17,5,2,0,13,6,15,9,3,984911
119948,0,4,2,15,6,3,1,11,6,17,2,2,1,9,5,17,1,2,0,7,4,15,8,2,0,11,5,12,4,3,405226
147064,1,11,6,15,4,2,0,7,4,15,5,2,0,11,6,15,4,2,0,6,3,15,8,2,1,4,2,15,1,3,491118
154957,1,6,3,15,4,2,1,4,2,17,6,3,1,6,3,15,8,3,1,13,6,15,3,3,0,6,3,12,5,3,508273
227768,1,4,2,15,5,3,1,11,5,17,7,3,1,6,3,15,7,3,1,4,2,15,10,3,1,6,3,17,2,2,708056
268134,0,4,2,12,8,2,0,13,6,15,5,3,1,4,2,17,3,3,1,4,2,17,6,2,1,6,3,17,6,2,904353
113028,0,11,6,12,4,2,0,7,4,12,8,2,1,7,3,17,7,3,0,7,4,12,2,2,0,11,6,15,1,2,370988
109554,0,6,3,12,8,3,1,7,3,15,9,3,1,13,6,15,1,3,1,9,4,17,9,3,0,4,2,15,10,2,379176
156064,0,7,4,12,8,2,1,6,3,17,5,3,0,11,6,15,9,2,1,4,2,17,5,3,1,7,4,15,1,2,536807
133981,1,6,3,17,1,3,0,9,5,12,5,2,1,6,3,17,9,2,1,6,3,15,7,2,1,11,6,15,5,2,441642
141202,1,4,2,17,1,2,0,6,3,15,9,3,1,11,5,17,10,3,0,7,3,12,3,3,1,11,5,15,8,3,482387
110889,1,4,2,17,7,3,1,11,6,15,1,2,1,4,2,15,9,3,0,7,3,15,10,3,1,13,6,15,6,3,374016
166459,0,9,5,12,1,2,0,6,3,12,5,2,0,11,6,15,9,2,0,9,5,12,8,2,1,7,4,17,8,2,566598
127789,0,6,3,15,10,2,0,7,3,15,1,3,1,9,4,17,3,3,1,9,5,17,8,2,1,7,4,17,3,2,435844
131761,1,9,5,15,6,2,1,11,5,15,2,3,0,6,3,12,3,2,0,9,4,15,3,3,1,7,4,17,4,2,437143
110993,1,11,6,15,9,2,1,4,2,17,9,3,0,13,6,15,7,3,1,13,6,15,3,3,1,7,3,17,3,3,377272
165373,0,9,4,12,2,3,0,7,3,15,10,3,1,4,2,15,1,3,0,11,5,12,2,3,1,6,3,17,3,3,546606
214616,0,4,2,12,4,3,0,6,3,12,1,2,1,13,6,15,1,3,1,6,3,15,5,2,1,6,3,15,3,3,686198
262206,1,9,4,17,3,3,1,11,6,17,3,2,0,4,2,15,1,2,0,13,6,12,2,3,1,9,5,17,2,2,855041
234407,1,11,6,17,7,2,0,9,4,15,8,3,0,6,3,12,8,2,0,7,4,15,6,2,1,4,2,15,10,2,814582
155530,1,4,2,15,2,3,0,7,4,15,9,2,1,6,3,15,1,3,1,4,2,17,4,3,0,9,5,12,9,2,525060
297730,0,9,4,15,4,3,0,11,5,15,6,3,1,11,6,17,1,2,1,13,6,17,7,3,1,9,5,15,7,2,1020340
192954,0,4,2,15,3,3,0,6,3,15,2,2,0,7,3,12,3,3,1,13,6,17,2,3,0,7,4,15,2,2,623764
136841,1,4,2,15,7,3,1,4,2,15,7,3,0,13,6,12,2,3,1,6,3,15,1,2,0,7,3,15,4,3,446419
290869,0,7,3,15,2,3,0,7,3,15,6,3,1,13,6,15,5,3,1,7,4,17,1,2,1,9,5,17,2,2,966408
287679,1,9,4,17,5,3,1,9,5,17,2,2,0,11,5,12,8,3,0,4,2,12,7,3,1,13,6,15,4,3,959646
147130,0,6,3,12,2,2,0,9,4,12,8,3,1,7,4,15,9,2,0,9,5,12,3,2,1,7,4,15,4,2,482052
270999,1,4,2,15,10,3,1,6,3,17,8,2,0,4,2,12,10,2,0,11,5,12,2,3,1,6,3,15,3,3,906634
193134,0,6,3,15,1,3,0,9,5,15,1,2,1,6,3,15,7,2,1,13,6,17,10,3,0,4,2,15,10,2,665436
270569,1,7,3,15,2,3,0,6,3,15,10,3,0,7,3,12,8,3,0,9,4,12,10,3,0,6,3,15,2,3,876807
204605,0,9,5,15,5,2,0,4,2,12,3,2,1,4,2,17,2,3,1,13,6,17,8,3,1,9,5,15,2,2,695997
242658,0,7,3,15,9,3,0,11,5,12,10,3,0,9,4,12,5,3,0,11,6,15,6,2,0,7,3,15,2,3,741403
159771,1,9,5,15,4,2,1,9,4,15,6,3,1,11,6,17,9,2,0,11,6,12,4,2,0,9,4,15,1,3,535504
242740,0,9,4,15,9,3,1,9,5,15,4,2,1,11,6,15,6,2,1,7,4,17,4,2,0,6,3,15,5,3,836505
120127,0,4,2,12,4,3,0,13,6,15,4,3,1,11,6,15,9,2,1,9,4,17,10,3,1,6,3,15,4,3,408826
176037,1,11,6,17,6,2,1,9,4,15,7,3,1,11,6,17,5,2,1,7,4,15,8,2,0,13,6,15,3,3,583238
296104,1,6,3,17,4,2,1,13,6,15,8,3,0,11,6,12,10,2,1,9,4,15,5,3,1,7,4,17,10,2,1014900
180617,0,11,6,15,8,2,0,7,4,12,4,2,0,6,3,15,4,3,1,7,4,15,5,2,0,9,4,12,9,3,601662
200595,0,9,5,12,4,2,1,6,3,15,6,2,1,11,6,15,3,2,0,9,4,12,5,3,0,7,3,12,1,3,650209
283178,0,11,5,12,9,3,0,4,2,15,5,3,0,9,4,12,1,3,1,11,6,15,5,2,1,9,4,15,8,3,956613
126297,1,4,2,17,4,3,1,7,3,17,10,3,1,7,4,15,4,2,1,9,4,17,3,3,0,7,3,15,3,3,415442
253970,1,13,6,17,2,3,0,4,2,15,5,3,0,11,5,15,7,3,1,7,3,17,6,3,1,6,3,15,9,3,873906
149043,1,7,3,17,2,3,0,4,2,12,5,3,0,9,4,12,9,3,0,4,2,15,9,3,1,7,4,17,1,2,488088
143936,1,11,5,15,5,3,0,9,5,12,10,2,0,6,3,15,7,3,1,4,2,17,4,3,1,6,3,17,10,2,498541
243185,0,6,3,15,10,2,1,4,2,17,5,3,0,11,6,12,3,2,1,7,4,15,5,2,0,4,2,12,1,2,828880
230646,1,6,3,15,1,2,1,7,4,17,3,2,1,6,3,17,5,2,1,6,3,17,1,3,1,11,5,15,4,3,711625
240452,1,9,5,17,1,2,0,11,6,12,6,2,0,6,3,15,7,3,1,4,2,15,3,3,1,6,3,15,4,2,808670
177061,1,11,6,15,8,2,1,4,2,15,4,3,0,6,3,15,1,2,1,11,5,17,4,3,1,13,6,15,5,3,569779
237964,0,11,5,15,1,3,0,4,2,15,10,2,1,7,4,15,6,2,0,9,5,12,10,2,1,11,6,17,8,2,825588
120702,1,9,5,17,5,2,0,9,5,15,1,2,1,9,4,17,2,3,1,9,5,17,10,2,0,6,3,15,6,2,407343
126538,0,4,2,15,8,2,0,9,4,15,2,3,1,11,5,15,2,3,0,7,4,15,9,2,1,6,3,15,5,3,427544
259796,1,6,3,15,9,3,1,13,6,15,1,3,1,9,5,15,4,2,0,6,3,12,3,3,0,7,3,15,2,3,863907
198506,0,9,4,12,10,3,1,4,2,17,5,3,0,4,2,12,1,3,0,13,6,12,4,3,1,6,3,17,2,2,658058
195243,1,6,3,17,10,3,1,9,4,17,2,3,0,7,4,12,10,2,1,13,6,17,4,3,0,4,2,12,5,2,665307
236486,1,4,2,15,9,3,1,7,3,15,8,3,1,7,3,15,5,3,0,7,4,12,8,2,1,6,3,17,2,2,779140
226295,0,11,6,15,9,2,1,6,3,17,4,2,1,11,5,17,3,3,1,9,5,17,5,2,1,7,3,17,4,3,777472
156022,0,11,6,12,7,2,1,6,3,15,6,3,0,9,5,15,10,2,0,9,4,12,8,3,0,9,4,15,10,3,516327
136771,1,4,2,15,9,3,0,7,4,12,8,2,0,6,3,15,9,2,0,4,2,12,2,3,0,4,2,12,10,2,459028
134217,1,11,6,15,7,2,0,6,3,12,9,3,1,9,4,15,8,3,1,11,6,17,9,2,0,4,2,12,2,3,452275
274177,1,7,4,15,10,2,1,7,4,15,10,2,1,13,6,15,2,3,0,7,3,15,4,3,0,11,6,15,6,2,929838
276050,0,11,6,15,2,2,1,6,3,17,1,3,1,11,5,15,1,3,0,11,6,15,9,2,1,4,2,17,3,2,926929
191736,0,7,4,15,5,2,1,11,6,15,6,2,0,11,5,12,7,3,0,4,2,15,5,2,1,13,6,17,3,3,652557
263610,1,11,5,17,7,3,0,7,3,15,8,3,1,7,3,15,6,3,1,13,6,17,9,3,1,4,2,17,5,2,891715
280495,1,4,2,15,9,2,0,4,2,15,4,3,0,11,5,12,10,3,0,6,3,15,3,2,1,7,3,15,3,3,952169
286289,0,13,6,15,2,3,1,4,2,15,8,2,0,7,3,15,6,3,1,11,5,15,3,3,1,11,6,15,8,2,963184
150430,1,4,2,15,1,3,1,4,2,15,6,3,0,6,3,12,9,2,1,13,6,15,2,3,1,7,4,15,8,2,491745
298916,0,7,4,15,6,2,1,11,5,15,6,3,0,9,5,12,6,2,1,9,4,17,10,3,0,11,5,15,5,3,1023990
158781,1,9,5,17,2,2,0,7,4,15,4,2,1,7,4,15,5,2,0,6,3,15,5,2,0,9,4,12,5,3,533875
246769,1,9,4,17,3,3,1,6,3,15,9,3,1,11,5,17,5,3,0,9,5,15,2,2,1,4,2,15,5,3,812789
194773,0,6,3,15,5,3,0,6,3,15,10,2,1,7,4,17,3,2,1,7,3,15,2,3,0,11,5,15,9,3,652297
152513,1,7,3,15,7,3,0,9,5,15,1,2,0,9,5,12,1,2,1,4,2,17,8,2,0,6,3,12,5,3,507187
175657,1,6,3,15,1,2,1,7,3,15,9,3,0,6,3,12,4,3,1,11,6,17,1,2,0,4,2,12,4,2,576759
263949,0,6,3,15,4,3,1,13,6,15,5,3,0,6,3,12,2,2,1,6,3,17,4,3,0,4,2,15,9,3,888983
245507,1,4,2,17,2,2,1,7,3,15,1,3,0,7,4,12,7,2,0,7,4,15,10,2,0,11,6,12,3,2,813667
200732,1,9,5,15,6,2,1,6,3,17,1,2,1,4,2,17,2,2,1,6,3,17,4,3,0,4,2,12,6,3,654658
