213875,0,13,6,12,10,3,1,6,3,17,7,2,0,9,5,15,10,2,0,4,2,15,10,3,0,11,5,15,10,3,724383
118016,1,11,5,17,8,3,1,4,2,15,10,2,0,4,2,15,10,3,1,11,5,17,10,3,0,11,6,12,10,2,411302
128951,1,7,4,15,10,2,0,11,6,12,10,2,0,9,4,15,10,3,1,6,3,17,10,2,1,11,6,17,10,2,455477
118891,1,9,4,15,10,3,0,9,5,12,10,2,0,9,5,15,10,2,1,4,2,17,10,3,1,9,5,15,9,2,414318
132511,1,9,4,15,10,3,0,7,3,12,9,3,1,9,5,15,8,2,1,7,4,17,10,2,0,9,5,12,10,2,457821
157183,1,4,2,15,10,2,1,6,3,15,10,2,0,9,4,12,10,3,0,6,3,12,10,2,0,7,4,15,10,2,546029
294219,1,4,2,15,10,2,1,6,3,15,10,2,0,11,6,15,10,2,1,6,3,17,10,3,1,7,4,15,10,2,1019502
170766,0,4,2,12,10,3,1,6,3,15,10,2,0,6,3,12,10,3,0,7,4,15,10,2,0,6,3,12,8,3,575962
203351,0,7,3,12,10,3,0,13,6,15,10,3,1,11,6,17,9,2,1,4,2,15,10,2,1,11,6,17,8,2,709310
200338,0,7,3,12,10,3,0,7,3,12,10,3,1,13,6,17,10,3,0,9,4,12,10,3,1,4,2,17,9,2,684501
273390,1,11,6,15,10,2,1,13,6,17,10,3,1,7,4,15,10,2,0,4,2,15,10,2,0,4,2,12,10,2,942088
175178,0,11,6,15,10,2,0,7,3,15,7,3,1,11,5,17,10,3,1,11,6,17,9,2,1,4,2,17,10,2,615365
200130,1,11,5,17,8,3,0,11,6,15,9,2,1,4,2,15,7,2,0,11,6,12,10,2,1,11,6,17,10,2,692550
225963,1,6,3,17,10,2,0,7,4,12,10,2,0,6,3,15,8,2,1,7,4,17,10,2,0,6,3,12,10,3,787481
182097,1,11,6,17,8,2,1,6,3,17,9,2,1,6,3,17,10,3,0,11,5,15,6,3,1,7,3,17,10,3,615475
198228,0,4,2,12,10,3,1,9,5,15,10,2,0,9,4,12,10,3,0,7,4,15,10,2,1,9,5,17,8,2,689951
134098,0,6,3,15,10,3,0,11,5,12,10,3,1,9,4,15,10,3,0,6,3,12,8,3,1,6,3,17,9,3,467225
288760,0,9,5,12,6,2,1,6,3,15,9,2,1,11,5,17,10,3,0,11,6,15,9,2,0,6,3,12,9,3,1008953
103312,1,4,2,15,10,3,0,4,2,12,10,3,1,13,6,15,10,3,0,11,5,15,10,3,1,9,5,15,10,2,359188
147622,1,9,4,15,10,3,1,4,2,15,10,3,0,6,3,15,10,3,1,11,6,17,8,2,0,9,5,15,9,2,518987
262717,0,9,5,12,10,2,0,7,3,12,10,3,1,4,2,17,10,2,0,7,3,15,10,3,0,4,2,15,8,3,898282
211578,1,7,4,17,9,2,1,4,2,17,10,2,1,7,4,17,9,2,0,7,3,15,10,3,1,9,4,17,10,3,723337
133314,1,7,4,17,10,2,1,4,2,15,8,3,1,13,6,17,10,3,0,7,4,15,5,2,1,13,6,17,8,3,455175
284561,1,4,2,17,10,3,0,4,2,15,9,2,1,6,3,15,10,3,1,9,5,15,10,2,1,11,6,15,10,2,970511
241671,0,6,3,12,10,3,1,4,2,17,10,3,0,9,4,12,10,3,1,11,6,17,10,2,1,7,3,17,10,3,839347
246587,1,4,2,15,10,2,1,4,2,17,10,2,1,9,5,15,9,2,1,11,6,15,10,2,0,4,2,15,10,2,845059
165490,1,11,5,17,10,3,1,9,4,15,10,3,1,4,2,15,10,2,1,4,2,17,10,3,0,6,3,15,10,2,571754
241959,0,7,4,15,10,2,1,6,3,17,10,3,1,7,4,15,10,2,1,4,2,15,9,3,1,6,3,15,10,2,848419
214487,0,11,5,15,10,3,1,4,2,17,10,2,1,4,2,17,10,3,0,11,5,12,8,3,1,6,3,17,10,3,731623
113318,0,11,6,15,10,2,0,13,6,15,10,3,0,11,6,12,10,2,0,4,2,15,10,3,1,4,2,15,10,3,384529
121202,1,6,3,15,10,2,1,7,4,17,10,2,1,9,5,15,10,2,0,11,5,15,8,3,0,9,4,12,9,3,423391
202538,0,11,6,15,8,2,1,6,3,15,9,3,0,11,5,15,10,3,0,7,4,12,8,2,1,9,5,17,10,2,709096
172112,0,6,3,12,8,2,0,6,3,15,9,3,1,9,5,17,10,2,0,4,2,12,8,3,0,6,3,15,10,3,592598
145971,1,4,2,17,10,2,0,4,2,12,10,2,1,4,2,17,10,3,0,6,3,12,8,3,1,13,6,17,10,3,498522
284570,1,6,3,15,10,3,0,13,6,15,10,3,1,11,5,17,10,3,0,7,3,12,10,3,0,4,2,15,10,3,1002636
275399,1,11,5,15,10,3,1,9,5,15,10,2,0,7,4,15,10,2,1,11,6,17,10,2,1,9,5,15,10,2,954801
275421,1,6,3,15,10,2,1,7,3,15,10,3,1,6,3,17,10,3,0,7,3,12,9,3,0,4,2,12,10,2,938171
251011,0,9,5,15,10,2,1,7,4,17,10,2,1,4,2,15,8,2,1,11,5,15,10,3,0,4,2,12,8,2,884481
120262,1,7,3,15,8,3,1,6,3,17,10,3,0,11,6,15,10,2,1,9,5,15,10,2,1,11,6,17,10,2,422187
273403,0,9,4,12,10,3,0,6,3,15,9,3,0,4,2,15,8,2,0,9,5,12,7,2,1,6,3,17,8,3,931417
144649,0,13,6,12,9,3,0,6,3,15,10,2,1,11,5,15,10,3,1,6,3,17,7,3,0,11,6,15,8,2,505927
194704,0,13,6,15,10,3,0,7,4,15,10,2,1,7,4,17,10,2,1,7,4,17,8,2,1,4,2,17,10,3,691258
154820,1,9,5,15,10,2,0,9,4,12,10,3,0,4,2,15,10,2,1,13,6,15,8,3,1,9,5,15,10,2,530500
148137,1,9,5,15,10,2,1,4,2,15,9,3,1,7,3,15,9,3,0,7,3,12,10,3,0,9,5,15,7,2,513154
294643,0,9,5,12,10,2,1,9,4,15,10,3,1,11,5,17,10,3,0,6,3,15,8,3,0,11,5,15,10,3,1035886
216359,1,7,4,17,10,2,0,9,4,12,9,3,1,13,6,17,10,3,0,11,5,12,8,3,1,13,6,15,10,3,741160
235227,1,4,2,17,10,2,1,6,3,15,10,2,1,9,5,17,7,2,1,4,2,17,10,3,1,6,3,15,10,3,734056
181957,0,9,4,12,8,3,0,11,5,12,9,3,0,9,4,12,10,3,1,7,4,15,6,2,0,6,3,12,10,2,592514
101446,1,4,2,15,8,3,0,6,3,12,10,2,0,6,3,15,10,3,0,9,4,12,10,3,0,11,5,12,10,3,337036
194815,1,4,2,15,10,3,1,9,4,15,8,3,1,11,5,17,10,3,1,7,3,15,10,3,0,4,2,12,10,3,660315
124654,1,6,3,15,10,2,0,9,4,12,9,3,0,11,6,15,10,2,1,6,3,15,10,2,0,9,4,12,10,3,423398
157831,1,11,6,15,10,2,0,11,6,15,10,2,1,9,4,17,10,3,0,4,2,15,9,2,0,4,2,15,10,2,553334
212873,0,6,3,15,9,2,0,11,6,12,10,2,1,9,5,15,10,2,0,4,2,12,10,3,0,11,5,12,10,3,727876
167133,1,6,3,15,10,3,1,7,4,17,10,2,1,6,3,15,10,2,1,4,2,15,10,2,0,13,6,12,10,3,563073
259070,0,11,6,12,10,2,0,9,5,12,10,2,1,4,2,17,10,3,0,11,5,15,10,3,1,6,3,17,9,2,903929
195453,0,4,2,15,10,3,0,4,2,15,10,2,1,9,5,17,10,2,0,13,6,15,9,3,0,4,2,12,10,3,680745
102611,1,6,3,15,10,2,0,9,5,15,8,2,0,9,4,12,10,3,1,9,5,17,10,2,1,4,2,17,10,3,356236
276879,1,7,3,17,10,3,1,13,6,17,10,3,1,11,6,15,10,2,0,11,6,15,9,2,0,9,5,15,10,2,983299
154069,1,11,5,17,10,3,0,9,5,15,10,2,1,11,6,15,8,2,1,11,6,15,10,2,0,6,3,12,10,2,529785
190628,1,4,2,17,10,2,1,4,2,17,7,2,0,7,4,12,10,2,0,9,5,15,10,2,0,4,2,15,10,3,660134
224832,1,11,6,17,10,2,1,9,5,17,10,2,1,7,4,15,10,2,0,7,3,15,10,3,1,9,4,17,10,3,773494
204501,1,4,2,17,9,2,1,4,2,15,10,2,1,4,2,15,10,2,0,7,4,15,10,2,1,13,6,17,10,3,712356
179645,1,4,2,17,10,2,1,9,4,17,10,3,0,7,4,12,8,2,1,4,2,17,7,3,0,7,3,15,10,3,617426
289867,0,6,3,12,9,3,1,4,2,15,10,2,1,9,5,17,10,2,0,6,3,12,7,2,0,9,5,15,10,2,1011344
285883,1,11,6,17,10,2,1,9,5,15,10,2,0,9,4,15,6,3,1,4,2,17,6,3,1,7,4,15,10,2,965933
289480,0,4,2,12,10,3,0,7,3,12,10,3,1,4,2,17,6,2,1,7,4,15,10,2,0,7,3,15,10,3,1000421
296075,0,11,5,12,10,3,1,11,6,17,10,2,0,9,5,12,10,2,1,4,2,15,10,3,0,11,5,12,10,3,1022332
101813,1,9,5,15,10,2,0,7,4,12,6,2,0,11,5,15,10,3,1,6,3,15,10,2,1,7,3,15,8,3,352126
189512,1,13,6,15,7,3,0,7,3,15,8,3,0,11,5,15,9,3,0,9,4,12,10,3,0,6,3,15,10,2,637363
215817,0,11,6,15,10,2,1,4,2,17,8,2,1,7,3,17,10,3,0,11,6,12,10,2,0,4,2,12,10,3,752303
175040,0,13,6,15,10,3,0,11,5,15,10,3,1,4,2,15,10,2,1,9,5,17,10,2,1,13,6,15,10,3,619738
220757,0,7,4,12,8,2,1,7,3,15,10,3,0,4,2,12,10,3,0,6,3,15,10,3,1,7,4,15,10,2,755725
106587,1,9,4,15,10,3,0,7,3,15,10,3,0,4,2,12,10,2,1,4,2,15,7,2,0,11,5,15,10,3,365840
175590,1,6,3,15,10,3,0,6,3,12,10,3,0,6,3,15,10,2,1,13,6,15,10,3,1,11,6,15,10,2,600089
277567,1,6,3,15,10,2,1,7,4,17,10,2,0,11,5,15,6,3,1,9,4,17,10,3,0,4,2,15,10,3,977219
156966,1,11,6,15,10,2,0,9,4,15,10,3,1,9,5,15,10,2,1,4,2,15,10,2,0,7,3,12,9,3,541604
212708,0,6,3,15,10,3,0,13,6,12,10,3,1,13,6,15,10,3,0,11,6,12,9,2,1,11,6,17,10,2,749267
132095,0,9,4,15,10,3,0,9,5,12,8,2,1,9,5,17,10,2,0,13,6,15,7,3,1,11,6,17,8,2,462098
103116,1,7,3,15,10,3,1,6,3,17,10,3,0,9,4,15,10,3,0,7,4,12,10,2,1,6,3,15,10,2,359600
166292,1,7,3,17,7,3,1,9,5,15,10,2,0,4,2,15,10,3,0,11,5,15,10,3,0,4,2,15,10,3,579200
299539,1,7,3,15,10,3,1,7,4,17,10,2,0,7,4,12,10,2,0,6,3,15,9,2,1,9,5,15,10,2,1050848
203906,0,4,2,12,10,3,1,13,6,17,10,3,0,4,2,15,10,3,1,9,4,15,10,3,1,4,2,15,10,3,701482
145810,1,6,3,17,10,2,0,9,4,15,10,3,0,11,6,12,10,2,0,9,4,15,10,3,0,4,2,15,10,2,504246
156090,1,9,5,15,10,2,1,4,2,17,10,3,0,11,5,15,10,3,0,6,3,15,10,2,1,11,6,15,10,2,551149
180861,1,4,2,17,10,3,1,4,2,15,10,2,1,7,4,15,10,2,0,11,5,15,10,3,1,11,6,15,9,2,622376
272460,1,9,5,17,10,2,0,4,2,15,10,2,1,4,2,17,10,2,0,11,6,12,10,2,0,4,2,15,10,3,956538
195958,0,6,3,12,10,2,1,4,2,15,7,2,0,6,3,15,10,3,1,6,3,15,10,3,0,11,5,12,10,3,671283
248943,1,6,3,17,10,2,0,9,4,15,10,3,1,4,2,17,10,3,0,7,4,12,10,2,0,11,6,15,8,2,875608
155644,0,9,4,12,10,3,0,9,4,12,9,3,1,9,5,15,10,2,1,11,6,17,8,2,1,11,6,15,8,2,520454
287975,1,7,3,15,10,3,0,6,3,15,8,2,0,4,2,15,9,2,1,11,5,17,10,3,1,11,6,15,10,2,998475
235429,1,7,4,17,10,2,1,7,4,17,10,2,1,9,4,15,10,3,0,9,5,12,7,2,0,7,3,15,10,3,822093
140815,0,4,2,12,8,3,0,9,5,12,8,2,0,6,3,12,6,3,1,13,6,15,9,3,1,9,5,17,9,2,483414
227916,1,9,4,15,10,3,1,11,6,15,10,2,0,4,2,12,10,2,0,11,5,12,9,3,0,11,5,15,10,3,783949
267046,0,4,2,12,10,3,1,6,3,15,10,3,0,7,4,15,6,2,1,11,5,17,10,3,1,11,5,17,10,3,924825
198159,0,11,6,12,10,2,0,7,3,15,10,3,0,11,5,15,10,3,1,7,4,17,10,2,1,7,4,15,10,2,690576
126853,1,6,3,17,10,3,0,4,2,15,10,2,1,11,6,15,10,2,0,7,3,15,10,3,1,6,3,17,9,2,446014
236915,1,7,4,17,10,2,1,7,3,15,9,3,1,9,4,17,10,3,1,4,2,17,10,2,1,4,2,15,10,3,742869
269684,1,9,5,17,10,2,1,9,5,17,10,2,0,6,3,15,7,2,1,4,2,15,10,3,0,4,2,12,8,3,939511
257762,1,7,4,17,10,2,1,13,6,17,10,3,0,6,3,15,10,3,1,4,2,15,10,3,1,13,6,15,8,3,896303
260910,1,7,3,15,10,3,1,11,5,15,10,3,0,7,4,12,8,2,1,6,3,15,6,2,1,4,2,15,10,2,869915
192814,0,6,3,12,10,3,1,9,4,17,9,3,1,9,5,15,10,2,1,7,4,17,7,2,1,4,2,17,10,2,658413
254489,0,11,6,12,10,2,1,13,6,15,10,3,0,6,3,15,9,2,1,7,4,17,10,2,0,4,2,15,10,2,899441
223759,0,9,4,15,10,3,0,7,4,15,10,2,0,7,4,15,7,2,0,4,2,15,10,3,0,6,3,12,8,3,689855
103337,1,11,6,17,9,2,1,4,2,17,10,3,1,4,2,15,9,3,1,11,5,15,10,3,0,11,5,12,10,3,347703
255293,0,7,4,15,10,2,1,4,2,17,10,2,0,7,3,15,8,3,0,9,4,12,7,3,1,9,5,17,10,2,899037
110895,1,4,2,15,8,3,1,6,3,15,8,2,1,11,5,17,10,3,0,9,4,12,8,3,0,11,5,12,10,3,378448
102510,0,9,5,12,10,2,1,6,3,17,8,2,0,13,6,12,10,3,0,4,2,15,10,2,1,9,4,15,10,3,356386
222376,1,11,6,17,10,2,1,6,3,17,10,2,0,4,2,12,10,2,0,11,5,12,10,3,1,9,5,15,10,2,767900
175599,0,4,2,12,10,2,0,11,6,15,8,2,1,9,4,17,9,3,0,7,4,12,10,2,0,9,4,15,10,3,599312
295094,0,6,3,15,10,2,0,9,5,12,9,2,0,4,2,15,10,3,0,7,4,12,10,2,0,11,5,12,7,3,906784
152523,1,11,5,15,10,3,0,11,5,15,10,3,0,13,6,12,6,3,1,6,3,15,8,3,0,13,6,12,10,3,520927
266416,1,4,2,15,10,2,1,7,4,15,10,2,0,9,5,12,9,2,0,9,5,15,10,2,1,9,5,15,10,2,922968
190100,0,13,6,12,10,3,0,11,6,15,10,2,1,9,4,17,10,3,0,6,3,12,10,3,0,6,3,15,10,3,651130
181925,1,9,5,17,6,2,0,9,5,15,10,2,0,11,5,12,9,3,1,6,3,17,10,3,1,7,4,15,10,2,642005
123462,0,11,5,12,10,3,1,9,5,15,9,2,0,7,3,12,9,3,0,6,3,12,10,2,1,4,2,15,8,2,417071
204369,0,11,6,15,10,2,0,7,4,15,10,2,0,11,6,12,8,2,1,9,4,15,7,3,0,6,3,15,10,3,682739
212206,0,6,3,15,10,2,0,11,6,15,10,2,0,13,6,12,10,3,1,11,5,15,8,3,1,6,3,15,10,2,736113
289978,0,13,6,15,10,3,1,9,4,17,10,3,0,13,6,12,10,3,0,4,2,12,10,3,0,4,2,15,10,2,985762
147370,1,7,3,17,10,3,1,4,2,15,10,3,1,9,4,17,9,3,0,9,5,15,10,2,1,4,2,17,10,3,517244
143162,0,6,3,15,10,2,0,11,5,15,8,3,0,11,5,15,10,3,1,4,2,15,10,3,1,9,5,15,10,2,495812
246909,1,13,6,15,10,3,0,6,3,15,10,3,0,7,4,12,10,2,1,9,4,15,10,3,0,7,4,12,10,2,853477
100891,1,9,5,15,10,2,1,7,3,17,8,3,1,9,5,17,10,2,1,6,3,17,6,2,0,13,6,12,7,3,337871
153989,1,11,6,15,10,2,0,13,6,12,7,3,1,13,6,15,7,3,0,7,4,15,10,2,1,11,5,17,8,3,538564
191964,1,9,5,15,10,2,1,13,6,17,10,3,0,9,4,12,10,3,1,6,3,15,10,3,1,6,3,17,10,2,643749
272699,1,4,2,17,10,3,0,9,4,15,10,3,1,4,2,17,10,2,0,6,3,15,8,2,0,4,2,15,10,3,943273
258675,0,7,4,12,9,2,1,7,4,15,10,2,1,4,2,15,10,2,0,11,5,12,9,3,0,11,5,15,10,3,890959
176205,1,13,6,15,8,3,0,9,4,12,10,3,0,6,3,12,10,2,1,7,4,15,10,2,0,11,5,15,10,3,612736
187157,0,9,5,15,10,2,1,9,5,15,9,2,0,4,2,15,10,3,1,4,2,15,10,3,0,6,3,12,10,2,653172
287339,0,9,4,15,10,3,0,6,3,12,10,2,0,4,2,12,8,2,1,6,3,17,10,3,1,6,3,15,10,2,988020
124913,1,4,2,15,10,2,1,13,6,15,10,3,0,9,4,12,8,3,1,9,5,15,10,2,0,4,2,12,9,2,424021
128626,1,9,4,17,8,3,1,11,6,15,10,2,0,6,3,15,10,3,0,6,3,15,10,2,1,6,3,15,9,2,444687
259175,0,4,2,12,6,3,1,11,5,17,7,3,1,6,3,17,10,3,0,13,6,15,10,3,1,6,3,15,10,3,901806
132061,0,13,6,12,10,3,0,11,6,15,8,2,0,9,4,15,10,3,0,11,6,15,10,2,1,13,6,17,9,3,452078
280040,1,11,6,17,10,2,0,6,3,15,10,2,0,11,5,15,7,3,1,6,3,15,10,2,1,9,4,17,10,3,985141
172480,0,11,6,15,10,2,1,9,4,15,10,3,0,11,6,12,10,2,0,9,4,15,10,3,0,7,4,12,9,2,581514
271094,1,4,2,17,7,2,0,6,3,15,10,2,0,9,4,12,10,3,1,4,2,15,8,2,1,6,3,15,7,2,931876
284809,1,11,6,17,9,2,1,11,6,17,10,2,0,4,2,15,8,3,1,11,6,15,10,2,1,9,5,17,10,2,972211
299622,0,4,2,15,8,2,0,4,2,12,10,3,0,9,5,12,9,2,0,11,6,12,10,2,0,6,3,15,8,2,917984
210970,1,9,4,15,9,3,1,13,6,15,10,3,1,11,5,15,10,3,0,9,5,12,10,2,1,4,2,17,9,2,722733
241606,1,7,4,15,10,2,0,6,3,15,9,3,1,7,4,15,10,2,0,11,6,12,10,2,0,6,3,15,10,3,831451
104931,0,9,5,15,10,2,0,11,5,12,10,3,0,13,6,15,10,3,1,7,4,17,9,2,1,11,5,15,10,3,371656
148885,0,11,5,15,10,3,0,11,6,12,8,2,0,9,5,12,10,2,1,7,4,17,10,2,1,6,3,15,10,2,521438
125790,1,4,2,17,10,2,1,9,5,15,10,2,1,11,5,17,10,3,0,11,6,12,10,2,0,6,3,12,10,2,437447
263539,1,4,2,17,10,3,1,6,3,17,10,3,0,9,4,15,7,3,0,7,3,12,10,3,0,13,6,12,10,3,918715
268524,1,4,2,15,9,2,0,7,4,12,10,2,0,11,6,12,10,2,0,7,3,15,10,3,0,7,4,15,10,2,899900
186851,1,4,2,15,10,2,1,11,6,15,10,2,1,6,3,15,8,3,0,11,5,15,10,3,1,7,3,15,10,3,635656
146259,0,9,5,12,9,2,0,4,2,15,10,2,0,6,3,15,10,2,1,4,2,17,8,3,0,9,5,15,10,2,496153
218378,0,6,3,12,9,3,0,9,4,12,8,3,1,11,5,15,10,3,0,9,4,12,10,3,0,4,2,12,10,3,721418
231438,1,7,3,17,10,3,1,4,2,15,10,3,1,9,4,17,9,3,0,6,3,12,10,3,1,7,4,17,10,2,787520
185321,1,6,3,17,10,3,1,7,3,17,10,3,0,7,3,15,10,3,1,7,3,15,9,3,0,7,3,15,10,3,632132
265921,1,9,5,17,9,2,1,11,5,17,10,3,0,6,3,15,10,3,0,11,6,15,10,2,1,7,3,15,10,3,945982
236820,1,9,5,17,10,2,1,11,6,17,9,2,1,4,2,17,10,3,1,6,3,17,10,3,1,9,5,17,10,2,742365
173283,0,6,3,12,9,3,1,13,6,17,10,3,0,13,6,12,10,3,1,11,6,17,10,2,0,9,4,12,7,3,598746
294854,0,13,6,12,10,3,1,9,4,17,10,3,1,13,6,17,10,3,1,9,5,15,10,2,1,11,6,17,10,2,1000910
231453,0,9,4,12,8,3,1,9,4,15,10,3,1,6,3,17,10,3,1,11,5,15,9,3,1,11,6,15,10,2,775683
247049,0,9,4,15,10,3,1,7,3,17,10,3,0,6,3,12,10,2,1,6,3,17,10,3,0,9,4,12,10,3,859372
270214,0,4,2,12,10,3,1,4,2,15,9,3,1,6,3,15,8,2,1,6,3,15,10,3,1,9,4,17,9,3,910678
172134,0,4,2,12,10,3,0,6,3,12,10,2,0,6,3,15,10,3,1,7,4,15,8,2,0,7,4,15,10,2,584117
296855,0,11,5,15,8,3,0,13,6,15,8,3,1,11,6,17,8,2,1,11,5,17,10,3,1,9,5,15,8,2,1036124
249482,0,9,4,12,9,3,1,4,2,17,10,2,1,6,3,17,9,3,1,9,5,17,10,2,0,11,5,12,10,3,859365
152520,0,4,2,12,8,2,0,6,3,12,10,2,0,6,3,12,10,2,1,9,5,17,10,2,0,4,2,12,10,3,515051
129259,0,7,4,12,10,2,1,9,5,17,10,2,1,13,6,15,7,3,0,4,2,15,10,3,0,9,5,12,10,2,456375
235353,0,11,5,15,10,3,0,9,4,15,7,3,0,9,4,15,10,3,0,6,3,12,10,2,1,13,6,15,10,3,796011
130593,1,13,6,15,10,3,1,9,4,15,10,3,0,11,6,15,10,2,1,11,6,17,10,2,0,7,3,12,10,3,459923
127799,1,7,3,17,10,3,1,9,5,15,7,2,1,11,6,15,10,2,0,9,5,15,10,2,1,11,5,17,9,3,444751
217150,0,9,4,12,10,3,0,13,6,12,7,3,1,7,3,15,10,3,1,9,4,17,9,3,1,9,5,15,10,2,742519
144005,0,6,3,12,9,2,0,7,4,15,7,2,1,11,5,17,10,3,1,4,2,15,8,2,1,13,6,15,10,3,499423
115864,0,6,3,12,10,3,0,11,5,12,10,3,0,6,3,12,10,2,0,11,5,15,9,3,1,11,6,15,10,2,394503
224407,0,7,3,12,10,3,0,11,5,15,9,3,0,4,2,12,7,3,1,4,2,17,10,2,1,7,4,17,10,2,785149
229570,1,4,2,17,10,3,0,11,6,12,10,2,0,9,4,12,7,3,0,7,4,15,10,2,0,4,2,12,10,2,788381
156665,0,6,3,15,10,3,0,11,6,15,10,2,0,11,5,15,10,3,0,11,6,15,10,2,1,4,2,15,10,3,531024
138520,0,6,3,15,10,3,1,7,3,17,10,3,1,11,5,15,10,3,1,11,6,15,10,2,1,11,5,17,10,3,479475
162315,0,7,4,15,6,2,1,11,6,15,10,2,0,4,2,12,10,3,1,11,6,17,9,2,0,6,3,12,10,2,559074
217343,0,4,2,12,10,3,1,6,3,15,10,2,0,4,2,15,9,2,1,11,6,15,10,2,0,9,4,12,7,3,744510
174809,1,6,3,17,10,2,1,7,4,17,10,2,1,6,3,15,9,3,0,13,6,12,10,3,0,4,2,15,9,2,611780
177128,0,7,4,15,10,2,1,13,6,17,10,3,0,6,3,12,10,3,0,7,4,15,10,2,0,4,2,15,8,3,608808
103197,1,6,3,17,10,3,1,11,6,17,10,2,0,6,3,15,10,3,1,11,6,15,9,2,0,4,2,15,10,3,364365
277964,0,4,2,12,10,3,0,6,3,12,10,3,1,7,4,17,10,2,0,7,3,15,8,3,1,9,4,15,10,3,971183
293950,0,7,4,15,10,2,0,9,4,15,10,3,1,13,6,15,7,3,1,6,3,15,10,3,0,9,4,12,8,3,1015745
233258,1,7,3,15,9,3,0,11,5,15,10,3,0,7,4,15,9,2,0,11,6,15,10,2,1,9,4,15,10,3,806588
175886,0,6,3,12,9,2,1,9,5,17,9,2,1,11,6,17,10,2,0,11,5,15,10,3,0,4,2,15,10,2,626729
185614,0,4,2,15,10,2,1,13,6,15,10,3,0,4,2,15,9,2,0,9,5,12,10,2,0,9,5,15,6,2,627112
254576,1,13,6,17,10,3,1,6,3,17,10,3,1,13,6,17,10,3,1,4,2,15,8,2,1,6,3,17,10,2,795059
225223,1,7,3,15,9,3,0,11,6,15,10,2,1,6,3,15,10,3,0,6,3,15,10,2,0,7,4,12,10,2,785140
232280,0,6,3,15,9,2,1,7,3,15,10,3,0,11,6,15,10,2,1,11,6,15,7,2,1,6,3,15,10,3,809262
170999,1,7,4,15,10,2,1,4,2,17,10,3,0,11,6,12,9,2,1,13,6,17,10,3,0,7,4,15,10,2,605180
201667,0,6,3,15,7,2,0,4,2,15,8,2,1,11,6,17,10,2,0,7,3,12,9,3,0,9,4,15,10,3,705586
267977,1,11,5,17,10,3,0,6,3,12,10,2,0,6,3,12,9,2,1,9,5,15,10,2,0,9,4,12,10,3,919376
247307,1,7,3,17,10,3,0,13,6,12,10,3,1,13,6,17,10,3,1,9,4,15,10,3,1,7,3,17,10,3,834383
255797,1,4,2,17,10,3,0,6,3,12,10,2,1,11,6,17,8,2,1,7,4,15,10,2,0,6,3,15,10,2,886418
122875,1,4,2,17,8,2,0,7,3,15,7,3,1,11,5,15,10,3,1,6,3,17,10,3,1,4,2,15,10,3,415145
193248,1,11,6,15,7,2,0,11,5,12,10,3,1,4,2,17,10,3,0,13,6,15,8,3,0,6,3,15,10,3,681351
230385,0,13,6,12,10,3,0,11,5,12,10,3,1,11,6,15,7,2,1,9,5,17,9,2,0,11,5,12,10,3,789174
185312,1,6,3,17,6,3,1,9,5,15,9,2,0,11,6,15,10,2,1,7,3,15,9,3,0,11,6,15,9,2,643547
117975,0,9,5,12,10,2,0,6,3,12,10,3,1,9,5,17,10,2,0,13,6,12,10,3,1,11,6,17,10,2,409674
116443,1,11,6,15,10,2,0,6,3,12,10,2,0,11,5,12,10,3,0,4,2,15,10,2,1,4,2,15,10,3,403485
255010,1,9,4,17,10,3,1,6,3,17,10,2,1,11,5,15,7,3,0,4,2,12,10,3,0,4,2,12,10,2,865532
259504,1,7,4,15,10,2,0,4,2,15,10,3,0,7,4,12,10,2,1,9,5,17,10,2,1,4,2,15,8,3,913689
212559,1,11,5,15,10,3,1,7,3,17,10,3,0,6,3,12,10,3,0,7,3,15,10,3,1,9,5,15,10,2,746246
281017,0,9,5,12,10,2,0,9,5,12,10,2,1,7,3,17,10,3,1,7,4,15,10,2,1,7,3,15,10,3,946931
151828,0,7,3,12,10,3,0,6,3,12,10,3,0,7,4,15,10,2,1,13,6,17,10,3,0,13,6,15,10,3,521847
100008,1,9,5,17,10,2,1,4,2,17,6,2,0,6,3,12,10,3,1,7,3,17,9,3,1,11,5,17,10,3,341219
123129,1,4,2,17,10,3,1,7,4,17,10,2,0,13,6,15,10,3,0,7,4,15,10,2,0,9,5,12,10,2,438661
179296,1,7,3,17,10,3,1,7,3,15,10,3,0,7,3,15,8,3,0,4,2,15,10,2,0,9,5,15,8,2,612362
221191,0,4,2,15,10,2,0,9,5,12,8,2,1,6,3,17,10,2,1,9,5,15,10,2,0,6,3,12,10,3,774291
157070,0,11,6,12,10,2,0,4,2,12,10,2,0,7,3,12,10,3,0,6,3,15,10,3,0,4,2,15,10,3,483021
199285,0,7,3,12,10,3,1,7,3,15,9,3,0,11,6,12,8,2,1,11,5,15,10,3,0,9,4,15,10,3,683719
153528,1,7,3,15,10,3,0,9,5,12,10,2,0,6,3,12,7,3,0,7,3,15,10,3,1,9,4,17,9,3,534510
274383,0,7,4,12,10,2,0,9,4,15,6,3,0,6,3,12,10,2,0,6,3,12,10,2,0,11,6,15,10,2,844168
211604,0,13,6,15,10,3,0,6,3,15,8,2,1,6,3,15,9,3,0,7,3,12,10,3,0,6,3,15,10,2,718520
211544,1,6,3,15,7,3,0,4,2,12,10,3,1,11,5,17,7,3,1,11,5,15,10,3,0,13,6,12,10,3,717838
115653,0,13,6,12,10,3,0,11,6,12,9,2,0,4,2,12,10,3,0,9,5,15,10,2,0,4,2,15,10,2,355794
197535,0,9,5,15,10,2,0,6,3,12,10,2,0,4,2,15,9,3,0,11,6,12,10,2,0,6,3,15,10,2,608698
139785,1,4,2,15,7,3,1,7,4,17,10,2,1,7,4,15,8,2,0,6,3,15,10,2,0,9,4,15,10,3,492980
256377,1,4,2,15,8,3,0,11,5,15,10,3,1,9,5,17,8,2,0,7,4,15,10,2,0,6,3,12,9,2,900757
150428,1,9,5,15,10,2,0,11,6,12,10,2,1,7,3,17,10,3,1,11,6,15,9,2,0,6,3,12,10,3,518173
156995,0,4,2,12,9,3,0,9,4,12,8,3,1,4,2,15,10,2,0,6,3,12,10,3,0,11,6,12,8,2,516187
273712,0,9,5,15,10,2,0,4,2,15,10,2,1,11,5,17,10,3,0,7,3,15,10,3,0,9,4,15,9,3,942569
209180,0,7,3,15,10,3,0,9,5,12,9,2,1,7,3,17,10,3,0,6,3,15,10,2,0,6,3,12,9,3,713151
195616,1,7,3,17,10,3,1,11,5,15,10,3,1,11,6,17,10,2,0,4,2,12,10,3,1,9,5,17,10,2,668027
266990,1,7,4,17,9,2,1,6,3,15,8,2,0,9,5,12,10,2,1,4,2,17,8,2,1,7,3,17,10,3,915448
181976,1,4,2,17,10,3,0,6,3,12,10,3,0,6,3,15,8,3,1,6,3,17,10,2,1,6,3,17,10,2,626214
129776,0,4,2,15,10,2,1,6,3,17,10,3,0,11,5,12,10,3,0,6,3,15,9,2,0,9,5,12,10,2,448511
119185,0,11,5,12,10,3,0,4,2,12,7,2,1,11,6,15,10,2,0,9,4,12,10,3,1,11,6,15,10,2,399712
298223,1,13,6,17,10,3,0,7,4,15,9,2,1,13,6,15,10,3,1,4,2,15,10,2,0,6,3,15,10,3,1045854
182371,1,4,2,15,10,3,1,9,5,17,10,2,0,7,4,12,10,2,1,4,2,17,10,3,1,9,4,15,10,3,623229
105346,0,4,2,12,10,2,0,13,6,15,8,3,1,6,3,17,10,2,0,13,6,15,10,3,0,9,4,15,10,3,360578
158822,0,7,4,15,10,2,0,4,2,15,10,2,0,11,6,15,10,2,0,9,5,12,10,2,1,6,3,17,9,3,549232
123864,1,11,6,15,10,2,0,9,4,15,10,3,1,13,6,15,10,3,0,6,3,15,10,2,0,13,6,12,10,3,432742
150038,1,6,3,15,10,2,1,7,4,15,8,2,0,7,4,15,10,2,1,11,5,17,10,3,1,13,6,15,10,3,523366
181516,0,9,5,15,10,2,1,7,4,15,6,2,0,13,6,12,10,3,1,4,2,15,8,2,1,11,6,15,9,2,628386
123819,0,4,2,15,10,3,1,6,3,15,8,3,0,6,3,12,10,3,0,4,2,15,10,2,1,4,2,15,9,3,424811
283661,0,6,3,15,8,2,0,11,6,15,10,2,1,11,6,17,10,2,1,6,3,17,8,2,0,9,4,12,10,3,1005402
245080,1,4,2,15,10,3,0,4,2,12,10,2,0,11,6,15,7,2,0,6,3,12,10,2,0,4,2,15,10,3,833189
298536,0,6,3,12,8,3,1,4,2,15,10,3,1,9,4,15,7,3,1,6,3,17,10,2,0,9,4,15,10,3,1037905
296199,0,4,2,12,10,3,0,7,3,15,9,3,0,9,4,15,10,3,1,13,6,15,10,3,1,6,3,15,10,3,1031579
227071,0,7,3,15,7,3,1,9,5,17,9,2,1,13,6,17,10,3,1,9,4,17,10,3,1,7,3,15,7,3,762228
119157,1,7,4,17,10,2,1,6,3,15,10,3,1,9,5,15,10,2,0,4,2,15,9,3,1,9,5,15,9,2,410480
233133,1,7,3,17,9,3,0,9,4,15,10,3,1,11,5,17,9,3,0,13,6,12,9,3,1,7,4,15,10,2,808039
272462,1,7,4,15,6,2,1,9,4,15,10,3,1,9,5,15,10,2,1,9,4,15,10,3,1,11,6,17,10,2,851729
135774,1,11,5,17,8,3,1,6,3,15,8,2,1,11,5,15,10,3,0,11,5,12,8,3,0,11,6,12,10,2,457494
205482,0,7,3,15,9,3,1,4,2,17,10,2,1,9,5,17,10,2,0,9,4,15,7,3,0,11,5,15,10,3,727077
269541,0,6,3,12,10,2,0,7,3,15,10,3,1,6,3,17,10,2,1,4,2,17,10,3,0,4,2,12,10,3,943396
217429,0,11,5,12,10,3,1,13,6,17,10,3,0,6,3,15,9,3,0,4,2,15,10,2,0,7,3,12,7,3,746106
100552,0,9,4,12,10,3,1,13,6,15,10,3,1,9,4,15,10,3,1,7,3,17,8,3,1,13,6,17,7,3,337094
235181,0,6,3,15,8,2,1,7,4,15,10,2,0,11,6,12,10,2,0,6,3,12,10,3,0,6,3,12,6,2,798543
292775,1,7,4,15,10,2,1,4,2,17,9,3,1,11,6,17,10,2,1,11,6,15,10,2,1,7,4,15,10,2,917275
105837,0,7,4,12,10,2,0,13,6,12,6,3,1,9,4,17,10,3,0,7,3,12,10,3,0,4,2,12,10,3,353380
256884,1,7,3,17,10,3,1,9,4,17,10,3,1,9,4,17,10,3,1,7,4,15,10,2,0,6,3,15,10,3,888389
157273,1,9,4,17,10,3,0,6,3,12,10,2,0,9,4,15,10,3,1,6,3,15,10,2,0,4,2,15,8,2,548154
221144,0,4,2,12,9,3,0,4,2,12,10,2,0,4,2,12,10,3,0,11,6,15,10,2,1,4,2,15,6,3,728302
204890,0,7,4,12,10,2,0,6,3,12,7,3,1,13,6,17,10,3,0,11,5,12,10,3,1,7,4,15,10,2,709583
214049,1,6,3,17,9,2,0,9,4,12,8,3,0,7,3,12,10,3,1,9,5,17,10,2,1,4,2,17,9,2,732892
218862,1,4,2,17,8,3,0,6,3,12,10,3,0,7,4,15,10,2,1,9,5,17,10,2,0,13,6,15,10,3,777789
194852,1,6,3,15,7,2,1,4,2,17,9,3,1,9,5,17,9,2,0,6,3,15,10,2,0,7,4,15,10,2,692661
145769,0,7,4,12,10,2,0,9,4,15,10,3,0,6,3,15,10,3,1,6,3,15,10,3,1,9,4,17,10,3,515710
262417,0,11,6,15,9,2,0,9,5,15,10,2,1,6,3,15,10,3,1,9,5,15,9,2,0,4,2,15,10,2,915880
153969,0,6,3,12,10,3,0,9,5,15,10,2,0,4,2,12,10,2,1,7,4,15,10,2,0,9,4,15,9,3,527414
254342,1,9,4,17,10,3,0,9,4,12,10,3,1,7,3,17,10,3,1,4,2,17,9,2,0,11,6,12,10,2,883382
280302,1,6,3,15,10,2,1,11,6,17,10,2,1,11,5,15,10,3,0,11,6,15,9,2,0,7,4,15,10,2,991112
179215,1,4,2,15,6,3,0,4,2,15,10,3,0,13,6,12,10,3,1,9,4,15,10,3,1,9,5,17,10,2,624465
281531,0,7,4,12,10,2,1,13,6,15,10,3,0,6,3,15,10,2,0,9,4,15,10,3,0,6,3,12,9,2,952950
161846,0,7,4,12,10,2,0,6,3,15,10,3,1,4,2,17,10,3,0,6,3,12,10,2,1,11,5,17,10,3,571220
161737,1,11,6,17,9,2,0,7,3,15,8,3,0,11,6,15,10,2,1,6,3,17,10,2,0,4,2,12,7,2,569210
243102,1,9,4,17,10,3,1,11,5,17,10,3,0,4,2,15,8,3,1,13,6,17,10,3,1,11,6,17,10,2,832886
151217,0,9,4,15,8,3,1,11,5,17,10,3,1,9,5,15,10,2,1,13,6,17,10,3,1,6,3,17,9,2,516206
285312,0,4,2,12,9,2,0,11,5,15,10,3,1,4,2,15,10,2,1,4,2,17,10,2,0,6,3,15,7,2,975620
197688,1,9,5,15,10,2,0,9,5,15,9,2,1,4,2,17,10,3,0,11,5,12,7,3,1,9,5,15,10,2,688117
136822,0,6,3,15,8,2,1,6,3,15,10,3,0,6,3,15,8,2,0,11,6,15,10,2,1,9,5,17,9,2,480915
109738,0,11,6,12,10,2,0,4,2,12,10,2,0,7,3,15,10,3,0,9,4,12,10,3,0,9,5,12,9,2,334820
138838,1,4,2,17,8,3,1,6,3,15,9,2,0,4,2,15,10,2,1,6,3,15,10,3,0,6,3,15,10,3,483633
239662,0,7,4,12,10,2,1,4,2,15,10,3,0,11,5,15,9,3,0,4,2,15,10,3,1,4,2,15,10,3,817650
164927,0,11,5,12,9,3,1,4,2,15,10,2,1,7,3,15,10,3,0,7,4,12,10,2,0,9,4,12,8,3,557009
286451,1,7,4,15,10,2,1,4,2,17,10,2,0,11,5,15,10,3,0,6,3,15,9,3,0,13,6,12,8,3,1008734
156896,0,13,6,12,10,3,1,4,2,17,9,3,1,11,6,17,10,2,1,6,3,17,10,2,0,4,2,15,8,3,552783
140322,0,7,4,12,10,2,0,13,6,12,10,3,0,9,4,15,10,3,1,9,4,17,10,3,0,9,5,12,7,2,477258
167496,0,6,3,12,9,2,1,11,6,17,8,2,1,4,2,15,10,2,1,11,5,15,10,3,0,7,4,15,9,2,582681
161750,1,11,5,17,10,3,1,4,2,17,9,3,1,4,2,15,10,3,1,9,5,17,10,2,0,6,3,12,10,3,551245
133159,0,4,2,12,10,3,1,7,4,15,10,2,1,11,6,17,10,2,1,4,2,15,10,2,0,9,5,12,10,2,462264
243046,1,9,5,17,10,2,1,11,6,17,9,2,0,4,2,12,9,3,0,4,2,15,10,3,1,7,3,15,10,3,842462
187032,0,9,4,12,10,3,0,4,2,15,9,2,1,13,6,15,8,3,0,7,3,15,10,3,0,13,6,15,10,3,631806
166262,1,6,3,15,9,3,1,6,3,15,10,3,1,11,5,17,10,3,0,6,3,15,10,2,0,9,5,12,9,2,581103
230869,1,7,3,17,10,3,1,4,2,15,10,2,1,13,6,15,8,3,0,11,6,12,7,2,0,11,6,15,10,2,798754
199271,0,6,3,15,10,2,1,9,4,17,10,3,0,11,6,12,10,2,0,6,3,15,10,3,1,7,4,17,9,2,698744
162741,1,6,3,15,10,3,0,4,2,15,10,3,1,9,5,15,9,2,0,4,2,15,10,2,0,9,5,12,10,2,561598
142610,0,6,3,15,10,2,0,9,4,12,10,3,1,9,4,15,10,3,1,6,3,17,10,2,1,11,5,17,10,3,500791
262580,1,6,3,17,9,2,0,7,3,12,10,3,1,6,3,15,10,2,0,9,4,12,10,3,1,13,6,17,10,3,897346
216867,0,7,3,12,10,3,0,4,2,12,10,3,1,13,6,17,8,3,0,11,5,12,10,3,1,11,5,17,10,3,746582
216302,1,11,6,15,10,2,0,6,3,15,9,2,1,9,5,15,5,2,1,13,6,15,10,3,1,7,3,15,8,3,733198
155407,0,6,3,15,10,3,1,11,5,15,10,3,1,13,6,15,10,3,1,11,6,15,10,2,0,7,4,15,10,2,543435
110658,0,11,5,15,10,3,1,7,3,15,10,3,1,13,6,17,10,3,1,7,4,17,10,2,0,13,6,15,9,3,391420
195247,0,6,3,12,10,3,0,6,3,12,10,2,1,4,2,15,10,2,0,6,3,12,10,2,0,6,3,15,10,2,643110
113734,0,11,6,15,10,2,0,4,2,15,8,2,0,6,3,12,10,2,1,6,3,15,9,2,1,6,3,17,10,2,392967
162729,0,9,4,12,10,3,1,13,6,17,10,3,1,11,5,17,10,3,1,9,5,15,9,2,0,7,4,15,9,2,578521
290007,0,7,4,12,10,2,1,13,6,17,9,3,1,4,2,17,10,3,0,4,2,12,10,2,0,7,3,15,10,3,1014384
153820,1,4,2,15,8,3,1,6,3,17,10,2,0,9,5,15,10,2,0,6,3,12,10,2,0,9,5,15,10,2,534963
276514,0,11,6,12,8,2,0,6,3,12,9,3,0,9,5,15,10,2,0,9,5,12,10,2,0,4,2,12,10,3,847566
141367,1,13,6,15,10,3,0,11,5,12,8,3,1,7,4,17,10,2,0,9,5,15,9,2,1,9,5,17,10,2,496395
185164,1,9,4,15,10,3,0,6,3,12,9,3,0,11,6,15,8,2,0,4,2,15,10,3,1,4,2,17,10,2,651221
124960,1,9,5,15,10,2,0,6,3,15,9,2,1,11,6,17,10,2,0,13,6,15,10,3,1,4,2,15,10,2,440212
220811,1,13,6,15,10,3,1,11,6,15,10,2,0,13,6,12,7,3,0,4,2,15,10,3,1,6,3,17,10,2,772188
223138,1,11,6,17,10,2,0,13,6,15,10,3,0,4,2,12,10,3,0,13,6,12,9,3,0,6,3,12,10,3,769470
236394,1,4,2,17,8,2,1,9,4,15,10,3,1,9,5,17,7,2,0,11,6,12,10,2,1,6,3,17,10,2,803693
104848,1,9,4,15,5,3,0,9,4,12,10,3,1,11,5,15,9,3,1,4,2,17,10,2,1,7,4,15,10,2,351558
200583,1,9,5,17,10,2,0,9,4,15,10,3,0,7,3,15,10,3,1,6,3,15,10,3,1,4,2,15,10,3,704533
172137,0,11,6,12,10,2,1,4,2,15,9,3,1,7,3,15,10,3,1,9,5,15,10,2,0,9,4,12,10,3,589221
184818,0,9,5,15,9,2,1,9,5,15,8,2,0,11,6,15,10,2,1,4,2,15,10,3,0,9,5,15,10,2,641752
110346,0,6,3,12,10,3,1,7,4,15,8,2,0,4,2,12,10,3,1,7,3,17,10,3,0,7,3,15,10,3,378788
168346,0,11,5,15,10,3,0,6,3,12,10,3,1,11,5,17,10,3,0,11,5,15,10,3,1,11,6,17,10,2,581895
238307,0,7,4,15,10,2,1,4,2,15,10,3,0,13,6,12,9,3,0,7,3,12,10,3,0,13,6,15,10,3,806523
126572,1,13,6,15,6,3,1,4,2,15,10,3,0,7,3,15,8,3,0,7,4,15,10,2,0,11,6,12,10,2,435791
208714,1,7,3,15,9,3,1,11,6,15,10,2,1,9,4,17,10,3,0,7,3,15,10,3,1,11,5,17,8,3,714391
186711,1,7,3,17,10,3,1,4,2,15,9,2,0,6,3,12,10,2,0,13,6,12,10,3,1,6,3,15,10,3,641015
183695,1,7,4,17,10,2,0,13,6,15,10,3,0,6,3,15,10,3,1,6,3,15,8,2,0,4,2,15,6,2,649355
200268,0,11,5,12,10,3,1,9,5,15,10,2,0,13,6,12,10,3,0,7,4,15,7,2,0,7,3,15,10,3,683528
117861,0,6,3,12,10,3,1,11,6,15,10,2,1,9,5,17,10,2,0,11,6,15,10,2,1,4,2,17,10,3,420713
127627,0,7,4,15,10,2,0,6,3,15,10,3,1,11,5,17,10,3,0,11,6,12,10,2,1,4,2,17,9,3,451357
217049,1,9,4,17,8,3,1,6,3,17,10,3,0,9,4,15,10,3,0,9,4,15,9,3,1,13,6,17,10,3,745093
217321,1,9,4,15,7,3,1,11,6,15,10,2,1,6,3,17,10,3,1,4,2,17,9,2,1,11,6,15,9,2,679922
155872,1,7,3,15,10,3,1,6,3,15,10,3,1,9,4,17,10,3,0,9,4,12,10,3,1,6,3,15,8,2,523502
206910,0,9,5,15,10,2,1,6,3,15,10,2,0,7,3,15,10,3,1,4,2,15,7,3,1,6,3,17,10,3,724130
242299,0,7,4,12,8,2,0,11,5,15,10,3,1,13,6,15,10,3,1,9,5,17,10,2,1,7,4,15,10,2,853714
105127,0,6,3,15,10,3,0,9,5,15,10,2,1,9,4,17,7,3,1,4,2,17,8,2,1,7,4,15,9,2,371366
160811,0,7,4,12,10,2,0,11,5,12,10,3,0,7,3,12,10,3,1,11,6,15,10,2,1,11,6,17,10,2,545020
174399,0,6,3,12,10,2,0,6,3,15,7,3,1,6,3,17,10,3,1,13,6,17,10,3,1,11,5,15,10,3,602965
164252,0,4,2,12,10,2,1,11,6,15,10,2,1,9,4,17,8,3,1,13,6,17,10,3,0,7,4,12,10,2,566946
204911,0,6,3,15,10,3,1,11,6,17,10,2,1,4,2,15,10,3,0,4,2,12,9,3,0,6,3,15,10,3,718079
206341,1,6,3,17,10,2,1,13,6,15,10,3,0,6,3,12,8,2,1,9,4,15,10,3,0,9,5,12,10,2,710715
112647,1,9,4,17,8,3,0,9,4,12,10,3,1,9,5,17,10,2,0,7,4,12,10,2,0,11,6,15,10,2,391184
113503,1,11,5,17,10,3,0,6,3,15,10,2,0,13,6,12,10,3,1,9,4,17,10,3,1,11,6,17,10,2,397513
170680,0,4,2,15,10,2,0,4,2,15,10,2,0,4,2,12,9,2,0,9,5,15,10,2,0,7,4,12,10,2,524799
192565,0,9,4,15,9,3,1,13,6,17,10,3,0,11,6,12,10,2,0,7,4,12,10,2,0,11,5,12,10,3,656165
167594,1,6,3,17,10,2,0,4,2,15,10,3,0,13,6,12,10,3,1,9,5,15,10,2,1,7,3,15,9,3,587010
257302,1,4,2,17,8,2,1,9,4,15,10,3,0,6,3,12,10,3,0,9,5,15,10,2,1,7,3,17,8,3,902782
111253,1,7,3,17,10,3,0,7,3,12,9,3,1,13,6,17,9,3,0,4,2,12,10,2,0,4,2,12,10,2,380023
138723,0,11,6,15,10,2,1,9,4,15,10,3,1,11,6,17,10,2,0,7,3,12,10,3,0,6,3,12,8,3,491310
273947,0,4,2,12,10,2,1,6,3,17,9,3,1,4,2,17,10,3,0,7,4,15,10,2,0,7,4,15,10,2,962711
194516,1,6,3,17,10,3,1,6,3,17,10,3,0,7,4,15,9,2,1,6,3,17,7,2,0,7,3,15,9,3,660896
277199,1,9,5,17,10,2,1,4,2,17,8,3,0,4,2,15,6,2,0,11,6,12,10,2,0,7,3,15,10,3,979001
241682,0,6,3,12,7,3,1,7,4,17,10,2,1,11,6,15,10,2,1,4,2,17,10,3,1,9,5,15,10,2,811074
170959,0,13,6,15,10,3,0,4,2,12,10,2,1,7,4,15,10,2,0,4,2,12,10,2,0,4,2,15,6,2,580304
169985,0,7,4,12,9,2,1,11,5,17,9,3,1,6,3,17,9,3,0,4,2,15,10,2,0,4,2,12,10,2,590249
126596,1,7,3,15,10,3,1,11,5,15,8,3,0,7,4,15,8,2,1,13,6,15,9,3,1,7,4,17,10,2,438425
155595,1,11,6,17,10,2,1,6,3,17,10,2,1,9,4,17,9,3,1,9,5,15,7,2,0,9,5,12,10,2,534354
266581,0,7,4,15,6,2,0,13,6,15,8,3,1,6,3,17,10,2,0,7,4,12,10,2,0,11,5,12,10,3,908383
169579,1,11,5,15,10,3,1,9,5,15,10,2,0,9,5,15,10,2,1,4,2,15,10,2,0,7,4,12,8,2,589560
260180,1,7,3,15,9,3,1,4,2,15,10,3,0,11,5,12,7,3,0,6,3,12,10,2,1,9,4,15,10,3,883587
135897,1,9,5,17,10,2,0,11,5,12,9,3,1,7,3,15,10,3,0,11,6,12,10,2,1,9,5,15,10,2,461942
164571,0,13,6,15,10,3,0,11,5,12,10,3,1,9,4,15,10,3,0,7,3,15,10,3,0,6,3,12,10,2,556874
285979,0,6,3,15,10,3,0,11,5,12,8,3,1,9,5,17,8,2,1,4,2,17,6,3,0,7,3,12,10,3,995197
148277,1,11,6,17,10,2,1,7,4,17,9,2,0,9,5,15,10,2,1,6,3,17,10,3,1,6,3,17,10,2,520166
190178,1,4,2,17,10,2,0,6,3,15,10,2,0,6,3,12,10,2,0,11,5,12,10,3,1,7,4,17,9,2,661128
139737,1,4,2,15,10,3,0,9,5,15,10,2,1,4,2,15,10,2,0,7,4,15,9,2,1,6,3,17,10,2,489139
233214,1,13,6,17,9,3,1,4,2,17,7,2,0,6,3,12,8,3,0,7,4,15,9,2,1,7,3,15,10,3,817458
176769,1,4,2,15,8,3,1,11,5,15,10,3,1,9,4,17,10,3,0,7,4,12,10,2,0,6,3,12,9,2,609514
292697,0,11,6,15,8,2,0,6,3,12,10,3,0,4,2,15,10,3,1,11,5,15,10,3,0,11,6,15,10,2,993668
119549,0,4,2,12,10,3,1,11,5,17,10,3,1,9,4,15,10,3,0,13,6,15,10,3,1,4,2,15,8,2,416793
213136,1,11,5,15,10,3,0,13,6,15,10,3,1,11,6,17,8,2,0,9,4,12,10,3,0,7,3,12,10,3,732267
257963,1,9,4,15,10,3,0,11,5,12,10,3,1,4,2,17,7,3,0,4,2,15,8,3,0,9,5,15,7,2,899644
278202,0,11,5,15,10,3,1,11,6,17,10,2,0,7,3,12,9,3,0,7,4,12,10,2,1,13,6,17,10,3,980541
137557,0,9,4,12,8,3,1,6,3,17,10,3,1,7,3,15,10,3,1,4,2,17,10,3,0,4,2,12,10,2,471744
176445,1,4,2,17,10,3,1,6,3,17,10,3,0,6,3,15,10,3,0,9,4,12,8,3,1,11,5,15,10,3,621793
274434,0,6,3,15,10,3,0,13,6,12,10,3,1,11,5,15,8,3,1,7,3,17,9,3,0,11,5,12,10,3,952698
265623,1,9,5,17,10,2,1,4,2,17,8,2,0,7,4,15,10,2,0,6,3,12,9,2,1,7,4,15,10,2,943652
276410,1,13,6,17,7,3,0,4,2,15,10,2,0,6,3,15,9,3,0,9,4,15,10,3,0,4,2,12,10,3,937295
145639,0,11,5,15,10,3,0,6,3,15,10,2,0,11,5,12,10,3,0,6,3,15,10,3,1,6,3,17,6,2,485073
151129,1,7,3,17,9,3,1,4,2,15,7,2,0,13,6,12,9,3,1,4,2,17,10,2,0,4,2,15,8,2,522478
194016,0,7,3,12,9,3,0,9,5,15,10,2,1,4,2,17,10,3,0,7,4,15,10,2,1,7,3,15,7,3,679315
114307,1,7,4,15,9,2,1,4,2,17,10,2,0,4,2,15,10,3,1,6,3,15,8,2,1,13,6,15,10,3,394346
220590,0,4,2,12,10,3,0,9,5,12,10,2,1,9,4,17,10,3,0,9,5,12,10,2,0,4,2,15,10,3,746728
200770,1,9,4,17,10,3,0,9,5,15,9,2,0,9,5,15,8,2,1,7,4,15,10,2,1,13,6,15,10,3,700748
289045,1,6,3,15,10,2,1,9,4,17,10,3,0,9,4,15,10,3,1,9,4,17,10,3,1,13,6,17,10,3,987126
123529,0,7,3,12,8,3,0,11,6,15,7,2,1,6,3,15,9,3,0,7,4,15,10,2,0,6,3,15,10,3,421430
188222,1,4,2,17,10,2,1,9,5,15,10,2,1,9,5,15,10,2,0,6,3,12,10,2,0,4,2,15,10,2,655044
137152,1,4,2,17,10,2,0,4,2,12,10,2,1,7,3,15,9,3,1,6,3,17,10,2,1,7,3,17,10,3,464260
178882,1,4,2,17,10,3,1,4,2,17,10,2,0,6,3,12,10,3,0,7,4,15,10,2,0,4,2,15,6,3,618776
230269,0,6,3,12,10,2,0,11,5,12,10,3,1,6,3,15,10,3,1,6,3,17,10,2,0,11,5,12,10,3,771545
178548,1,4,2,15,10,2,0,6,3,15,10,2,1,7,3,15,10,3,0,13,6,15,9,3,0,6,3,12,10,2,613471
201917,0,6,3,12,10,2,0,7,4,15,8,2,0,11,6,15,9,2,0,6,3,12,9,3,1,11,6,15,9,2,684117
250362,1,9,4,17,10,3,1,9,5,17,10,2,0,6,3,15,10,2,0,4,2,15,10,2,1,9,4,15,10,3,869455
190078,1,9,5,15,10,2,1,11,5,17,10,3,0,4,2,12,10,2,0,6,3,15,8,2,0,7,3,12,10,3,659930
220393,0,11,6,12,10,2,1,6,3,15,10,2,0,9,5,15,9,2,1,4,2,17,8,2,1,6,3,17,10,2,765429
104395,0,6,3,15,10,2,1,4,2,17,10,2,1,4,2,17,10,2,1,4,2,15,10,3,1,11,5,17,8,3,354599
233040,1,6,3,17,6,2,1,7,3,15,10,3,0,11,5,12,6,3,0,7,4,15,9,2,1,4,2,17,10,3,815443
182053,0,9,4,12,10,3,0,9,5,15,8,2,1,9,5,17,8,2,0,13,6,12,8,3,1,9,5,17,10,2,632434
184491,0,7,4,12,9,2,0,9,4,12,10,3,1,13,6,17,10,3,0,13,6,15,7,3,1,13,6,17,10,3,627524
132210,0,6,3,15,8,2,1,9,4,15,9,3,0,6,3,15,10,2,0,6,3,15,10,2,1,7,3,15,10,3,446227
222297,1,9,5,15,10,2,1,6,3,15,9,3,1,7,3,17,10,3,1,6,3,17,10,2,1,11,5,15,10,3,695336
252919,1,4,2,17,10,3,0,7,4,12,10,2,0,9,5,15,10,2,1,11,5,17,10,3,1,9,5,15,10,2,897987
174905,1,7,3,15,10,3,0,6,3,15,9,3,0,7,3,15,9,3,1,9,5,17,7,2,0,9,5,15,10,2,614086
180245,0,7,3,12,10,3,1,11,5,15,10,3,0,7,3,12,10,3,1,11,5,17,10,3,1,9,4,15,9,3,597543
259765,1,11,5,15,9,3,1,11,5,15,9,3,0,6,3,12,8,2,1,11,5,17,9,3,0,4,2,15,9,2,871898
247686,1,9,4,15,10,3,0,11,5,15,10,3,0,6,3,15,10,2,0,11,5,12,10,3,1,7,4,15,10,2,860535
255614,0,7,4,12,8,2,0,9,5,15,10,2,1,4,2,17,8,2,0,4,2,15,9,2,0,7,4,15,10,2,862036
206027,0,9,5,15,8,2,1,11,6,17,10,2,0,4,2,12,10,2,0,7,3,15,9,3,1,11,6,15,8,2,716869
274095,1,6,3,15,10,2,0,9,5,12,10,2,1,9,4,17,10,3,1,6,3,15,10,2,0,9,5,12,10,2,934414
224343,0,9,5,15,10,2,0,11,6,12,10,2,1,4,2,17,10,3,0,4,2,12,10,2,0,6,3,12,10,3,768467
103604,1,7,3,17,10,3,0,6,3,12,10,3,0,9,5,12,10,2,1,9,4,17,10,3,1,6,3,15,7,3,357504
296866,0,6,3,12,10,2,1,13,6,17,9,3,1,13,6,15,10,3,0,7,3,15,10,3,0,6,3,15,10,3,1011299
258697,1,13,6,17,10,3,1,13,6,15,10,3,0,4,2,12,9,3,0,11,6,12,10,2,1,4,2,17,10,2,889227
281328,0,13,6,15,9,3,1,6,3,17,7,2,0,9,4,15,9,3,1,11,6,15,10,2,1,9,5,17,9,2,991308
134361,0,7,3,15,10,3,1,6,3,17,10,2,1,7,4,17,10,2,1,6,3,17,9,2,0,7,4,15,10,2,468880
202522,1,11,5,15,10,3,1,9,4,17,9,3,1,9,5,17,9,2,0,4,2,12,10,3,1,4,2,17,10,2,686637
188275,1,11,5,15,10,3,0,7,3,15,9,3,0,6,3,15,8,2,0,9,5,12,8,2,1,7,3,15,9,3,648109
120841,1,7,4,15,10,2,1,6,3,17,10,3,0,7,4,12,10,2,0,4,2,15,9,3,0,9,5,15,10,2,430491
214562,0,9,5,12,10,2,0,11,5,15,10,3,1,6,3,17,10,3,0,9,5,12,10,2,1,9,5,15,10,2,748484
114464,0,11,6,15,10,2,1,7,3,17,8,3,1,4,2,17,10,3,0,4,2,15,10,3,1,4,2,15,10,3,401982
293778,0,6,3,12,9,3,0,11,6,12,10,2,0,4,2,12,8,2,1,13,6,15,9,3,1,7,3,17,9,3,1001914
244837,0,7,3,12,10,3,1,7,3,15,10,3,0,6,3,15,10,2,1,7,4,17,10,2,1,6,3,17,7,2,854951
152104,0,13,6,12,9,3,0,4,2,12,10,3,1,6,3,15,10,2,0,6,3,15,10,2,1,7,4,15,10,2,527080
133678,1,4,2,17,8,2,0,9,5,12,10,2,0,4,2,15,8,2,1,11,6,15,10,2,0,9,5,15,10,2,468600
144950,1,11,5,17,10,3,1,7,4,15,8,2,0,9,5,15,10,2,0,7,4,12,10,2,0,11,5,12,10,3,508537
189506,0,7,4,15,7,2,0,7,3,12,10,3,1,7,4,17,10,2,1,11,5,15,10,3,1,7,4,15,8,2,651906
147620,1,4,2,17,10,2,0,6,3,15,9,2,1,11,5,15,6,3,1,13,6,17,10,3,1,6,3,17,10,2,507799
234003,1,9,4,15,10,3,1,6,3,15,10,2,0,11,6,15,10,2,0,11,5,15,10,3,0,11,5,12,10,3,797381
158473,0,4,2,12,9,3,0,4,2,12,7,2,1,4,2,17,10,2,1,11,5,17,10,3,0,6,3,15,9,2,548989
177606,0,9,4,15,10,3,1,13,6,17,9,3,0,4,2,15,10,3,1,9,5,15,10,2,1,9,4,15,9,3,623250
184888,1,4,2,15,10,2,1,4,2,17,10,2,1,7,4,17,10,2,0,6,3,12,8,2,0,6,3,12,10,3,629865
206868,0,4,2,12,8,2,1,13,6,17,10,3,0,4,2,12,8,3,0,6,3,12,8,2,1,13,6,15,7,3,684629
134511,0,6,3,15,10,2,0,4,2,15,10,2,0,13,6,15,10,3,1,9,5,15,10,2,1,4,2,17,10,2,475591
128674,0,6,3,12,10,2,0,4,2,12,10,2,0,7,3,15,10,3,1,9,4,15,9,3,1,7,3,17,10,3,448121
226090,1,13,6,17,8,3,1,11,5,17,8,3,0,11,6,12,10,2,1,4,2,15,9,3,0,9,4,15,10,3,795184
167314,0,6,3,15,10,3,1,9,5,15,10,2,0,7,4,12,10,2,1,9,4,15,10,3,0,9,5,12,10,2,574437
240352,0,4,2,12,10,2,0,13,6,15,10,3,1,11,5,15,10,3,0,4,2,12,10,3,0,7,3,12,10,3,807967
254862,0,9,4,12,10,3,0,11,6,15,10,2,1,7,3,17,10,3,0,13,6,15,10,3,0,11,5,12,9,3,869440
253567,0,7,3,12,10,3,0,6,3,12,10,2,1,7,4,17,6,2,0,9,4,15,10,3,1,4,2,15,10,3,878321
266381,0,11,5,15,9,3,1,7,3,17,10,3,1,7,4,17,10,2,1,9,5,17,10,2,0,11,6,12,10,2,926233
296897,1,4,2,15,8,2,1,4,2,15,9,2,1,11,6,17,10,2,0,9,5,12,9,2,0,7,4,12,10,2,1021438
114020,1,6,3,17,10,3,1,7,4,15,8,2,1,6,3,17,10,2,0,11,6,15,10,2,1,11,5,15,10,3,395382
264049,0,11,6,15,10,2,0,6,3,15,9,3,1,13,6,17,10,3,1,4,2,17,10,3,1,11,5,17,10,3,936684
147287,1,7,4,17,10,2,1,11,5,15,10,3,1,4,2,17,10,2,0,13,6,12,10,3,1,11,5,17,10,3,498873
280314,1,7,3,17,10,3,0,9,4,12,6,3,0,6,3,15,10,2,0,13,6,15,8,3,1,11,5,17,8,3,977890
113382,0,9,5,15,10,2,1,4,2,15,9,2,0,11,5,12,9,3,1,11,5,15,10,3,1,7,4,17,9,2,400111
124554,0,9,5,15,10,2,1,4,2,15,10,3,1,7,4,17,7,2,0,11,5,15,7,3,1,7,3,15,10,3,436068
117059,1,6,3,17,10,2,1,9,4,15,10,3,0,9,5,12,9,2,0,7,4,12,10,2,0,11,5,15,10,3,409596
221402,1,9,5,15,7,2,0,9,4,15,10,3,0,6,3,12,10,2,0,9,4,12,10,3,1,11,5,17,9,3,766186
282810,1,11,5,15,7,3,1,13,6,15,8,3,0,4,2,15,10,2,1,9,5,17,10,2,0,7,3,12,10,3,986485
151354,1,13,6,15,10,3,1,7,3,15,9,3,0,4,2,12,10,3,1,9,5,17,10,2,0,6,3,15,10,2,527293
108649,1,11,6,15,10,2,1,11,5,15,8,3,1,9,5,15,10,2,1,6,3,15,10,3,0,13,6,12,10,3,362309
279497,1,6,3,15,10,2,1,4,2,17,10,3,0,4,2,15,10,2,0,13,6,12,9,3,1,11,5,17,10,3,979285
151285,0,11,5,12,7,3,1,4,2,15,9,3,1,11,6,15,10,2,0,7,4,15,10,2,1,9,5,17,8,2,531577
141809,0,11,6,12,10,2,1,11,5,15,10,3,1,7,4,15,10,2,1,4,2,17,10,2,1,4,2,15,9,2,479469
258920,1,6,3,17,7,2,1,9,5,15,10,2,0,7,3,12,9,3,0,13,6,15,9,3,1,4,2,17,10,2,902754
247076,1,6,3,15,10,3,1,9,5,17,10,2,0,6,3,15,10,2,1,4,2,15,10,2,0,9,5,15,10,2,873943
125614,1,9,5,17,10,2,0,4,2,15,10,2,1,9,4,17,10,3,0,9,4,12,10,3,0,9,4,15,9,3,435305
112049,1,6,3,17,9,3,0,13,6,12,10,3,1,11,6,17,10,2,1,9,5,17,10,2,0,6,3,12,10,2,387198
238004,1,7,4,17,9,2,1,4,2,17,6,3,1,11,6,17,8,2,1,7,3,15,10,3,0,7,4,15,10,2,839470
240051,0,9,4,15,9,3,0,11,6,15,10,2,0,4,2,15,10,3,0,11,6,15,10,2,1,11,5,15,9,3,808194
242780,1,6,3,15,9,2,0,11,6,15,10,2,1,6,3,15,9,2,1,11,5,17,10,3,1,4,2,15,10,2,845873
170106,1,6,3,15,10,3,0,9,5,15,10,2,1,11,6,17,9,2,1,11,6,17,10,2,1,7,4,17,10,2,594328
200248,1,6,3,17,10,2,1,7,4,15,10,2,1,9,5,17,10,2,0,9,4,15,10,3,1,7,3,17,10,3,689608
113132,1,4,2,17,10,3,0,7,3,15,10,3,0,9,5,15,9,2,0,7,3,12,10,3,0,7,3,12,10,3,386788
125105,1,9,5,17,10,2,1,4,2,17,9,3,1,9,5,17,10,2,0,7,4,15,10,2,1,6,3,17,10,2,439282
190261,1,9,5,17,10,2,1,7,4,17,9,2,1,13,6,17,10,3,1,6,3,17,10,2,1,7,3,17,10,3,596531
245272,1,11,5,15,10,3,1,4,2,17,10,2,1,4,2,17,10,2,0,7,4,12,10,2,0,4,2,12,10,3,842669
285673,0,4,2,12,9,2,1,4,2,17,10,3,1,4,2,15,8,2,0,11,5,12,10,3,1,6,3,15,10,3,973971
276703,1,11,5,17,8,3,0,9,5,15,10,2,1,6,3,17,10,2,1,7,4,15,10,2,0,11,6,12,9,2,982185
107385,1,9,4,17,7,3,1,11,6,17,10,2,1,6,3,17,8,2,1,9,4,15,10,3,0,4,2,15,10,2,369665
118340,0,4,2,12,10,3,1,11,5,17,10,3,0,6,3,15,6,2,0,4,2,15,7,3,1,7,3,17,7,3,409263
250517,1,11,5,15,10,3,1,6,3,17,9,3,0,11,6,12,9,2,1,4,2,17,9,3,0,13,6,12,8,3,865425
143718,0,9,5,15,10,2,1,11,6,17,7,2,0,13,6,15,10,3,0,9,5,12,9,2,0,11,6,15,9,2,492092
186226,0,13,6,12,9,3,0,9,5,15,10,2,0,4,2,15,10,3,0,13,6,12,9,3,1,9,4,15,10,3,629572
249096,1,6,3,17,9,3,0,7,4,12,10,2,0,11,6,15,10,2,0,4,2,12,10,2,1,11,5,17,10,3,880119
258405,1,9,5,17,10,2,1,13,6,17,10,3,0,7,4,12,10,2,0,6,3,15,10,2,1,11,5,15,7,3,915444
109813,0,13,6,15,8,3,1,13,6,17,8,3,0,13,6,12,10,3,1,13,6,17,10,3,0,4,2,12,10,3,371974
126837,1,13,6,15,6,3,1,4,2,17,10,2,0,13,6,12,9,3,0,7,3,15,10,3,1,7,4,15,9,2,441606
150470,1,6,3,15,9,3,0,7,3,15,10,3,1,7,3,15,10,3,1,11,5,15,10,3,1,13,6,17,10,3,512491
250864,0,9,5,12,10,2,1,9,4,15,10,3,1,6,3,15,10,3,1,4,2,15,10,2,1,11,5,17,10,3,852728
283871,0,4,2,15,10,2,1,9,4,15,8,3,1,4,2,17,10,3,0,9,5,15,10,2,0,7,4,15,10,2,1001396
190889,1,7,3,17,10,3,1,11,6,17,10,2,1,7,4,17,9,2,1,9,4,17,10,3,1,6,3,15,10,3,598652
141726,0,9,4,12,10,3,1,9,5,17,10,2,1,6,3,15,9,2,1,9,4,17,10,3,0,11,5,12,10,3,485357
221800,1,6,3,15,9,3,1,4,2,17,9,3,0,6,3,12,10,3,1,7,3,15,10,3,0,4,2,12,9,3,760426
258039,1,4,2,15,10,2,1,4,2,15,10,2,1,13,6,15,10,3,1,11,6,15,10,2,1,7,3,17,10,3,803853
289232,0,9,4,15,9,3,0,4,2,12,10,3,1,13,6,17,10,3,0,13,6,15,10,3,0,4,2,15,10,3,992505
165307,0,4,2,12,10,3,1,7,4,15,10,2,1,4,2,15,10,2,0,11,5,15,9,3,0,9,4,12,10,3,570690
137021,1,9,5,17,10,2,1,13,6,17,8,3,1,13,6,15,10,3,1,4,2,15,10,2,0,7,4,15,9,2,478179
133631,0,7,3,15,7,3,0,11,6,15,10,2,0,4,2,12,9,3,0,7,4,12,10,2,0,11,6,15,9,2,411060
199654,0,11,5,12,10,3,0,4,2,12,10,3,1,4,2,17,10,3,0,9,5,15,9,2,1,7,3,17,9,3,701090
153909,1,9,5,15,10,2,0,7,3,15,10,3,1,9,5,17,10,2,0,11,6,12,10,2,0,7,4,15,9,2,536494
253022,1,11,5,17,10,3,0,11,5,15,9,3,0,7,3,12,10,3,1,11,5,15,7,3,1,7,3,17,10,3,877100
222025,1,6,3,17,10,3,1,7,4,17,10,2,0,7,4,15,10,2,0,9,4,15,7,3,0,6,3,15,10,3,793557
167777,0,9,5,12,10,2,1,6,3,17,10,2,1,4,2,17,10,3,1,7,4,15,9,2,0,7,3,15,10,3,589454
283490,0,6,3,12,10,3,0,9,5,12,10,2,1,6,3,15,8,2,1,4,2,15,10,2,0,7,4,15,10,2,977522
121983,0,13,6,12,10,3,1,4,2,15,10,3,0,13,6,12,9,3,0,7,3,12,7,3,1,9,5,15,10,2,411340
119180,1,13,6,15,10,3,1,11,6,15,10,2,1,4,2,17,10,3,1,6,3,15,10,2,1,4,2,15,9,2,371861
240111,1,7,3,17,10,3,1,9,4,15,9,3,0,4,2,15,9,3,1,11,5,17,7,3,1,6,3,17,10,2,831993
261660,1,9,5,15,10,2,1,7,3,15,10,3,1,4,2,17,10,2,1,9,5,15,10,2,1,4,2,15,6,3,815377
100245,0,11,5,15,10,3,0,9,5,15,10,2,1,6,3,15,10,3,1,13,6,17,10,3,0,7,4,12,10,2,353930
199268,0,11,6,12,10,2,1,11,5,17,9,3,0,9,5,12,6,2,1,11,5,17,9,3,0,9,4,15,10,3,671560
261764,0,6,3,12,9,2,1,7,4,15,8,2,1,9,4,17,10,3,1,11,5,17,10,3,1,7,4,15,10,2,882978
191523,1,4,2,17,10,2,0,11,5,15,9,3,0,7,3,15,10,3,0,9,5,15,10,2,1,9,4,17,10,3,676423
270374,1,7,3,17,10,3,0,4,2,12,10,2,0,9,4,12,10,3,0,11,6,12,10,2,0,13,6,15,10,3,913504
299061,0,6,3,15,8,2,1,6,3,15,10,2,0,7,4,12,10,2,0,6,3,12,10,2,1,4,2,17,8,3,1032878
258081,1,4,2,17,10,3,0,6,3,12,10,2,1,4,2,17,10,2,1,7,3,15,9,3,1,6,3,17,10,2,876790
107518,0,6,3,15,10,3,1,11,6,15,10,2,1,4,2,15,10,3,0,4,2,12,10,3,0,9,5,12,10,2,373046
211966,0,11,5,12,10,3,0,7,3,15,10,3,1,6,3,17,10,2,0,9,4,15,10,3,1,11,5,15,10,3,744388
120972,0,6,3,12,8,2,0,6,3,12,10,2,1,11,5,17,7,3,1,4,2,17,10,3,1,7,4,15,10,2,411995
252380,1,4,2,15,10,2,1,7,3,17,8,3,0,9,4,12,10,3,1,13,6,17,10,3,1,9,5,17,10,2,855028
155614,0,11,6,12,8,2,0,4,2,12,6,2,0,6,3,15,10,3,1,7,3,15,10,3,1,9,4,15,10,3,534746
210227,0,9,5,12,10,2,1,6,3,15,9,3,1,11,5,15,10,3,1,11,5,15,6,3,1,6,3,17,10,3,713607
164025,1,4,2,17,10,2,0,7,3,12,10,3,1,6,3,15,10,3,0,4,2,12,10,3,0,7,3,15,10,3,566815
258823,1,11,6,17,8,2,0,4,2,12,9,2,1,7,4,15,10,2,1,11,5,17,10,3,0,7,4,12,8,2,885498
116207,1,6,3,15,9,2,0,11,6,12,9,2,1,11,5,15,7,3,1,4,2,15,10,3,1,9,5,17,10,2,392509
242760,1,13,6,17,10,3,1,11,6,17,10,2,1,6,3,15,10,2,0,6,3,12,9,2,0,7,3,15,10,3,851473
144778,1,4,2,15,10,2,0,11,6,15,10,2,1,6,3,17,10,2,1,9,4,15,8,3,1,9,4,17,10,3,504257
252534,0,9,5,12,8,2,0,11,5,15,10,3,0,4,2,15,10,3,0,9,5,12,9,2,0,4,2,12,10,3,774906
260101,1,9,5,17,8,2,1,4,2,15,10,2,1,7,3,17,10,3,1,11,5,15,10,3,1,6,3,17,8,2,815400
290041,1,11,6,15,7,2,1,7,3,15,10,3,1,6,3,15,10,3,1,6,3,17,9,3,0,4,2,15,10,3,995967
216190,1,4,2,17,10,2,1,4,2,17,10,2,1,11,6,15,10,2,1,7,4,17,7,2,0,13,6,15,10,3,745196
286882,1,7,4,17,10,2,1,6,3,15,10,3,0,13,6,15,10,3,0,7,3,12,10,3,0,7,4,15,8,2,1015774
256493,0,9,4,15,10,3,1,9,4,15,10,3,0,11,6,12,10,2,1,11,6,15,10,2,1,6,3,17,10,3,901843
102149,1,11,6,15,9,2,0,9,4,15,8,3,1,4,2,15,7,2,0,4,2,15,10,3,1,9,4,17,9,3,356811
251252,1,4,2,15,9,3,1,11,6,15,10,2,1,7,3,15,10,3,1,7,4,15,10,2,0,11,5,15,10,3,854754
186197,1,4,2,17,10,3,0,11,5,12,9,3,0,11,6,15,9,2,1,9,5,15,6,2,1,11,5,17,10,3,646030
180765,0,4,2,12,9,2,1,4,2,15,9,3,0,11,5,15,8,3,1,6,3,15,10,3,0,6,3,12,10,3,621665
287988,1,11,6,15,9,2,1,13,6,17,10,3,0,6,3,15,10,3,1,9,5,17,10,2,0,13,6,12,10,3,1017075
138220,1,4,2,17,10,2,1,9,5,17,10,2,1,6,3,17,10,3,1,11,6,17,7,2,1,9,5,17,7,2,432759
281672,1,6,3,17,10,2,1,13,6,15,10,3,0,9,4,15,10,3,1,9,5,17,9,2,0,7,4,15,10,2,1000055
225812,0,7,4,15,9,2,1,4,2,17,10,3,0,6,3,12,10,2,1,9,5,15,7,2,0,4,2,12,10,3,790718
214700,0,11,5,12,10,3,0,6,3,12,9,3,1,4,2,15,10,3,0,6,3,12,10,3,1,6,3,15,10,3,723486
222574,1,13,6,15,10,3,1,11,5,17,10,3,0,13,6,12,10,3,1,7,3,17,10,3,0,7,3,15,8,3,777272
126502,1,4,2,15,10,3,1,7,3,17,10,3,0,11,6,15,10,2,1,6,3,17,9,3,0,6,3,12,9,2,445828
162864,0,9,4,12,8,3,1,13,6,17,6,3,1,4,2,15,10,2,0,4,2,15,9,2,0,11,5,12,9,3,561513
215252,1,9,4,17,10,3,1,13,6,17,10,3,0,6,3,15,8,2,0,11,6,12,10,2,1,13,6,15,9,3,751453
186343,1,4,2,17,10,3,0,6,3,12,10,3,0,13,6,12,10,3,1,11,6,15,10,2,1,7,3,17,10,3,643882
101697,0,7,4,12,9,2,1,7,4,15,8,2,0,11,6,12,10,2,1,4,2,15,10,2,1,6,3,17,9,3,350522
294980,0,9,5,15,10,2,1,4,2,15,8,2,1,6,3,15,10,2,0,7,3,15,10,3,0,6,3,15,8,3,1018338
214260,1,9,5,17,5,2,1,9,5,17,9,2,0,7,4,15,10,2,1,9,5,17,10,2,1,4,2,17,10,2,745935
215811,1,7,4,17,9,2,0,9,4,12,10,3,0,6,3,15,10,2,1,6,3,17,10,2,0,11,5,15,10,3,761425
261840,0,6,3,12,9,2,1,6,3,17,8,2,0,6,3,15,10,3,0,6,3,15,8,2,0,6,3,12,10,2,868409
152867,0,4,2,15,10,2,1,4,2,17,10,3,1,9,5,17,10,2,0,11,5,15,10,3,0,9,4,12,10,3,541274
251023,0,6,3,15,9,2,1,4,2,15,10,2,0,4,2,15,10,3,0,7,4,12,6,2,0,6,3,12,10,3,846756
278702,1,11,5,17,10,3,1,11,6,15,10,2,1,4,2,15,10,3,1,9,4,15,10,3,0,9,4,15,10,3,951797
205968,1,9,5,17,10,2,1,11,6,15,9,2,0,9,4,12,10,3,1,13,6,17,9,3,1,11,6,17,10,2,696410
233923,1,6,3,15,10,3,1,7,4,15,10,2,0,9,5,15,8,2,0,9,5,12,10,2,1,7,3,15,10,3,805167
240345,0,6,3,12,9,2,0,4,2,15,10,3,1,11,5,15,9,3,1,9,4,15,9,3,0,4,2,15,10,2,818848
129819,0,6,3,12,9,3,0,6,3,12,9,3,1,11,5,17,8,3,1,6,3,17,10,3,1,13,6,17,10,3,441688
161196,0,11,5,15,7,3,0,7,3,12,10,3,0,7,4,12,9,2,0,4,2,12,10,3,1,6,3,15,10,2,541416
129089,0,4,2,15,9,3,0,6,3,12,10,2,0,6,3,15,10,3,0,9,4,15,10,3,0,4,2,15,8,2,396647
236005,0,7,4,15,10,2,0,7,3,12,7,3,1,13,6,17,7,3,0,4,2,15,9,3,1,6,3,15,10,3,828240
103997,0,7,4,15,10,2,1,9,5,17,9,2,1,7,4,17,10,2,1,7,3,17,10,3,1,9,5,15,10,2,366899
184841,0,9,5,12,10,2,0,11,6,12,10,2,1,6,3,17,10,3,0,6,3,12,10,3,1,9,5,15,10,2,637307
147643,1,9,5,15,10,2,0,4,2,15,10,3,1,11,6,15,10,2,1,13,6,15,9,3,0,4,2,12,10,3,505133
223081,1,7,3,15,10,3,0,4,2,12,10,3,0,9,5,12,10,2,1,6,3,17,10,3,1,7,4,17,10,2,772030
187541,1,6,3,17,10,3,1,6,3,15,10,3,0,11,6,15,8,2,0,11,6,12,10,2,1,9,5,15,10,2,646099
223012,0,7,4,12,10,2,1,9,4,17,9,3,1,11,6,15,7,2,1,7,4,17,8,2,1,6,3,17,10,3,770831
293422,1,11,5,17,10,3,1,13,6,15,10,3,0,7,4,15,8,2,0,6,3,12,10,3,1,7,3,17,10,3,1038035
247838,1,9,4,17,9,3,0,11,5,15,10,3,0,4,2,12,9,3,1,11,5,17,10,3,1,7,4,15,10,2,871115
192348,1,9,5,17,8,2,0,13,6,15,10,3,1,6,3,17,10,3,1,9,5,17,10,2,0,7,4,12,9,2,674367
123501,1,11,6,15,10,2,0,6,3,12,10,2,0,9,4,15,10,3,1,7,3,17,10,3,0,7,4,15,10,2,435276
175102,1,4,2,15,10,2,1,7,4,17,10,2,1,4,2,15,10,2,1,4,2,17,8,3,1,13,6,17,9,3,548524
212572,1,11,6,17,10,2,0,11,6,12,10,2,1,6,3,17,10,2,0,7,3,15,10,3,1,11,5,17,10,3,745258
105124,1,9,5,17,10,2,0,6,3,15,7,3,0,4,2,12,10,3,1,9,5,15,10,2,1,6,3,17,10,2,365993
236658,1,9,5,17,10,2,0,6,3,15,10,3,0,9,5,15,8,2,0,11,5,12,10,3,1,11,5,17,10,3,838093
195947,0,4,2,12,10,2,1,7,4,15,10,2,0,4,2,15,10,3,0,7,4,12,8,2,0,11,6,15,9,2,671128
154604,1,6,3,17,7,3,0,7,4,12,8,2,0,6,3,12,9,2,0,7,4,15,10,2,0,7,3,12,6,3,520629
232789,1,6,3,17,10,2,1,6,3,15,10,3,0,9,4,12,9,3,1,11,6,15,10,2,0,11,6,15,8,2,812169
144128,1,4,2,15,9,2,1,9,4,15,10,3,0,7,3,12,8,3,0,4,2,12,10,2,0,9,5,15,10,2,494363
153275,1,6,3,15,10,2,1,13,6,15,7,3,1,6,3,17,10,3,0,13,6,15,10,3,0,7,3,15,10,3,535470
242857,1,13,6,15,10,3,0,6,3,15,10,3,1,11,5,15,10,3,0,4,2,12,10,2,1,11,6,15,8,2,838488
232165,0,4,2,12,10,3,0,6,3,12,10,2,0,9,5,12,10,2,0,6,3,12,10,3,1,4,2,17,9,2,770189
265610,1,11,5,15,7,3,1,9,4,15,7,3,0,4,2,12,8,3,1,6,3,15,6,2,1,9,4,17,10,3,885025
191606,1,7,3,15,6,3,0,7,4,15,10,2,0,7,3,15,7,3,0,7,3,12,10,3,0,6,3,12,8,2,630680
171391,1,9,4,15,10,3,0,9,5,15,9,2,0,11,6,15,9,2,0,7,4,15,10,2,1,4,2,15,10,3,597289
204198,1,9,4,15,10,3,0,9,5,15,10,2,0,7,3,12,10,3,0,4,2,15,10,3,0,7,4,12,9,2,690993
126714,1,9,4,15,10,3,0,4,2,12,10,3,1,4,2,17,10,2,0,13,6,15,10,3,1,7,3,17,10,3,446055
168073,0,4,2,12,10,2,0,6,3,12,8,3,0,11,5,15,10,3,1,7,3,15,10,3,1,9,4,17,10,3,587345
269983,1,11,6,15,10,2,1,9,4,17,10,3,0,4,2,15,10,3,1,9,4,15,10,3,0,11,6,12,9,2,941743
248289,1,13,6,17,10,3,1,6,3,15,10,2,0,7,3,15,9,3,0,6,3,12,7,2,0,4,2,12,9,3,858367
240143,0,11,6,15,9,2,1,11,5,17,10,3,0,7,4,12,10,2,0,9,5,15,8,2,1,11,6,17,10,2,837881
279512,0,6,3,12,10,2,1,6,3,15,10,2,0,11,6,12,10,2,0,9,5,15,10,2,1,9,5,15,10,2,969662
187460,0,6,3,15,8,3,0,4,2,12,6,2,0,7,3,12,10,3,1,6,3,17,8,2,1,9,4,17,10,3,652839
141397,1,6,3,15,10,2,1,11,6,15,10,2,1,4,2,17,10,3,1,4,2,17,10,2,0,7,4,12,10,2,483290
232033,0,7,4,12,10,2,0,6,3,12,9,3,1,4,2,15,10,3,1,6,3,15,7,2,0,7,3,15,10,3,798323
191705,0,11,5,12,8,3,0,6,3,15,10,2,1,11,6,15,7,2,1,6,3,15,10,2,0,4,2,15,7,2,662993
186057,0,6,3,15,10,2,1,4,2,17,9,3,0,6,3,15,10,2,0,6,3,15,10,2,0,4,2,12,10,2,632683
278676,0,7,4,12,7,2,0,6,3,15,10,2,1,6,3,17,10,3,0,6,3,12,10,3,1,6,3,17,10,3,954076
147312,0,6,3,15,10,3,1,6,3,15,10,2,1,7,3,15,10,3,1,6,3,17,10,2,0,6,3,12,9,3,506704
124719,0,11,5,12,10,3,0,9,4,15,9,3,1,7,3,15,9,3,0,7,4,12,6,2,1,4,2,15,10,3,428696
144499,1,4,2,17,10,2,1,4,2,17,9,2,0,4,2,15,10,2,1,11,5,15,10,3,1,4,2,17,6,2,490523
186397,0,4,2,15,10,3,1,9,5,17,10,2,1,9,5,17,10,2,0,7,3,12,10,3,0,9,5,15,7,2,654749
138433,0,6,3,12,10,2,0,4,2,15,9,3,1,9,5,15,9,2,0,7,4,12,10,2,0,7,3,12,10,3,471055
188843,1,11,5,15,10,3,0,6,3,12,10,3,0,9,4,12,10,3,0,7,3,15,10,3,1,6,3,17,10,3,662546
264633,0,7,4,12,10,2,0,6,3,15,10,2,0,7,4,15,10,2,0,9,4,15,10,3,0,7,3,15,10,3,815648
259070,0,4,2,12,7,2,0,11,6,15,10,2,0,11,5,15,10,3,0,7,4,15,8,2,0,6,3,12,10,2,798106
177216,1,4,2,17,10,3,1,9,4,15,10,3,0,6,3,12,7,2,1,7,4,17,9,2,0,9,4,12,10,3,609783
104366,0,11,5,12,10,3,1,4,2,17,10,3,0,6,3,15,10,2,0,7,4,15,10,2,1,13,6,15,10,3,367260
284348,1,9,5,15,10,2,0,7,3,12,10,3,0,11,5,15,10,3,1,11,6,17,10,2,1,6,3,15,9,3,998110
299993,1,9,4,17,8,3,1,9,4,17,10,3,1,7,4,17,10,2,1,7,3,15,10,3,1,6,3,15,10,3,939769
156327,1,7,4,15,9,2,1,7,4,15,10,2,1,13,6,17,10,3,1,6,3,15,10,2,0,7,3,12,10,3,524462
202968,1,13,6,15,10,3,0,11,6,15,10,2,1,4,2,15,10,3,0,9,4,12,8,3,0,7,4,12,10,2,707205
156739,1,11,5,17,10,3,0,11,5,12,7,3,0,7,4,12,10,2,1,9,5,17,10,2,1,11,5,17,9,3,539207
108699,0,7,3,15,10,3,1,6,3,15,10,3,0,4,2,12,9,2,0,9,5,12,9,2,0,7,4,12,8,2,369747
211542,1,7,3,15,9,3,0,9,5,12,9,2,1,11,5,17,10,3,0,4,2,15,7,2,0,4,2,15,10,3,732974
250872,1,6,3,17,10,2,1,4,2,15,8,2,1,7,3,17,8,3,1,6,3,17,9,2,1,9,4,15,10,3,785116
152726,0,13,6,15,10,3,1,7,4,15,10,2,0,9,5,12,10,2,0,6,3,12,10,3,1,11,5,15,10,3,528447
260494,1,11,6,17,10,2,1,9,5,17,8,2,0,11,5,12,8,3,1,11,6,17,8,2,0,4,2,15,10,2,908026
156054,1,13,6,17,9,3,0,7,4,15,10,2,1,7,3,15,10,3,0,7,3,15,10,3,1,9,4,15,8,3,543632
104240,0,11,5,12,10,3,1,11,5,15,10,3,1,9,5,15,10,2,1,13,6,15,10,3,0,6,3,12,10,3,355360
218432,1,6,3,15,10,3,0,9,4,12,10,3,1,7,4,15,10,2,1,7,4,17,10,2,0,9,5,12,10,2,745905
290222,0,11,6,15,10,2,0,4,2,12,8,2,0,7,3,15,10,3,1,13,6,17,9,3,1,4,2,17,10,3,1026016
151478,1,6,3,15,10,3,0,11,6,12,10,2,0,4,2,15,9,3,0,4,2,15,10,3,0,11,5,12,7,3,514855
110822,0,9,4,15,10,3,0,4,2,12,9,2,0,9,4,15,10,3,0,11,5,12,10,3,1,6,3,15,10,2,375801
209869,0,6,3,15,10,2,0,9,5,12,10,2,1,4,2,17,10,3,0,7,3,12,10,3,0,7,3,15,10,3,721465
292677,1,11,5,15,10,3,0,6,3,12,9,2,0,4,2,15,10,3,0,11,6,12,9,2,0,11,5,12,9,3,984834
298015,1,11,6,17,10,2,0,9,5,12,10,2,1,9,4,17,9,3,1,6,3,17,10,3,0,11,5,15,10,3,1051946
100483,1,13,6,17,10,3,0,6,3,15,10,3,1,7,4,15,10,2,1,6,3,15,10,2,0,6,3,12,10,3,348646
143323,0,13,6,15,9,3,1,9,5,17,10,2,0,13,6,12,9,3,1,6,3,17,9,3,0,11,6,15,8,2,504703
230624,1,4,2,15,8,2,0,11,5,12,10,3,1,4,2,15,10,2,0,11,6,15,10,2,0,7,3,12,10,3,779804
200365,1,7,4,17,10,2,0,7,4,15,10,2,1,9,5,15,10,2,1,7,4,15,10,2,0,7,4,12,8,2,701616
228009,1,6,3,17,10,2,1,11,5,17,10,3,1,13,6,15,10,3,1,7,4,17,10,2,1,4,2,17,10,2,715265
185620,0,4,2,12,10,2,1,7,3,17,6,3,0,13,6,15,10,3,1,7,3,17,7,3,0,6,3,12,10,3,621113
118153,0,11,6,15,10,2,1,6,3,17,8,3,1,9,5,17,10,2,1,6,3,15,10,2,1,9,5,15,8,2,410262
277242,1,9,5,15,10,2,1,4,2,15,9,2,1,4,2,17,10,3,1,7,4,17,8,2,0,7,3,12,9,3,927905
246306,1,4,2,15,10,2,0,4,2,15,10,3,1,13,6,17,10,3,1,11,6,15,8,2,0,9,4,15,9,3,868400
295917,0,7,3,12,10,3,0,6,3,12,10,2,1,13,6,15,10,3,1,6,3,15,9,2,0,13,6,15,10,3,1020106
216394,0,7,3,12,9,3,0,13,6,15,8,3,0,9,5,12,9,2,0,9,5,15,9,2,0,7,4,12,9,2,664136
226366,0,13,6,15,10,3,0,13,6,12,10,3,1,9,5,15,10,2,0,6,3,12,10,3,1,7,4,15,10,2,780979
124500,1,7,4,17,10,2,1,11,6,15,9,2,0,13,6,12,10,3,0,13,6,15,10,3,1,13,6,17,10,3,429368
273331,0,9,4,12,8,3,0,11,6,15,10,2,1,7,3,15,10,3,1,11,6,15,10,2,0,6,3,12,10,2,945246
231475,0,7,3,12,10,3,1,4,2,15,10,2,1,9,4,17,10,3,0,11,5,12,10,3,0,9,5,12,10,2,791649
208738,1,13,6,15,10,3,0,4,2,15,10,3,1,9,4,15,9,3,0,11,6,12,10,2,1,11,5,15,10,3,726209
128449,0,11,5,15,10,3,1,4,2,15,10,2,0,7,4,15,10,2,0,11,6,12,10,2,1,4,2,17,9,3,442633
248497,1,6,3,17,8,3,0,7,3,15,9,3,0,9,4,15,9,3,1,7,3,17,7,3,1,9,5,15,10,2,868809
121830,0,4,2,15,10,2,0,6,3,12,10,3,0,7,3,15,10,3,1,7,4,15,10,2,0,4,2,15,10,3,419851
167543,1,13,6,17,10,3,0,4,2,15,10,2,0,7,4,12,10,2,1,4,2,17,10,3,0,7,4,15,10,2,590330
291879,0,9,5,12,10,2,1,9,5,17,10,2,0,4,2,15,10,2,0,7,3,12,10,3,0,9,5,12,10,2,1020031
199783,1,7,4,17,10,2,1,11,6,15,10,2,1,7,4,15,10,2,0,13,6,15,10,3,1,11,6,17,9,2,688466
141212,0,9,4,12,10,3,1,6,3,15,10,2,0,4,2,12,10,2,1,13,6,15,10,3,1,9,5,17,10,2,483701
131914,1,6,3,17,6,3,1,6,3,15,10,2,1,9,5,15,10,2,0,11,6,12,8,2,1,4,2,15,7,2,443023
168086,1,4,2,15,10,2,1,9,4,17,8,3,1,6,3,17,10,3,1,7,4,17,10,2,1,9,5,15,9,2,527026
254370,1,7,4,15,10,2,1,4,2,17,8,3,0,9,5,15,10,2,1,9,5,17,10,2,1,11,6,15,10,2,894570
185149,1,4,2,15,9,3,1,13,6,15,10,3,1,6,3,17,10,3,0,11,5,15,10,3,1,7,4,17,10,2,640171
281890,0,11,5,15,10,3,1,7,3,15,9,3,0,11,6,15,10,2,0,9,5,12,8,2,1,9,5,17,10,2,990143
253549,1,7,4,17,10,2,1,4,2,17,10,3,0,7,3,12,8,3,0,7,4,12,10,2,1,6,3,17,10,3,873057
141738,1,4,2,17,7,2,1,7,4,15,8,2,0,6,3,12,10,3,1,13,6,15,10,3,1,6,3,15,10,2,478945
144138,0,7,4,15,10,2,0,7,4,15,10,2,0,7,4,15,10,2,0,7,4,15,9,2,1,13,6,17,9,3,485068
180630,1,9,5,15,9,2,0,9,5,15,10,2,0,9,4,12,10,3,1,13,6,15,10,3,1,11,5,15,10,3,626172
254875,0,6,3,15,10,3,0,9,5,12,10,2,1,4,2,17,10,2,1,4,2,17,8,2,0,11,5,12,10,3,875371
227160,0,11,5,12,10,3,0,9,5,12,10,2,0,4,2,15,10,2,0,6,3,12,10,2,0,6,3,12,10,3,693387
128937,1,11,6,17,10,2,0,4,2,15,8,3,1,6,3,17,10,2,0,13,6,15,10,3,1,7,4,15,10,2,457241
102941,0,6,3,15,10,2,0,7,3,15,10,3,0,4,2,15,10,3,0,4,2,15,10,3,1,11,6,17,10,2,359916
138786,1,6,3,15,10,3,0,11,5,12,9,3,1,11,6,17,9,2,0,7,3,12,9,3,1,9,5,15,10,2,475909
183629,1,9,5,17,10,2,1,9,5,15,8,2,0,7,3,12,10,3,0,6,3,12,10,2,0,13,6,15,10,3,637189
145930,1,7,3,15,10,3,1,13,6,17,10,3,0,4,2,15,9,3,1,9,4,15,10,3,1,7,3,15,10,3,499548
296856,0,7,4,15,10,2,1,9,5,15,10,2,1,7,4,17,10,2,0,9,5,15,10,2,0,6,3,15,8,3,1057920
217748,1,6,3,17,10,3,1,6,3,15,8,2,1,6,3,17,10,3,0,7,3,12,10,3,0,9,4,15,10,3,744276
131088,0,11,6,15,10,2,1,7,4,17,10,2,0,4,2,12,10,2,0,4,2,15,10,2,0,11,5,15,10,3,453747
241601,1,9,5,17,10,2,0,9,5,12,8,2,0,13,6,15,8,3,1,11,6,17,10,2,0,11,5,15,10,3,861801
176799,1,7,3,17,10,3,0,11,5,12,9,3,0,13,6,12,9,3,1,4,2,17,10,3,1,4,2,17,10,3,605260
134000,0,11,6,15,10,2,1,9,5,15,8,2,0,11,6,15,10,2,0,9,5,12,10,2,0,9,5,15,7,2,454749
242157,1,6,3,17,10,3,0,7,4,15,7,2,1,4,2,17,7,2,0,9,5,12,7,2,0,6,3,12,10,2,847616
116425,1,11,6,17,10,2,0,9,5,12,10,2,1,6,3,15,10,2,0,7,3,15,10,3,1,4,2,17,10,3,409035
282823,1,6,3,17,8,2,0,11,5,12,9,3,0,4,2,12,10,2,0,11,6,15,10,2,0,7,3,12,9,3,954286
171344,0,6,3,15,10,2,0,6,3,12,10,2,0,13,6,15,10,3,1,6,3,15,10,3,1,4,2,17,10,3,600209
156113,0,9,5,15,9,2,1,11,5,15,10,3,0,7,4,12,10,2,1,4,2,15,10,2,0,11,5,12,10,3,540324
271407,1,11,5,15,9,3,1,4,2,17,10,3,1,7,3,15,10,3,0,9,5,15,10,2,1,4,2,17,8,2,949222
129810,0,6,3,12,10,3,0,7,4,12,10,2,1,11,6,15,10,2,0,13,6,12,8,3,0,13,6,15,10,3,442145
275291,0,11,5,12,10,3,0,9,4,12,10,3,0,4,2,12,10,2,0,4,2,12,10,3,1,4,2,15,10,3,913419
183122,1,9,4,17,10,3,0,4,2,15,10,2,1,6,3,15,7,2,1,11,5,15,10,3,1,6,3,15,10,2,624684
258315,0,13,6,15,5,3,0,11,5,15,10,3,0,9,5,15,10,2,1,7,4,17,10,2,0,11,6,12,10,2,900726
251705,0,9,5,12,10,2,0,6,3,15,9,3,1,9,4,17,9,3,0,4,2,15,10,3,1,4,2,17,9,2,884014
181222,1,6,3,15,10,2,1,7,4,17,10,2,0,9,5,15,10,2,1,4,2,17,7,3,0,4,2,12,10,2,638536
296498,1,4,2,15,9,2,1,11,6,15,9,2,1,6,3,17,10,3,1,9,4,17,9,3,0,9,4,15,10,3,1013762
197825,0,4,2,15,9,3,0,9,4,15,8,3,1,7,3,17,10,3,1,4,2,17,10,3,1,4,2,15,10,2,690256
272026,1,4,2,17,7,2,0,7,4,12,10,2,0,9,5,12,10,2,1,13,6,17,8,3,1,7,4,15,10,2,943917
290370,1,7,4,15,10,2,0,6,3,15,10,2,1,4,2,17,10,2,1,11,6,15,9,2,0,7,4,15,10,2,1023100
119688,0,6,3,12,7,3,1,4,2,17,9,2,1,6,3,15,10,2,1,4,2,15,10,2,1,11,6,15,9,2,398948
237195,1,7,4,15,8,2,1,4,2,15,10,3,0,4,2,12,10,3,0,6,3,12,8,3,1,7,4,15,10,2,804328
274485,0,11,5,15,10,3,1,13,6,15,10,3,0,6,3,15,10,2,0,11,5,12,10,3,0,11,5,15,8,3,921252
222879,1,11,5,17,10,3,0,11,5,15,10,3,0,11,6,12,10,2,1,9,4,17,10,3,0,7,3,15,10,3,784931
190432,0,7,4,15,10,2,1,13,6,15,9,3,0,6,3,12,7,2,1,9,5,15,10,2,0,9,4,12,10,3,663988
262904,0,11,5,15,10,3,0,4,2,15,10,3,1,6,3,15,10,2,0,6,3,15,10,3,0,7,4,12,10,2,891355
240495,1,11,6,17,10,2,0,11,6,12,7,2,1,7,3,15,7,3,1,11,6,15,10,2,1,9,5,17,10,2,809756
120524,0,11,6,15,10,2,1,11,6,15,10,2,1,13,6,17,10,3,0,13,6,15,8,3,1,4,2,15,9,3,426274
267147,1,13,6,15,8,3,1,9,4,17,10,3,0,4,2,12,7,2,1,4,2,17,10,3,1,7,4,15,10,2,896524
191138,0,6,3,12,7,2,0,13,6,12,9,3,1,13,6,15,10,3,0,11,5,15,10,3,1,4,2,17,10,2,666699
106570,0,4,2,12,10,3,1,9,4,15,10,3,1,13,6,17,7,3,0,11,5,15,10,3,0,9,4,12,10,3,367299
274597,1,7,3,17,10,3,0,7,3,15,10,3,0,11,5,15,10,3,0,13,6,12,9,3,0,9,5,15,8,2,932947
186981,0,13,6,15,9,3,0,13,6,12,10,3,0,13,6,12,9,3,1,7,3,17,10,3,0,11,6,12,8,2,623178
228456,1,11,5,17,10,3,1,11,5,17,10,3,0,4,2,12,7,3,0,6,3,12,10,2,1,6,3,17,10,2,776505
219264,0,4,2,12,10,2,1,13,6,17,7,3,1,11,6,17,10,2,1,6,3,15,10,3,0,9,4,15,10,3,767627
235865,0,6,3,12,10,3,1,7,4,15,10,2,0,9,5,12,10,2,1,11,5,15,10,3,0,9,4,12,10,3,799224
183003,1,11,5,17,10,3,0,7,4,15,10,2,1,6,3,17,10,3,0,11,5,15,10,3,0,7,4,12,6,2,645419
177253,0,9,4,12,10,3,0,6,3,15,10,2,0,9,5,15,8,2,1,6,3,17,10,2,0,9,5,15,10,2,604083
175639,0,11,6,15,10,2,1,9,4,15,10,3,1,6,3,17,10,2,1,7,3,17,8,3,0,4,2,15,9,2,622117
128157,1,11,5,15,9,3,1,7,3,15,10,3,0,13,6,12,10,3,0,4,2,15,10,3,1,4,2,17,9,2,449438
182770,0,9,5,15,10,2,1,11,5,17,9,3,1,6,3,17,7,3,1,7,3,15,10,3,1,6,3,17,9,3,636037
108032,0,7,4,15,10,2,1,7,4,15,10,2,0,11,5,12,10,3,1,13,6,17,10,3,1,9,5,15,10,2,380002
288156,0,7,3,12,10,3,1,4,2,17,10,3,0,7,3,15,10,3,1,7,4,15,10,2,0,4,2,15,10,2,1008255
215201,0,13,6,15,10,3,1,13,6,15,10,3,1,7,4,15,10,2,1,13,6,15,10,3,1,11,6,15,9,2,731934
134566,1,9,5,17,10,2,1,6,3,17,10,2,0,11,6,15,10,2,1,4,2,15,9,2,0,9,5,12,10,2,476001
285376,0,4,2,15,10,3,1,9,4,15,8,3,0,6,3,12,8,2,0,6,3,12,10,2,0,7,4,15,8,2,954597
149350,1,4,2,15,9,2,0,9,5,15,10,2,1,13,6,15,10,3,0,11,6,15,7,2,0,7,3,15,10,3,518685
253792,0,11,5,12,10,3,0,4,2,15,10,2,1,4,2,15,10,2,0,13,6,15,9,3,1,7,3,15,9,3,877177
115738,0,6,3,12,10,3,0,6,3,15,9,2,0,9,4,15,7,3,0,6,3,12,10,3,0,4,2,15,8,3,354333
174500,0,9,5,15,10,2,1,4,2,15,10,3,0,7,3,15,10,3,0,6,3,15,7,3,0,11,5,12,8,3,595438
259079,1,7,3,15,10,3,0,7,4,15,10,2,1,6,3,15,10,2,0,7,3,15,9,3,1,9,4,17,10,3,908288
194791,1,7,4,17,10,2,1,9,4,17,10,3,0,11,5,15,10,3,0,9,5,15,10,2,1,11,5,17,6,3,691952
201017,1,4,2,17,10,3,0,4,2,12,10,3,1,7,3,15,10,3,1,6,3,15,10,2,1,6,3,15,8,2,678600
248343,1,9,5,15,10,2,1,7,3,15,10,3,1,7,3,15,9,3,1,11,5,17,10,3,0,4,2,12,10,2,833142
141000,0,6,3,15,10,2,1,6,3,15,10,3,1,6,3,15,10,3,0,11,5,15,9,3,0,7,3,12,10,3,481150
121450,1,7,4,17,10,2,1,7,4,17,10,2,0,7,4,15,9,2,0,9,5,12,10,2,1,9,5,17,10,2,428529
273222,0,7,3,15,10,3,0,7,4,12,10,2,1,6,3,15,10,3,1,6,3,17,10,3,0,6,3,15,9,2,943216
165433,0,11,5,12,10,3,1,9,4,15,10,3,1,4,2,15,10,3,1,4,2,15,10,2,1,4,2,15,10,3,545202
176248,1,11,6,17,10,2,0,9,5,12,10,2,1,11,6,15,9,2,1,7,4,15,10,2,1,7,3,15,10,3,602028
142930,0,9,5,12,9,2,0,6,3,12,10,3,1,9,5,17,9,2,0,9,4,15,8,3,0,11,5,15,10,3,492010
234699,0,11,6,12,10,2,0,6,3,15,10,3,0,7,3,15,10,3,1,9,5,15,8,2,1,4,2,15,10,2,814418
152488,0,6,3,12,10,3,0,13,6,15,10,3,0,6,3,12,9,2,1,7,4,15,7,2,1,7,4,15,10,2,520906
199492,1,6,3,17,7,2,1,4,2,15,6,2,1,11,5,17,10,3,0,4,2,12,10,3,0,7,4,15,8,2,697325
261837,1,9,4,15,10,3,0,11,5,12,10,3,1,11,5,15,10,3,1,9,4,15,9,3,0,9,5,15,10,2,906704
195729,1,7,4,17,10,2,1,4,2,15,10,2,1,9,5,15,9,2,0,11,6,12,9,2,1,11,6,15,7,2,662146
164537,0,7,4,15,7,2,0,9,4,15,8,3,0,9,4,12,9,3,0,6,3,12,10,2,0,13,6,15,10,3,505970
133136,0,13,6,12,10,3,0,11,5,15,10,3,1,9,4,17,10,3,0,9,4,15,10,3,0,9,5,15,10,2,455434
293740,0,4,2,15,10,3,1,4,2,17,9,3,1,7,3,15,10,3,1,11,6,15,10,2,0,4,2,15,10,3,1017452
197195,0,11,5,12,10,3,0,4,2,12,9,2,1,11,6,15,8,2,0,13,6,12,10,3,0,6,3,12,7,2,658850
181583,1,9,4,17,10,3,0,11,5,12,10,3,1,9,4,15,10,3,1,4,2,17,10,3,1,7,4,15,10,2,614756
223483,1,11,6,17,9,2,0,9,5,15,10,2,1,7,4,15,10,2,1,6,3,17,8,3,1,9,5,15,10,2,782140
108960,1,9,5,15,9,2,1,6,3,15,10,2,0,4,2,12,10,3,0,4,2,15,10,3,0,9,4,12,9,3,373372
247872,1,6,3,17,10,2,0,4,2,15,9,2,1,7,3,15,10,3,0,11,5,12,10,3,0,6,3,12,10,3,865042
139923,1,6,3,17,10,3,1,7,3,15,9,3,1,6,3,15,10,3,0,6,3,15,7,3,0,9,4,15,10,3,487890
156209,1,6,3,15,10,2,0,9,4,12,10,3,0,7,4,12,10,2,0,6,3,15,10,2,0,7,3,12,9,3,525410
118297,1,9,5,15,10,2,0,9,5,15,10,2,1,7,3,15,10,3,0,6,3,15,10,3,1,6,3,17,10,2,417945
166478,1,9,5,17,10,2,1,4,2,17,10,2,1,4,2,17,10,3,0,13,6,15,8,3,0,11,6,15,10,2,587179
214562,0,6,3,12,9,3,0,7,4,15,10,2,1,4,2,15,9,3,1,7,3,15,10,3,1,4,2,17,9,3,751782
291768,1,9,5,15,10,2,0,11,6,12,10,2,1,4,2,17,10,2,0,11,5,15,10,3,0,9,4,15,8,3,1023663
232859,0,11,6,15,10,2,1,9,4,15,10,3,0,13,6,15,10,3,1,13,6,15,10,3,1,9,5,17,9,2,818446
259727,1,7,4,15,10,2,0,9,4,15,9,3,0,7,3,12,10,3,0,9,5,12,10,2,1,6,3,15,10,2,896809
160515,1,7,3,17,10,3,1,9,4,15,8,3,1,4,2,17,9,2,1,4,2,17,10,3,0,6,3,12,10,3,547229
212647,1,13,6,15,10,3,0,6,3,12,10,3,1,4,2,17,10,2,0,11,6,15,10,2,1,9,4,15,8,3,747401
162335,0,13,6,15,10,3,1,7,4,15,10,2,1,13,6,15,9,3,0,6,3,15,10,2,0,9,4,12,8,3,565519
267578,1,13,6,15,8,3,1,11,6,17,10,2,0,11,6,15,10,2,0,11,6,15,10,2,1,9,5,15,10,2,940350
190087,1,9,5,15,10,2,0,9,5,12,10,2,0,6,3,12,10,3,0,6,3,12,10,3,1,6,3,15,10,2,643619
104359,0,7,3,12,8,3,1,11,6,17,7,2,0,6,3,12,9,2,0,11,6,12,10,2,1,6,3,17,10,2,360123
145065,1,11,6,17,10,2,0,7,4,15,10,2,1,13,6,15,10,3,0,11,6,15,7,2,1,4,2,15,10,2,512260
114707,0,9,4,15,10,3,1,6,3,15,9,2,1,11,6,15,10,2,0,6,3,12,10,3,1,13,6,15,10,3,396584
225688,1,4,2,15,10,2,1,13,6,17,7,3,0,11,6,15,10,2,1,11,5,15,10,3,0,9,4,12,10,3,789924
264204,0,4,2,12,10,3,1,7,4,15,10,2,0,9,4,15,9,3,0,9,4,15,10,3,1,11,5,15,10,3,911257
267600,0,9,4,15,7,3,0,6,3,15,10,3,0,11,6,12,9,2,0,9,4,12,10,3,0,7,3,15,7,3,823008
202656,1,6,3,17,10,2,0,9,5,12,10,2,1,9,5,17,9,2,0,13,6,15,10,3,1,4,2,17,10,3,713665
127902,1,11,6,17,9,2,1,9,4,15,10,3,0,9,5,12,8,2,1,6,3,15,10,2,0,11,5,12,10,3,439075
124568,1,13,6,15,10,3,1,6,3,15,10,2,1,4,2,15,10,2,0,11,5,12,10,3,1,6,3,15,10,3,413842
259349,1,13,6,17,10,3,1,7,3,15,10,3,0,9,4,12,10,3,1,7,4,17,7,2,0,4,2,12,10,2,889662
274124,0,9,5,15,9,2,0,9,4,12,10,3,0,6,3,12,10,2,1,6,3,17,9,2,1,6,3,17,8,2,935698
281289,1,11,5,17,10,3,0,7,4,12,7,2,1,9,5,15,10,2,1,11,6,15,10,2,1,6,3,17,10,3,948085
251279,0,6,3,15,10,2,1,4,2,17,10,2,1,7,4,17,7,2,0,4,2,12,10,3,1,4,2,17,10,3,871802
242625,1,7,4,15,10,2,1,4,2,17,10,2,0,7,3,12,10,3,0,4,2,12,8,2,1,4,2,17,8,2,829502
209587,0,11,5,15,10,3,1,11,6,17,10,2,0,4,2,15,10,2,1,4,2,17,10,3,0,6,3,12,9,3,741472
256248,0,13,6,12,10,3,1,13,6,17,10,3,0,13,6,15,8,3,0,4,2,15,10,2,1,4,2,17,9,3,899146
133487,1,4,2,15,10,3,0,11,6,15,9,2,0,7,4,15,9,2,1,6,3,15,10,3,1,13,6,17,10,3,470544
165416,1,7,4,15,10,2,0,7,4,12,8,2,0,9,5,12,10,2,1,4,2,15,10,3,0,7,4,15,9,2,576196
200585,1,11,6,15,10,2,1,9,5,17,8,2,1,9,5,15,9,2,0,4,2,15,9,3,0,9,5,12,10,2,701420
137296,0,7,4,12,10,2,0,11,5,15,8,3,0,9,5,12,9,2,1,4,2,15,10,3,1,11,5,17,8,3,475773
161651,0,11,5,12,10,3,0,4,2,12,10,3,0,6,3,12,10,2,1,6,3,15,10,2,0,7,4,12,9,2,540536
143088,1,11,6,15,8,2,1,11,5,15,10,3,1,4,2,17,9,2,1,9,5,17,10,2,1,6,3,17,8,2,448305
235853,0,4,2,15,10,3,1,11,5,17,10,3,1,6,3,15,10,3,1,4,2,17,10,3,0,6,3,12,10,2,829010
133536,1,4,2,15,10,2,1,9,4,17,10,3,0,9,5,15,9,2,1,4,2,15,10,2,0,4,2,12,10,2,464218
271675,1,7,4,17,10,2,1,9,5,15,10,2,0,9,4,12,10,3,1,11,5,15,10,3,1,11,5,17,9,3,915328
258171,0,9,5,12,10,2,1,11,6,15,9,2,1,9,4,15,9,3,0,7,3,12,10,3,1,11,5,15,10,3,870553
128014,1,7,3,15,10,3,0,9,5,15,10,2,0,4,2,12,10,3,0,11,5,12,8,3,1,9,4,15,10,3,443040
296101,1,11,6,17,10,2,0,11,5,12,10,3,0,11,5,15,9,3,1,6,3,17,10,3,1,9,4,17,10,3,1021245
168527,1,13,6,15,10,3,0,11,6,15,7,2,0,13,6,12,10,3,0,11,6,15,10,2,0,11,5,15,9,3,568102
130063,1,6,3,15,10,2,0,13,6,12,7,3,0,7,4,12,10,2,1,7,3,17,10,3,1,4,2,15,9,2,446536
272756,0,11,5,12,9,3,1,9,5,15,10,2,0,11,6,15,10,2,0,9,5,12,10,2,0,9,4,12,10,3,925588
267418,1,13,6,17,8,3,1,7,4,15,10,2,1,11,5,15,10,3,0,13,6,15,10,3,1,7,3,15,9,3,920023
261033,1,4,2,15,9,2,0,11,5,15,9,3,1,13,6,15,10,3,0,11,5,15,8,3,0,6,3,15,8,2,892915
245652,1,11,5,17,9,3,0,4,2,15,9,3,0,9,4,12,10,3,0,9,5,12,9,2,1,13,6,17,9,3,861324
129250,1,11,5,17,10,3,1,9,4,15,10,3,1,4,2,17,8,3,1,13,6,15,10,3,1,9,5,17,8,2,404827
282125,1,4,2,17,10,2,0,6,3,15,10,3,1,6,3,17,10,2,1,7,4,15,9,2,0,4,2,12,10,2,993361
149496,1,7,3,15,10,3,1,7,4,15,10,2,0,9,4,12,8,3,0,11,6,12,10,2,1,6,3,15,9,2,508518
274273,0,7,4,12,10,2,1,7,3,17,10,3,1,7,3,17,9,3,0,9,5,15,10,2,1,11,6,17,10,2,967946
259263,0,7,3,15,10,3,0,13,6,15,10,3,1,4,2,15,10,2,0,6,3,15,10,2,1,9,5,15,10,2,908408
263661,0,4,2,15,10,3,0,6,3,12,10,3,0,11,5,12,10,3,1,13,6,15,10,3,0,7,3,12,10,3,889919
166446,0,7,3,15,10,3,1,7,3,15,10,3,0,11,6,12,10,2,1,7,4,17,10,2,0,6,3,15,10,2,583297
245615,0,6,3,15,10,2,0,6,3,15,10,2,1,11,5,17,10,3,0,4,2,15,10,2,1,4,2,17,10,2,859781
215144,1,11,5,15,10,3,0,6,3,15,8,2,0,7,3,15,10,3,1,4,2,17,10,2,1,9,4,15,8,3,750985
246085,0,11,6,12,10,2,1,9,5,17,10,2,0,9,4,15,10,3,1,9,5,17,9,2,0,6,3,12,10,2,856950
226476,0,13,6,15,10,3,1,6,3,17,10,2,1,4,2,17,10,2,0,13,6,15,10,3,1,6,3,15,6,2,774279
291654,0,11,6,15,10,2,1,9,5,17,7,2,1,9,4,15,10,3,0,4,2,12,10,3,1,6,3,15,10,2,1016161
221841,0,6,3,12,9,2,0,9,5,15,10,2,1,7,3,17,10,3,1,11,6,15,10,2,1,13,6,17,8,3,778808
258219,1,4,2,15,10,3,1,9,5,15,10,2,1,6,3,15,10,2,1,7,4,15,8,2,1,6,3,17,10,2,805587
151782,1,11,6,15,10,2,0,9,4,12,10,3,0,6,3,15,10,3,1,9,5,15,10,2,1,6,3,17,8,3,532994
174883,1,7,3,15,10,3,0,7,4,12,10,2,0,11,6,15,10,2,0,6,3,12,9,2,1,13,6,15,8,3,604039
270832,0,13,6,12,9,3,0,11,6,12,7,2,0,7,4,12,7,2,0,7,3,15,10,3,0,11,5,15,10,3,831342
148264,1,11,6,15,10,2,0,13,6,12,10,3,1,4,2,17,10,3,1,11,6,17,10,2,0,6,3,15,10,3,522308
109529,0,4,2,15,8,2,1,9,5,17,10,2,1,9,4,17,10,3,0,4,2,12,10,3,0,13,6,15,10,3,380454
296410,0,6,3,15,7,3,0,7,4,15,10,2,1,9,4,17,8,3,0,7,3,15,9,3,1,4,2,15,10,2,1025738
119957,0,7,3,12,10,3,1,9,5,17,10,2,1,11,5,17,10,3,1,9,4,17,10,3,0,4,2,12,10,2,412422
156665,1,7,3,17,10,3,1,4,2,17,10,2,0,9,5,15,8,2,0,11,5,15,10,3,0,13,6,12,9,3,550370
283079,0,4,2,15,10,3,1,7,4,17,10,2,1,9,5,15,10,2,0,6,3,12,10,2,0,7,3,12,10,3,998642
146538,1,7,4,17,7,2,1,13,6,15,10,3,0,4,2,12,9,3,1,6,3,17,8,2,1,9,4,15,10,3,494135
137801,0,9,5,15,10,2,0,9,5,15,10,2,1,11,5,17,7,3,0,9,4,15,10,3,1,11,5,15,7,3,459505
257265,1,6,3,15,10,3,0,7,3,12,9,3,0,7,4,12,10,2,0,4,2,12,10,2,0,11,5,12,7,3,860005
115063,0,11,5,15,10,3,1,6,3,17,10,3,0,6,3,15,6,2,0,9,5,12,9,2,1,4,2,15,10,3,402814
258449,1,9,4,15,10,3,0,7,4,15,10,2,1,4,2,15,10,2,0,13,6,15,7,3,0,7,4,12,10,2,898846
242799,1,7,4,15,10,2,1,11,6,15,10,2,1,4,2,17,6,3,0,13,6,12,10,3,1,7,4,17,10,2,821508
114301,0,6,3,12,8,3,0,9,4,15,10,3,1,4,2,17,10,2,0,6,3,15,7,3,0,13,6,15,9,3,390410
153478,0,7,4,12,8,2,0,6,3,12,10,2,1,6,3,15,10,2,1,9,4,15,7,3,0,13,6,15,10,3,527606
106397,1,4,2,15,7,3,1,6,3,15,10,2,1,6,3,15,10,3,1,6,3,15,10,2,0,9,5,12,10,2,352665
102215,1,6,3,17,10,3,0,9,5,15,10,2,0,7,3,15,10,3,1,4,2,15,10,3,1,4,2,17,10,2,359866
206272,1,6,3,17,10,3,0,9,5,15,10,2,1,9,5,15,10,2,1,13,6,15,10,3,0,11,5,12,10,3,726141
281649,0,9,5,12,10,2,1,9,5,17,10,2,0,9,4,15,10,3,0,9,4,12,10,3,1,4,2,15,9,2,971376
255898,0,11,6,15,8,2,0,6,3,15,10,2,0,4,2,12,10,2,1,9,4,15,9,3,1,4,2,17,10,2,895367
144082,1,6,3,15,9,2,1,11,6,15,10,2,0,13,6,15,10,3,1,4,2,15,10,3,1,6,3,17,8,3,492873
177535,0,7,4,12,9,2,1,4,2,15,10,3,0,9,4,12,8,3,0,9,5,12,10,2,1,7,3,17,10,3,607851
238891,0,4,2,12,10,3,1,6,3,17,10,3,1,4,2,17,10,3,1,9,4,15,8,3,1,6,3,17,10,2,806167
150195,0,9,5,12,10,2,1,7,4,17,10,2,0,6,3,12,10,3,1,11,5,17,9,3,1,11,6,17,9,2,518826
261836,1,6,3,15,10,3,1,6,3,17,10,2,1,11,5,17,10,3,1,7,4,17,10,2,1,4,2,15,10,2,821099
180463,1,7,4,17,10,2,1,9,4,15,10,3,1,7,4,15,10,2,1,4,2,17,8,2,0,11,6,12,9,2,612397
179334,1,7,4,17,10,2,0,11,5,12,10,3,1,11,5,15,10,3,0,7,4,12,10,2,0,4,2,12,10,3,619463
157508,1,7,3,17,10,3,1,6,3,17,8,3,1,9,4,17,10,3,1,9,4,15,10,3,1,6,3,17,10,2,492603
150258,1,9,5,15,10,2,0,4,2,12,10,2,0,7,3,15,9,3,0,11,5,15,10,3,0,7,3,15,10,3,516584
213752,1,9,4,15,10,3,1,13,6,15,8,3,1,4,2,17,10,3,0,13,6,15,10,3,0,11,6,15,10,2,755445
237036,1,7,3,17,10,3,1,6,3,15,10,3,0,7,4,15,10,2,0,9,5,15,10,2,1,7,4,17,10,2,840241
162757,1,4,2,17,10,2,1,7,4,15,9,2,0,4,2,15,10,2,0,6,3,15,10,2,1,6,3,17,10,2,572827
168588,1,9,5,15,10,2,0,9,5,12,8,2,0,9,5,12,6,2,1,6,3,15,10,2,1,9,5,17,9,2,569039
238435,0,9,5,12,10,2,1,7,3,15,10,3,0,9,4,12,10,3,1,4,2,17,10,2,1,6,3,15,10,3,810373
177595,1,7,4,15,10,2,0,4,2,15,10,3,0,13,6,15,10,3,1,6,3,15,10,2,0,7,4,15,9,2,625534
136422,0,4,2,15,10,3,0,7,4,15,9,2,1,6,3,15,10,2,1,4,2,15,10,3,1,9,4,15,9,3,476574
126148,1,13,6,17,10,3,0,7,3,15,10,3,1,4,2,15,10,3,1,6,3,15,9,2,0,7,4,15,10,2,439922
266506,1,4,2,17,10,2,1,7,4,17,10,2,1,6,3,15,10,3,1,13,6,15,10,3,0,7,4,15,8,2,921358
235137,0,13,6,12,9,3,0,11,6,15,10,2,1,7,3,17,10,3,0,13,6,15,10,3,0,9,5,12,7,2,801902
134393,0,13,6,12,10,3,1,9,4,15,9,3,1,7,4,17,8,2,1,11,6,17,10,2,1,6,3,17,9,2,456387
224035,1,9,5,15,10,2,0,4,2,12,10,3,0,6,3,15,10,3,1,4,2,15,9,2,1,6,3,15,10,3,778428
288761,1,7,3,15,9,3,1,4,2,15,10,3,0,13,6,15,7,3,1,11,6,15,9,2,1,7,3,17,10,3,977712
139065,0,7,4,15,10,2,0,13,6,12,10,3,0,13,6,12,9,3,1,9,5,17,10,2,0,11,5,15,10,3,483360
251151,1,9,4,15,7,3,1,4,2,17,10,2,0,9,5,12,10,2,1,6,3,17,10,3,0,6,3,12,6,3,864701
191046,1,9,5,15,10,2,1,9,5,17,10,2,1,4,2,17,10,2,1,7,3,17,10,3,0,6,3,12,9,3,646581
102159,1,4,2,15,10,2,1,7,4,17,10,2,1,4,2,15,7,2,0,11,6,15,10,2,0,7,3,12,10,3,357582
155173,0,6,3,15,10,2,1,11,6,15,10,2,1,9,5,17,10,2,1,6,3,17,10,2,1,9,5,17,8,2,531487
244724,0,6,3,12,7,3,1,11,6,17,10,2,0,6,3,12,8,3,1,6,3,15,10,2,1,11,6,15,10,2,821509
234037,0,7,3,15,9,3,1,11,5,15,7,3,0,4,2,15,10,3,0,9,5,15,7,2,1,7,4,15,10,2,816985
136127,0,4,2,15,9,2,1,6,3,15,10,2,1,9,4,17,8,3,0,7,4,15,10,2,1,11,5,17,10,3,480480
161705,1,11,6,17,10,2,1,7,4,17,10,2,1,9,4,17,9,3,1,9,5,17,10,2,0,6,3,12,6,2,540187
248641,0,9,5,12,10,2,0,7,3,12,10,3,1,4,2,15,8,2,0,4,2,15,8,2,0,4,2,12,10,2,822462
241713,0,11,5,15,7,3,1,9,4,15,7,3,1,9,5,15,10,2,1,9,5,17,10,2,0,9,5,15,8,2,841456
204766,0,7,3,12,10,3,1,6,3,17,9,3,1,9,5,15,7,2,0,9,5,12,9,2,1,7,4,15,8,2,704735
177877,1,9,5,17,9,2,1,9,5,15,10,2,0,11,5,15,10,3,1,6,3,17,10,3,0,6,3,15,10,3,626317
121215,0,4,2,12,10,3,0,11,6,15,10,2,0,4,2,15,9,2,1,9,4,17,10,3,0,11,6,15,10,2,413758
148134,0,11,5,12,10,3,0,9,5,12,10,2,0,6,3,12,9,2,1,4,2,17,10,2,1,9,4,15,10,3,509237
179098,0,11,6,15,10,2,1,9,5,17,10,2,0,7,4,15,10,2,0,6,3,15,10,2,1,11,6,15,9,2,636147
191887,1,6,3,17,10,3,0,7,4,15,10,2,0,6,3,15,10,3,0,4,2,15,10,2,1,11,5,15,10,3,678903
111831,1,6,3,17,10,2,0,4,2,15,10,2,1,11,6,15,10,2,1,4,2,17,10,3,1,11,6,17,10,2,383316
167860,1,7,3,17,10,3,1,13,6,17,10,3,0,6,3,12,10,3,1,6,3,15,9,2,0,7,3,12,9,3,579202
280622,0,7,4,15,10,2,1,9,4,15,10,3,0,6,3,15,10,3,0,6,3,15,9,2,0,11,5,15,10,3,950081
239065,0,7,4,12,9,2,0,6,3,15,8,2,0,7,4,15,10,2,0,11,5,12,10,3,1,9,5,17,7,2,815407
284193,0,11,5,15,10,3,0,7,4,15,10,2,1,6,3,15,10,2,1,9,5,17,10,2,0,6,3,12,10,2,1006213
286436,0,6,3,15,10,2,0,9,5,12,10,2,1,11,6,15,9,2,0,4,2,12,10,2,1,4,2,15,10,2,985491
234258,0,13,6,15,10,3,1,6,3,17,10,3,1,4,2,15,10,2,1,9,4,15,10,3,0,9,5,15,9,2,827940
200034,1,7,4,17,10,2,0,7,4,12,8,2,1,6,3,15,10,2,0,9,5,15,10,2,1,6,3,15,10,2,700807
106939,0,11,5,15,9,3,0,6,3,12,10,2,0,6,3,15,10,3,0,11,6,12,10,2,1,6,3,17,10,2,367497
275183,0,6,3,15,10,3,0,13,6,12,8,3,1,11,6,17,10,2,1,6,3,15,10,3,0,6,3,12,8,3,963802
114982,1,13,6,15,8,3,1,4,2,17,8,2,1,11,6,15,9,2,1,4,2,17,10,3,1,11,5,15,10,3,358096
292711,1,6,3,17,9,2,0,11,5,12,8,3,0,11,6,15,9,2,0,4,2,12,10,2,0,4,2,12,10,2,995169
195885,1,6,3,15,10,2,1,11,6,15,8,2,0,13,6,12,10,3,0,6,3,12,10,3,1,7,3,17,9,3,675418
243228,0,13,6,15,10,3,1,9,4,15,9,3,0,6,3,15,10,3,1,7,4,17,9,2,0,9,5,12,8,2,856264
103382,1,11,6,15,10,2,1,6,3,17,10,2,0,4,2,12,9,2,1,4,2,17,10,2,0,7,4,12,10,2,356935
165361,0,7,4,15,10,2,1,6,3,15,10,3,1,6,3,15,10,3,0,9,5,12,10,2,0,6,3,15,10,3,566921
209392,1,11,6,17,10,2,0,4,2,15,10,2,1,11,5,17,8,3,1,9,5,15,10,2,0,7,3,12,10,3,731816
152716,0,9,4,12,10,3,0,11,6,12,9,2,0,7,3,12,10,3,1,11,5,15,10,3,1,4,2,15,10,2,517931
166796,0,11,6,12,10,2,0,4,2,15,10,2,1,7,4,17,9,2,1,7,4,15,10,2,0,11,5,15,8,3,581841
164467,1,11,6,17,9,2,1,6,3,15,10,3,1,4,2,17,9,2,1,9,5,15,10,2,0,7,4,12,10,2,563108
228828,1,4,2,15,10,3,1,6,3,17,10,3,0,4,2,12,10,3,0,7,3,15,10,3,0,11,5,15,9,3,803855
224615,1,9,4,15,10,3,1,11,6,17,10,2,1,6,3,17,10,2,0,9,4,15,10,3,0,13,6,12,9,3,786132
299309,0,6,3,12,10,2,1,13,6,15,8,3,0,6,3,12,10,2,0,13,6,15,10,3,1,6,3,17,10,2,1038521
189046,0,6,3,12,10,3,0,9,5,15,8,2,1,7,3,15,10,3,1,6,3,15,10,3,1,6,3,17,9,3,656795
163541,1,11,5,17,10,3,1,6,3,15,10,2,1,7,3,17,10,3,0,4,2,12,10,3,1,6,3,17,10,2,553525
247290,0,6,3,12,10,2,1,11,6,15,10,2,1,7,3,15,10,3,1,6,3,15,10,3,1,11,5,15,10,3,828981
151855,0,4,2,12,10,3,1,9,5,17,10,2,0,6,3,15,10,2,0,9,5,15,10,2,0,4,2,15,10,2,529960
109019,1,4,2,17,10,2,1,7,4,15,6,2,1,6,3,15,10,3,1,6,3,17,10,2,1,7,3,15,7,3,339997
209468,0,11,5,12,9,3,0,9,4,12,10,3,0,9,4,15,10,3,1,11,6,17,10,2,1,4,2,17,10,2,729178
199607,0,9,4,15,10,3,0,7,3,12,10,3,1,11,5,17,10,3,1,4,2,15,10,2,0,11,6,12,8,2,696209
142859,1,9,4,17,6,3,1,4,2,15,10,3,0,7,4,15,10,2,0,11,5,12,10,3,0,9,4,15,10,3,498767
147048,1,4,2,15,9,3,1,4,2,17,10,2,1,7,3,15,9,3,1,9,4,15,10,3,1,13,6,17,10,3,460034
241162,1,7,4,15,9,2,1,4,2,17,10,2,1,4,2,17,10,2,1,7,3,17,8,3,1,7,4,17,10,2,752241
197589,1,7,3,15,10,3,0,9,5,15,9,2,1,11,6,17,6,2,1,4,2,17,10,3,0,6,3,12,10,2,695743
263317,1,6,3,15,10,2,0,11,6,15,8,2,0,9,5,15,10,2,1,13,6,15,8,3,0,7,3,12,9,3,913095
105965,0,7,4,12,10,2,0,9,5,12,8,2,0,13,6,12,10,3,0,6,3,12,10,3,0,11,5,12,9,3,317956
218573,0,9,4,12,10,3,0,6,3,12,10,3,1,9,5,17,9,2,1,11,6,17,10,2,0,4,2,12,9,3,755624
215276,0,9,5,12,10,2,1,13,6,17,10,3,1,7,3,15,10,3,0,7,3,12,10,3,0,7,4,15,10,2,753141
215375,0,4,2,15,10,3,1,13,6,15,9,3,0,6,3,12,10,2,0,9,4,15,8,3,1,9,5,17,10,2,759193
176050,1,7,4,17,10,2,1,7,3,15,10,3,0,4,2,12,10,3,1,9,4,15,10,3,0,13,6,15,10,3,617669
283633,1,6,3,15,10,3,1,11,6,17,10,2,1,6,3,15,10,2,1,9,5,17,9,2,1,4,2,17,9,2,889516
159782,0,13,6,12,10,3,0,4,2,12,9,2,0,7,3,12,8,3,0,7,3,12,10,3,1,9,4,17,9,3,530185
259887,1,6,3,17,10,2,1,6,3,17,10,3,1,13,6,17,10,3,1,11,5,15,8,3,1,7,4,15,10,2,813784
112091,1,6,3,17,10,3,1,11,5,17,8,3,0,4,2,12,10,2,0,11,6,15,9,2,0,11,6,12,9,2,391843
297020,1,4,2,17,9,3,0,6,3,15,10,3,0,11,5,15,10,3,0,6,3,12,10,3,0,11,5,15,10,3,1012682
209467,1,7,3,15,10,3,0,4,2,15,9,2,1,11,6,15,10,2,1,4,2,17,10,3,1,9,4,15,10,3,718315
265631,0,4,2,12,10,2,0,6,3,15,10,3,1,7,4,15,8,2,0,9,4,15,10,3,0,7,3,15,9,3,909910
184196,1,9,4,15,10,3,1,9,4,17,10,3,1,13,6,15,10,3,1,4,2,17,10,3,0,9,5,12,7,2,618077
170747,1,6,3,15,10,3,0,7,4,15,7,2,1,7,4,17,7,2,0,11,6,12,10,2,1,7,3,15,9,3,591821
154049,0,13,6,12,10,3,1,13,6,15,9,3,0,4,2,12,10,2,1,11,5,15,7,3,0,4,2,15,10,3,528104
289736,0,7,3,15,6,3,1,9,4,17,10,3,0,11,5,12,10,3,1,7,4,15,10,2,1,11,5,17,10,3,1009806
284536,0,13,6,12,10,3,0,6,3,12,9,2,1,11,6,15,9,2,1,7,4,15,10,2,0,6,3,15,10,2,978505
246256,1,11,6,15,10,2,0,7,4,15,10,2,0,4,2,12,10,2,0,4,2,15,10,3,0,4,2,12,10,2,844073
222762,0,11,5,15,9,3,1,7,3,17,10,3,0,6,3,15,10,3,0,6,3,15,10,3,0,4,2,12,10,2,758977
108299,1,7,4,15,10,2,1,4,2,15,9,3,0,11,6,15,10,2,0,7,4,12,8,2,0,11,6,15,10,2,376406
100722,0,4,2,15,7,2,0,7,3,12,10,3,1,9,5,17,9,2,0,7,3,15,9,3,1,9,5,17,10,2,346132
206063,1,9,4,17,9,3,0,9,5,15,10,2,1,7,3,15,10,3,1,6,3,17,10,2,0,11,5,12,10,3,728419
169135,1,6,3,17,10,2,1,9,4,17,9,3,1,11,6,17,9,2,0,13,6,12,10,3,0,6,3,15,10,3,596253
117189,1,13,6,15,10,3,0,9,5,15,10,2,0,13,6,12,9,3,0,7,4,15,8,2,0,4,2,15,9,2,398608
201828,1,4,2,15,10,3,0,7,4,12,10,2,0,4,2,12,10,2,1,11,6,17,8,2,0,11,5,12,10,3,695698
227586,1,11,5,17,10,3,1,13,6,17,10,3,0,4,2,15,10,2,0,4,2,12,10,3,1,4,2,17,10,2,787188
229938,0,9,4,12,8,3,0,4,2,12,10,3,0,11,6,12,10,2,0,6,3,12,7,2,0,9,4,12,10,3,690516
151329,1,11,5,15,10,3,1,6,3,17,10,2,1,9,5,15,10,2,0,7,4,15,9,2,0,11,5,12,10,3,531898
128905,1,4,2,15,10,2,1,13,6,17,10,3,0,7,4,15,10,2,0,6,3,15,10,2,1,4,2,15,10,2,451759
211727,0,7,3,12,8,3,1,7,4,15,10,2,1,7,4,15,10,2,0,4,2,12,9,3,0,9,5,12,10,2,714897
285310,1,6,3,15,10,3,0,4,2,15,7,2,1,7,4,15,9,2,1,6,3,15,9,2,0,11,5,12,10,3,977867
244373,1,4,2,15,10,2,0,6,3,15,9,2,1,7,4,15,10,2,0,6,3,12,9,3,1,6,3,17,10,3,839459
144402,1,11,6,15,10,2,0,13,6,15,8,3,0,13,6,15,10,3,0,9,5,12,10,2,1,7,3,15,10,3,497943
205015,1,9,4,17,10,3,0,4,2,15,8,3,0,9,4,12,10,3,0,4,2,15,10,3,0,11,5,15,10,3,700015
133539,0,6,3,12,10,2,1,6,3,15,10,3,1,7,4,17,10,2,0,7,4,15,10,2,0,11,6,12,10,2,472688
236342,1,6,3,17,10,2,0,4,2,15,10,2,0,11,6,15,10,2,1,13,6,17,10,3,0,6,3,12,10,3,833946
197896,0,11,6,12,9,2,0,13,6,15,10,3,0,13,6,12,10,3,0,9,4,12,8,3,0,4,2,15,8,3,607257
223464,0,9,4,12,10,3,0,6,3,12,9,2,1,9,5,17,10,2,1,9,4,15,10,3,1,6,3,15,10,3,762726
121615,1,7,3,15,10,3,0,11,5,12,10,3,0,9,4,15,10,3,1,7,3,15,10,3,1,9,4,15,8,3,414450
171796,1,7,4,17,10,2,1,9,5,15,8,2,0,6,3,15,10,3,1,9,4,15,9,3,0,7,3,15,10,3,603449
296561,1,11,6,17,8,2,0,11,5,12,10,3,0,4,2,15,10,2,1,11,6,17,10,2,1,11,5,17,10,3,1016533
100175,0,9,4,12,10,3,1,4,2,17,9,3,0,6,3,12,10,3,1,6,3,17,10,3,0,11,6,12,10,2,345640
187135,1,9,5,17,10,2,1,7,3,17,9,3,0,7,3,12,10,3,0,11,6,12,10,2,1,4,2,17,10,2,649128
252198,1,9,4,17,9,3,1,7,4,15,10,2,1,4,2,17,10,3,1,7,3,15,9,3,1,7,4,15,10,2,789439
144612,0,6,3,15,9,3,1,6,3,15,10,2,1,7,4,15,10,2,1,9,5,15,10,2,0,9,5,15,8,2,502926
232042,1,11,6,17,10,2,0,13,6,12,10,3,0,7,3,15,10,3,0,11,6,12,10,2,1,6,3,15,10,2,812193
161484,1,4,2,17,9,3,1,7,4,17,10,2,0,13,6,12,9,3,0,9,5,15,10,2,1,7,3,15,10,3,569228
201595,0,4,2,12,10,2,0,7,3,15,10,3,0,11,5,12,10,3,1,9,5,15,10,2,1,4,2,17,10,2,704663
264895,1,9,5,17,10,2,1,6,3,17,9,2,0,9,5,12,8,2,1,9,5,15,10,2,1,11,5,17,10,3,904214
136243,0,4,2,15,10,3,1,11,6,15,10,2,0,7,4,12,10,2,0,11,6,12,10,2,1,6,3,15,7,3,473583
214446,0,4,2,12,9,2,1,6,3,15,6,3,1,9,5,17,9,2,1,9,5,15,10,2,1,11,6,15,10,2,720858
141363,0,9,4,12,10,3,0,11,6,15,10,2,1,4,2,17,10,3,1,9,5,17,10,2,0,9,5,12,10,2,496584
208934,0,11,6,15,10,2,1,4,2,17,10,2,0,9,5,15,10,2,0,4,2,15,10,3,0,4,2,15,10,2,714541
224699,1,4,2,17,8,2,1,6,3,17,10,2,0,4,2,15,9,3,1,7,4,15,10,2,0,7,3,15,10,3,792967
147070,0,6,3,15,8,3,1,4,2,15,10,3,0,11,6,12,10,2,0,6,3,15,10,2,0,9,5,12,10,2,496504
297779,0,4,2,15,10,2,1,7,4,15,6,2,0,4,2,15,10,3,0,7,4,12,9,2,1,4,2,17,9,2,1030694
159899,1,11,5,17,10,3,1,6,3,15,10,3,0,6,3,12,10,2,0,4,2,12,9,3,0,11,5,12,8,3,549310
228860,0,9,4,12,10,3,0,7,4,15,10,2,0,4,2,15,10,3,0,4,2,12,10,2,1,13,6,15,10,3,774974
287103,1,11,6,17,10,2,1,6,3,17,7,3,0,6,3,12,10,3,0,11,5,12,8,3,1,7,3,17,10,3,993141
281755,1,9,4,15,7,3,1,4,2,15,8,2,0,9,5,12,7,2,0,6,3,15,10,3,1,6,3,17,10,2,979924
277035,0,6,3,15,10,2,1,11,5,17,10,3,1,4,2,15,10,2,0,9,5,15,10,2,1,9,5,15,10,2,978398
154215,1,11,5,17,10,3,0,6,3,15,10,2,1,6,3,15,10,2,0,7,3,12,8,3,1,11,5,15,10,3,533396
102704,1,7,3,17,10,3,1,9,5,17,10,2,1,9,5,17,6,2,0,7,4,12,10,2,1,4,2,17,7,2,349819
295682,0,4,2,12,10,2,1,6,3,17,10,3,0,4,2,12,10,3,1,11,6,17,9,2,0,6,3,15,10,2,1038208
207714,0,4,2,12,8,3,1,4,2,15,10,2,1,4,2,15,10,2,0,7,4,15,10,2,1,13,6,17,8,3,720801
167176,1,4,2,15,10,2,1,4,2,17,10,3,0,11,5,15,10,3,1,9,5,15,9,2,1,6,3,15,9,2,570576
202096,1,9,5,17,10,2,0,6,3,15,9,3,0,4,2,15,10,2,0,13,6,12,9,3,1,7,4,17,9,2,719064
248395,0,9,4,12,9,3,1,11,5,15,7,3,1,11,6,17,10,2,0,6,3,12,10,3,1,6,3,17,10,2,855850
145901,0,7,4,15,8,2,0,9,4,15,9,3,1,11,6,17,8,2,0,9,5,15,9,2,1,4,2,15,10,2,511084
227997,1,13,6,17,9,3,0,13,6,12,10,3,0,4,2,15,8,2,0,11,5,12,10,3,1,7,4,15,9,2,796180
137634,1,9,5,15,10,2,1,9,5,15,10,2,1,7,3,15,10,3,0,6,3,15,10,2,0,7,3,12,10,3,474284
106005,0,9,5,15,10,2,1,4,2,17,9,3,0,4,2,12,10,3,1,6,3,17,10,3,0,6,3,12,9,2,372024
173264,1,9,5,17,10,2,0,9,5,15,10,2,0,4,2,12,10,2,1,4,2,17,10,2,1,9,4,15,10,3,609809
140560,1,9,5,17,10,2,0,7,4,15,9,2,0,11,5,12,10,3,1,9,4,17,9,3,1,7,3,15,10,3,491422
237037,0,9,4,15,10,3,1,6,3,15,10,3,0,11,5,15,9,3,0,11,5,15,9,3,1,9,4,17,9,3,824174
193110,1,4,2,17,8,3,1,7,3,17,10,3,1,11,6,17,9,2,0,11,6,15,9,2,1,11,6,17,10,2,673016
209575,1,9,5,15,10,2,0,11,6,15,10,2,0,9,4,12,10,3,1,6,3,17,10,3,1,11,6,15,10,2,740030
244958,0,4,2,12,10,3,1,9,5,15,9,2,1,9,4,15,10,3,1,4,2,17,10,3,1,4,2,17,10,2,827112
226845,0,9,4,12,10,3,1,11,6,15,9,2,1,4,2,17,10,3,1,7,3,17,10,3,0,11,6,12,7,2,782748
133549,1,11,6,15,10,2,1,11,5,17,10,3,0,4,2,15,9,2,0,7,3,12,10,3,0,6,3,12,10,2,459531
270646,0,7,4,12,10,2,0,11,5,15,8,3,0,9,5,15,10,2,1,9,4,17,10,3,0,7,3,15,10,3,927728
277366,0,6,3,15,10,2,0,6,3,12,10,3,1,11,5,17,10,3,1,11,5,15,10,3,1,11,5,15,10,3,924334
274599,0,9,4,15,10,3,0,13,6,12,10,3,1,11,6,17,7,2,0,7,3,15,10,3,0,7,4,12,10,2,936406
209182,1,6,3,15,10,3,1,6,3,17,10,3,0,7,3,15,10,3,1,6,3,17,10,3,0,11,6,15,10,2,723848
260816,1,6,3,15,9,2,0,11,6,12,10,2,0,9,5,12,10,2,1,9,4,15,9,3,1,9,4,17,10,3,889243
298393,1,13,6,15,10,3,0,9,4,15,10,3,1,4,2,15,9,3,0,4,2,12,10,2,0,6,3,12,7,2,1026054
292389,0,6,3,15,10,2,0,7,4,15,9,2,1,9,5,17,10,2,1,13,6,17,10,3,1,7,4,17,10,2,1036756
210672,0,4,2,15,10,2,1,4,2,15,7,3,0,7,4,15,7,2,1,13,6,17,8,3,1,7,4,15,10,2,739406
251494,1,11,6,15,10,2,1,4,2,15,10,3,1,4,2,17,10,3,1,6,3,15,10,2,1,9,5,15,10,2,784894
108713,0,7,4,15,10,2,1,7,3,15,10,3,0,6,3,15,10,2,0,9,5,12,10,2,0,4,2,12,10,2,364955
172146,0,6,3,12,10,3,1,7,3,15,10,3,0,4,2,12,10,3,0,7,4,12,10,2,1,4,2,15,8,3,581410
242280,0,9,5,12,10,2,0,11,5,15,10,3,1,11,5,15,7,3,1,9,4,15,9,3,0,4,2,15,10,3,837692
127584,0,11,5,12,7,3,1,6,3,15,10,3,1,9,5,15,10,2,1,4,2,15,10,2,1,9,4,15,9,3,418161
142687,1,6,3,17,10,2,0,7,4,12,9,2,1,9,4,15,10,3,0,13,6,15,9,3,1,13,6,17,10,3,503435
200388,1,6,3,15,10,3,0,7,3,15,10,3,1,7,3,15,8,3,1,4,2,17,10,3,1,11,6,15,10,2,682978
133240,0,6,3,15,10,3,0,6,3,15,8,2,1,4,2,15,10,2,1,11,6,17,10,2,0,7,3,15,10,3,470558
245238,0,6,3,15,10,2,0,9,5,12,9,2,1,7,3,17,9,3,0,4,2,12,10,3,1,11,6,15,10,2,858204
174312,1,13,6,17,10,3,0,4,2,12,8,2,1,9,4,15,10,3,1,4,2,15,10,3,1,7,4,15,7,2,579267
115544,1,4,2,17,10,2,0,7,3,15,10,3,0,11,5,15,9,3,0,11,5,15,10,3,1,6,3,15,9,2,401050
168118,0,4,2,15,9,2,1,11,6,17,8,2,1,6,3,15,10,2,1,6,3,17,9,3,1,6,3,15,10,2,575741
121618,0,7,3,15,10,3,1,7,3,15,10,3,1,11,5,15,10,3,1,13,6,17,9,3,1,11,5,17,9,3,414292
194050,1,4,2,15,10,2,0,4,2,15,7,3,0,13,6,15,10,3,1,13,6,17,10,3,0,13,6,15,10,3,678182
166718,0,13,6,15,7,3,0,11,6,15,9,2,0,6,3,12,10,2,1,4,2,17,10,2,0,9,5,12,8,2,567885
131954,0,7,4,12,10,2,0,9,4,15,10,3,1,4,2,15,10,2,0,7,4,15,10,2,0,6,3,15,10,3,446483
190734,0,11,6,12,10,2,1,4,2,17,10,2,0,7,4,12,9,2,0,11,5,15,10,3,1,11,5,15,10,3,663745
196050,1,6,3,15,10,3,1,4,2,17,10,3,0,7,3,12,10,3,1,7,4,15,10,2,1,7,4,17,10,2,660824
253451,0,7,4,15,10,2,1,9,5,15,10,2,0,6,3,15,9,2,1,4,2,15,10,3,1,11,6,17,10,2,900127
118081,0,4,2,15,9,3,0,11,6,12,9,2,0,4,2,15,10,2,0,4,2,15,10,3,0,11,5,12,7,3,359666
162859,0,4,2,12,10,2,0,9,4,15,10,3,0,11,5,15,10,3,0,4,2,15,10,3,1,4,2,17,10,2,556380
151059,0,6,3,12,10,3,1,4,2,17,10,3,0,6,3,15,10,2,0,4,2,12,10,3,0,6,3,15,10,2,515237
136385,0,6,3,12,10,2,0,7,4,12,8,2,1,9,4,15,10,3,0,6,3,12,10,2,1,4,2,15,6,2,459477
130069,0,11,5,15,9,3,0,13,6,15,9,3,0,6,3,12,8,2,1,7,4,15,10,2,0,11,5,15,9,3,446657
297267,1,11,6,15,10,2,1,11,6,15,8,2,0,4,2,15,10,2,0,6,3,15,10,3,0,7,3,12,8,3,1018886
112659,0,11,6,15,8,2,0,11,6,15,10,2,0,6,3,12,10,3,1,9,4,15,9,3,1,11,6,15,10,2,391143
196776,0,13,6,12,10,3,0,7,3,15,10,3,1,4,2,15,9,3,1,11,5,15,10,3,1,4,2,15,8,2,676574
164108,0,9,5,12,9,2,0,11,5,15,10,3,0,6,3,15,9,3,0,7,3,12,10,3,0,4,2,12,7,3,504590
193897,1,13,6,15,10,3,1,7,3,17,10,3,0,7,3,15,10,3,1,4,2,15,10,2,1,7,4,15,10,2,661086
279519,1,9,4,17,9,3,1,7,4,17,10,2,0,4,2,12,10,3,1,9,5,15,10,2,1,9,5,17,10,2,945565
213279,1,6,3,17,6,2,0,6,3,12,10,3,1,11,5,15,8,3,0,6,3,12,10,2,1,4,2,17,10,2,724525
178900,1,6,3,15,10,2,1,13,6,15,9,3,0,9,4,12,10,3,1,11,6,15,8,2,1,9,5,15,10,2,595981
260575,0,7,4,12,10,2,1,4,2,17,8,3,1,11,6,15,9,2,1,4,2,15,10,3,1,13,6,17,10,3,887953
230202,0,13,6,12,10,3,1,4,2,17,10,3,1,6,3,15,10,2,1,7,3,17,7,3,0,7,4,15,8,2,805999
159212,0,4,2,15,9,2,1,13,6,17,10,3,1,11,6,15,8,2,0,9,5,12,10,2,0,9,5,15,10,2,558884
