226809,1,9,5,15,9,2,0,7,3,12,10,3,0,13,6,15,10,3,1,11,6,15,7,2,0,7,4,15,9,2,784572
180869,0,4,2,15,10,3,1,7,3,15,10,3,1,7,3,15,8,3,1,4,2,17,10,2,1,6,3,15,10,2,621753
139290,0,7,3,12,8,3,0,6,3,15,10,3,0,9,4,12,10,3,1,7,4,15,9,2,0,7,4,12,10,2,471363
209922,0,9,4,12,10,3,1,9,5,17,10,2,1,7,4,17,10,2,1,6,3,15,10,3,0,11,6,15,8,2,739410
132586,0,6,3,12,9,3,1,6,3,17,10,2,0,11,5,15,10,3,1,6,3,15,10,3,0,6,3,15,10,3,456328
287510,1,7,3,17,10,3,1,9,5,15,10,2,1,9,4,17,9,3,1,11,6,17,9,2,1,7,4,15,5,2,901132
252115,1,11,6,15,9,2,0,9,4,15,10,3,1,13,6,17,10,3,1,4,2,15,7,3,1,6,3,15,10,2,858423
238321,1,11,6,17,10,2,1,7,4,17,10,2,0,7,4,12,6,2,1,9,4,15,9,3,1,4,2,15,9,2,808564
246870,0,9,4,15,6,3,1,4,2,17,9,3,1,11,6,15,6,2,0,6,3,12,10,2,1,6,3,15,10,3,855069
208419,1,7,3,15,10,3,0,6,3,15,10,2,1,7,3,17,10,3,1,6,3,15,10,2,1,7,3,15,10,3,710277
178844,1,7,3,17,10,3,1,7,3,17,10,3,0,11,5,15,10,3,0,7,3,15,10,3,1,9,5,15,7,2,623715
279031,0,11,6,15,10,2,1,4,2,15,7,2,0,9,5,12,10,2,0,9,5,15,10,2,0,13,6,12,8,3,931811
189712,0,9,4,12,9,3,1,13,6,15,10,3,0,6,3,15,10,3,1,13,6,17,7,3,0,11,5,12,10,3,645223
270612,0,7,3,15,10,3,0,13,6,12,10,3,0,11,6,12,10,2,0,6,3,15,10,2,0,11,6,12,10,2,832515
247377,1,4,2,15,10,3,0,9,5,15,10,2,0,4,2,12,10,3,1,6,3,15,10,3,0,11,6,12,9,2,856914
287094,1,9,4,17,10,3,1,4,2,15,10,3,1,9,4,17,10,3,1,11,5,17,9,3,0,4,2,12,10,3,968073
236097,0,6,3,15,10,3,1,11,6,15,10,2,1,7,4,17,9,2,0,6,3,15,10,2,0,13,6,12,10,3,829352
122000,1,13,6,17,10,3,1,11,6,15,10,2,0,6,3,15,7,3,0,13,6,15,10,3,1,6,3,15,10,2,428154
245336,0,13,6,15,10,3,1,7,3,17,9,3,1,6,3,17,10,3,1,13,6,15,8,3,0,6,3,15,10,2,868848
156951,1,4,2,15,8,3,1,6,3,17,10,3,0,7,3,15,9,3,1,13,6,15,10,3,1,7,3,17,9,3,534276
150499,0,4,2,12,8,2,0,7,3,12,10,3,1,11,6,17,10,2,1,6,3,15,10,3,0,7,4,15,8,2,523175
266031,0,6,3,12,10,3,0,13,6,12,10,3,0,4,2,15,7,2,1,11,5,17,7,3,0,6,3,12,10,3,887707
206675,0,13,6,15,10,3,1,7,4,15,7,2,0,13,6,12,10,3,1,6,3,15,7,3,0,4,2,12,7,2,701594
204939,0,9,4,12,8,3,0,11,6,15,10,2,0,6,3,15,10,3,1,6,3,15,10,3,1,4,2,17,7,3,719985
167239,0,9,4,15,10,3,1,11,6,17,10,2,1,7,4,15,8,2,1,11,5,15,10,3,1,11,6,15,10,2,569653
193098,1,6,3,15,10,2,1,9,4,17,10,3,0,9,5,12,10,2,1,11,6,17,10,2,1,7,3,17,10,3,662270
252750,0,6,3,15,10,3,0,11,5,12,9,3,0,6,3,12,10,2,1,11,6,17,10,2,0,4,2,15,10,2,871545
252708,1,6,3,15,10,2,0,9,5,15,10,2,0,11,5,12,10,3,0,4,2,12,10,2,0,7,3,15,8,3,854418
140470,1,9,4,17,10,3,1,11,6,15,10,2,1,9,4,15,10,3,1,7,3,17,10,3,1,7,4,15,6,2,438373
167344,1,13,6,17,10,3,1,9,5,15,10,2,1,4,2,15,10,2,0,4,2,12,10,3,1,7,4,15,10,2,565576
164327,0,11,5,15,9,3,0,9,5,12,10,2,0,11,5,15,10,3,0,13,6,12,10,3,0,6,3,15,10,2,505377
279659,0,11,6,15,10,2,0,6,3,12,10,3,0,4,2,15,10,2,0,9,5,12,10,2,0,7,4,15,6,2,861747
126482,0,6,3,15,10,3,1,11,6,17,9,2,0,11,5,12,10,3,1,9,5,15,10,2,0,4,2,15,10,3,446611
235773,0,4,2,15,10,3,0,11,6,12,10,2,0,4,2,15,10,3,1,4,2,15,10,2,0,11,5,12,10,3,792390
239854,0,7,4,15,10,2,0,4,2,12,10,2,0,11,5,12,8,3,0,9,5,15,8,2,1,13,6,17,10,3,822793
201777,1,7,3,17,10,3,1,7,4,15,10,2,1,6,3,15,10,3,1,9,4,15,10,3,0,11,5,12,10,3,679371
100957,1,4,2,15,10,3,0,4,2,12,10,3,0,11,6,12,10,2,1,9,4,17,10,3,1,13,6,15,10,3,346287
268548,0,9,4,15,10,3,1,6,3,17,10,3,0,4,2,12,10,2,0,7,4,15,6,2,1,11,5,17,10,3,950036
217326,1,6,3,15,10,3,0,11,5,12,10,3,1,6,3,15,10,3,1,11,6,17,9,2,1,13,6,15,8,3,732187
102995,0,11,6,12,10,2,1,7,4,17,8,2,0,4,2,12,10,3,0,6,3,15,10,3,1,6,3,17,10,2,361785
195179,0,11,5,15,10,3,0,6,3,15,7,2,0,6,3,15,9,3,1,13,6,17,9,3,0,9,4,15,10,3,667141
161999,1,9,5,17,7,2,0,11,5,12,10,3,0,11,5,12,10,3,0,4,2,12,10,3,0,11,6,12,10,2,542542
144326,1,13,6,17,10,3,1,13,6,15,10,3,1,6,3,17,8,2,0,11,6,12,10,2,0,9,5,15,10,2,502744
148110,0,13,6,12,9,3,1,11,6,17,10,2,0,13,6,15,10,3,0,9,4,15,10,3,1,11,5,15,10,3,509992
272810,0,4,2,15,7,3,0,7,4,12,10,2,0,6,3,12,10,2,1,7,4,17,7,2,1,9,5,17,9,2,957497
282266,1,6,3,15,10,2,1,7,4,17,10,2,1,13,6,15,10,3,1,4,2,15,10,3,0,13,6,15,10,3,974470
115750,1,4,2,15,10,2,0,13,6,15,10,3,1,7,3,15,10,3,1,7,4,15,10,2,1,9,4,17,10,3,397702
183650,1,9,5,17,10,2,0,6,3,12,10,3,0,4,2,15,10,3,0,13,6,12,10,3,1,11,5,17,7,3,646918
263543,1,13,6,15,10,3,0,6,3,12,10,3,0,9,5,12,10,2,0,7,4,15,7,2,1,6,3,17,10,2,921870
159102,1,4,2,15,10,2,0,4,2,15,10,3,0,11,5,15,10,3,1,13,6,17,10,3,1,13,6,15,10,3,556576
206415,1,9,5,15,9,2,1,7,4,15,10,2,1,11,6,15,10,2,1,7,4,15,10,2,1,9,5,15,10,2,636120
247018,0,4,2,12,10,2,1,11,6,17,10,2,1,6,3,15,10,3,1,9,4,15,10,3,1,9,5,17,10,2,831208
195887,1,13,6,17,10,3,0,11,6,12,9,2,1,11,6,17,7,2,1,11,6,15,10,2,1,7,4,15,10,2,663381
297166,0,11,5,12,10,3,1,9,5,15,10,2,0,6,3,15,10,2,1,6,3,15,10,2,1,7,4,15,10,2,1032045
138521,0,13,6,15,9,3,1,11,5,15,10,3,0,4,2,15,9,2,1,9,5,17,9,2,1,6,3,15,10,3,487331
164853,0,6,3,12,10,2,0,4,2,12,10,3,0,9,4,15,10,3,0,13,6,12,10,3,1,11,5,17,7,3,555526
142560,0,9,5,15,10,2,1,11,6,17,10,2,1,7,3,17,10,3,1,4,2,17,9,3,0,11,5,15,10,3,508220
207425,0,6,3,15,9,2,0,7,4,12,10,2,0,13,6,15,10,3,1,11,6,15,10,2,0,4,2,12,10,3,714114
240972,1,11,6,17,10,2,1,7,4,17,10,2,1,6,3,15,10,2,0,7,4,15,7,2,0,4,2,15,10,3,856731
248158,1,6,3,15,10,2,0,9,5,15,10,2,0,7,4,15,9,2,1,4,2,17,9,2,1,9,4,17,10,3,880540
282987,0,7,4,15,10,2,0,7,4,12,10,2,1,9,4,17,9,3,0,4,2,15,10,3,0,7,3,12,10,3,962769
133613,1,6,3,15,10,2,0,13,6,15,10,3,0,6,3,15,10,2,1,11,6,17,10,2,0,4,2,15,7,2,471448
182752,0,9,4,15,10,3,0,7,4,12,10,2,1,11,5,17,10,3,0,4,2,12,8,3,0,9,5,12,10,2,622092
158933,1,4,2,17,10,3,0,9,5,12,10,2,0,6,3,12,10,2,0,6,3,15,9,3,1,4,2,15,6,2,543231
225096,0,4,2,15,10,2,0,7,4,12,6,2,0,11,5,12,10,3,1,4,2,15,10,2,0,11,5,15,9,3,761440
114697,1,9,5,15,10,2,1,6,3,17,10,3,0,11,5,12,10,3,1,4,2,15,10,3,1,6,3,15,10,3,385421
265437,1,4,2,17,10,3,1,7,3,17,10,3,1,6,3,15,10,3,1,11,6,15,10,2,0,6,3,15,10,2,921616
216063,1,9,5,15,10,2,0,7,4,15,9,2,0,4,2,15,10,2,0,9,4,12,10,3,1,11,5,15,10,3,752176
298424,1,9,4,15,10,3,0,13,6,15,10,3,0,11,5,15,8,3,1,9,4,15,8,3,1,11,6,17,10,2,1045156
278293,1,6,3,15,10,2,1,7,4,17,10,2,0,9,5,15,10,2,1,11,6,17,7,2,0,6,3,12,10,3,986370
244031,1,13,6,15,10,3,0,7,4,15,8,2,0,6,3,12,10,2,0,13,6,12,10,3,0,9,4,12,10,3,823503
138326,1,7,4,17,10,2,0,11,5,15,10,3,1,9,5,15,10,2,1,4,2,15,10,2,1,11,5,15,8,3,475488
259883,1,4,2,17,10,2,1,7,3,17,10,3,1,7,4,15,10,2,0,9,5,12,10,2,1,7,3,15,10,3,885758
130330,1,4,2,17,10,2,0,6,3,12,10,3,0,4,2,12,10,3,1,7,3,15,10,3,0,7,3,12,8,3,447096
209364,1,6,3,15,9,2,1,6,3,15,10,2,0,7,4,15,10,2,1,9,5,15,10,2,0,9,4,12,9,3,722934
128796,1,13,6,15,10,3,1,4,2,15,10,3,1,13,6,17,10,3,1,6,3,17,7,3,0,9,5,12,10,2,441813
178304,1,4,2,15,10,3,1,4,2,17,10,3,1,9,5,17,10,2,0,11,6,12,9,2,1,4,2,17,9,2,601868
120671,1,4,2,15,10,2,0,6,3,15,9,2,0,4,2,15,9,2,0,4,2,15,10,2,0,7,3,12,8,3,409297
128828,1,6,3,15,10,3,0,4,2,15,10,2,0,11,5,12,10,3,0,7,3,12,9,3,1,7,3,15,10,3,444632
250787,0,11,5,15,10,3,0,4,2,15,10,2,1,7,4,15,9,2,0,6,3,15,8,3,1,11,5,15,10,3,878218
160615,0,6,3,15,7,2,1,7,3,15,8,3,1,13,6,15,10,3,0,9,4,15,7,3,0,11,5,12,10,3,550993
136804,0,13,6,12,9,3,0,11,6,15,10,2,0,9,5,15,10,2,0,9,5,15,10,2,0,11,5,12,9,3,421225
177181,1,11,5,15,8,3,1,6,3,17,9,2,1,9,5,15,10,2,1,11,5,15,8,3,0,9,5,15,10,2,611825
236155,0,7,3,12,10,3,1,9,4,15,10,3,0,9,4,15,10,3,0,13,6,12,10,3,0,9,5,12,10,2,792822
138350,0,7,3,15,10,3,0,6,3,12,10,2,0,11,5,15,10,3,0,4,2,15,8,3,1,9,5,17,10,2,482198
204104,1,6,3,17,10,3,0,9,5,15,8,2,0,13,6,12,10,3,0,9,5,12,9,2,1,9,5,17,10,2,716449
117006,0,6,3,12,10,3,1,9,5,15,9,2,1,6,3,15,8,2,0,7,4,12,10,2,1,4,2,15,10,3,397347
221125,1,9,4,17,7,3,0,7,3,12,10,3,0,4,2,12,9,2,0,9,4,12,10,3,0,7,4,15,10,2,743399
216192,0,11,5,12,10,3,0,11,6,12,9,2,1,9,5,15,9,2,1,9,4,15,8,3,1,11,6,15,10,2,722831
215033,0,7,3,12,9,3,0,11,6,12,10,2,0,9,4,12,10,3,0,6,3,12,10,2,1,9,5,17,10,2,731526
108556,1,9,5,17,8,2,0,13,6,15,10,3,0,9,4,15,10,3,0,11,5,12,10,3,1,7,3,15,10,3,380551
121690,0,13,6,12,10,3,1,6,3,17,9,2,0,4,2,12,10,3,0,9,5,15,10,2,1,11,5,15,8,3,423056
147026,1,7,4,17,8,2,1,11,5,17,7,3,0,11,5,15,6,3,0,13,6,12,10,3,0,11,6,15,10,2,515549
110740,1,9,4,17,10,3,1,11,5,15,10,3,0,11,6,15,10,2,1,4,2,15,9,2,0,4,2,15,10,3,389762
274040,1,11,6,15,10,2,1,4,2,15,7,2,0,7,3,15,10,3,1,9,5,15,10,2,0,9,5,12,10,2,948250
283596,1,7,3,15,9,3,0,6,3,15,9,2,1,6,3,17,10,3,0,9,4,15,10,3,1,4,2,17,10,3,998473
135664,1,7,4,15,10,2,0,6,3,15,10,3,0,4,2,12,10,2,0,7,4,12,10,2,1,7,4,15,10,2,466428
158317,0,11,5,12,8,3,1,7,3,17,10,3,0,11,5,12,10,3,0,6,3,12,7,3,1,7,4,17,10,2,534950
227638,0,13,6,12,10,3,1,11,5,17,10,3,0,7,3,15,10,3,1,9,4,15,10,3,0,4,2,15,10,2,799154
115807,0,6,3,15,9,2,1,7,4,17,10,2,1,7,3,17,9,3,0,4,2,15,10,2,0,6,3,12,10,2,402112
212524,0,9,5,12,9,2,0,11,5,12,9,3,0,4,2,15,10,2,0,6,3,12,10,2,0,11,6,15,10,2,653680
167273,0,6,3,15,10,3,0,6,3,12,10,3,1,11,5,17,10,3,0,13,6,15,10,3,0,6,3,15,10,2,569866
234368,0,9,4,15,10,3,1,13,6,15,9,3,1,6,3,17,10,2,0,4,2,12,10,2,1,11,6,15,10,2,819823
267465,0,9,4,15,9,3,1,4,2,15,10,3,1,6,3,17,10,3,0,7,4,12,10,2,0,9,4,12,10,3,929941
179242,1,11,5,15,10,3,0,7,3,12,10,3,0,9,5,15,10,2,0,13,6,12,8,3,1,6,3,15,7,3,616258
111592,0,6,3,12,10,2,0,9,4,15,10,3,1,4,2,15,10,3,0,11,6,15,10,2,0,13,6,15,10,3,381053
166907,1,4,2,15,10,3,0,9,4,15,10,3,0,6,3,12,10,2,1,4,2,17,9,2,0,7,4,12,10,2,570128
223162,1,6,3,15,7,3,1,6,3,17,10,2,1,9,4,17,8,3,0,6,3,15,10,3,1,13,6,17,10,3,776860
179387,1,4,2,15,10,3,1,7,3,17,10,3,0,4,2,12,10,3,1,6,3,17,10,3,1,7,4,15,7,2,609204
119341,1,7,4,17,10,2,0,11,5,15,9,3,0,6,3,12,10,3,1,6,3,15,9,3,1,13,6,15,7,3,416703
187286,1,13,6,15,10,3,1,7,3,17,10,3,0,9,4,12,10,3,0,7,3,15,10,3,1,4,2,17,10,3,656411
299947,0,9,5,12,10,2,0,11,5,12,10,3,1,13,6,15,7,3,0,7,3,12,10,3,1,7,3,15,9,3,1010283
238941,0,7,4,12,10,2,1,4,2,15,10,2,0,11,6,12,7,2,0,4,2,15,10,3,0,11,6,12,10,2,806009
298460,1,11,5,15,10,3,0,9,5,15,8,2,0,6,3,15,10,3,1,13,6,15,10,3,1,4,2,15,10,3,1037743
182048,1,4,2,17,10,3,1,4,2,15,10,2,0,9,5,12,10,2,0,6,3,12,10,3,1,4,2,15,10,3,609171
136704,0,4,2,12,9,2,0,7,4,12,9,2,0,4,2,12,10,2,0,11,6,15,10,2,1,11,6,15,8,2,461780
264982,0,4,2,12,10,3,0,11,5,15,8,3,0,7,3,15,10,3,0,7,4,15,10,2,0,4,2,12,10,2,815335
100574,0,6,3,15,7,3,1,9,5,17,10,2,0,11,5,15,9,3,1,7,4,17,10,2,1,4,2,15,10,3,353726
200699,1,6,3,15,6,2,1,11,5,17,8,3,1,9,5,15,10,2,1,11,6,15,7,2,0,4,2,15,10,3,690269
167305,1,6,3,17,10,2,1,6,3,15,10,3,0,6,3,12,10,3,0,6,3,15,10,3,1,9,5,17,10,2,577719
227023,1,13,6,15,10,3,0,7,4,12,8,2,1,6,3,17,10,3,0,9,5,12,10,2,0,4,2,12,9,2,780306
185190,1,6,3,17,10,3,1,6,3,17,7,2,1,7,4,15,10,2,1,4,2,15,8,3,0,11,6,12,10,2,632603
162702,1,13,6,17,10,3,0,9,5,15,10,2,0,4,2,15,10,2,1,9,5,15,10,2,1,13,6,17,10,3,572842
246744,1,9,5,17,10,2,0,9,4,12,10,3,0,6,3,12,10,3,1,7,4,15,10,2,0,4,2,12,9,2,856055
181051,1,11,6,15,10,2,1,7,4,17,10,2,1,11,6,15,8,2,0,13,6,15,10,3,0,6,3,12,8,3,630833
281934,1,11,6,17,9,2,0,11,6,15,10,2,1,6,3,17,7,3,1,11,6,15,10,2,0,13,6,12,10,3,986610
183317,0,13,6,12,10,3,0,9,5,15,7,2,1,6,3,17,10,2,1,11,5,15,8,3,1,4,2,15,10,3,641588
127684,0,6,3,15,10,3,0,4,2,12,9,3,1,11,6,15,9,2,1,6,3,17,7,3,0,9,5,12,10,2,446637
248316,1,6,3,17,9,2,0,13,6,15,10,3,1,6,3,17,10,2,0,9,4,12,10,3,0,4,2,15,10,3,858330
100765,1,9,5,17,10,2,1,13,6,17,10,3,0,13,6,15,10,3,1,11,6,15,10,2,0,4,2,15,7,2,354831
263577,1,4,2,15,9,2,1,4,2,15,10,2,1,9,5,17,10,2,0,9,5,12,10,2,0,4,2,15,6,2,910765
110584,1,6,3,15,10,3,1,4,2,17,10,3,1,9,4,15,10,3,1,6,3,17,10,2,1,7,3,17,10,3,346464
182806,0,6,3,15,7,3,1,9,5,17,10,2,1,7,4,17,7,2,0,11,5,15,10,3,0,7,4,15,10,2,646084
278399,0,11,5,15,7,3,0,11,5,12,8,3,1,6,3,17,8,2,1,7,4,17,10,2,0,6,3,12,10,3,973168
187695,0,9,5,12,9,2,1,13,6,15,10,3,1,11,6,17,10,2,1,6,3,17,6,3,0,11,5,12,10,3,645669
257518,1,6,3,17,10,2,1,7,3,15,10,3,1,7,3,17,10,3,0,4,2,12,10,3,1,4,2,17,10,2,870131
227318,0,4,2,12,10,2,1,4,2,15,10,3,0,6,3,15,10,3,1,4,2,15,7,2,0,6,3,15,10,2,766282
187553,0,11,5,12,10,3,1,6,3,17,10,3,1,9,4,15,10,3,0,11,6,15,10,2,1,13,6,17,7,3,656530
216948,1,4,2,17,10,2,1,4,2,15,7,3,1,9,5,15,10,2,1,7,3,15,10,3,1,6,3,17,9,2,678079
115895,0,9,5,15,10,2,1,9,4,15,9,3,1,7,4,17,9,2,0,6,3,15,10,2,1,13,6,17,8,3,410386
247467,0,6,3,12,10,2,0,6,3,15,10,3,0,11,5,15,10,3,0,7,3,12,8,3,1,4,2,17,10,2,844401
134664,0,7,4,12,9,2,0,11,6,12,9,2,1,7,3,15,10,3,0,7,3,12,10,3,0,7,4,15,7,2,448459
211192,1,6,3,15,10,3,0,11,5,12,9,3,0,9,4,12,10,3,0,7,4,15,6,2,0,7,3,12,8,3,711605
174849,1,6,3,15,7,3,0,11,5,12,10,3,0,6,3,12,10,2,1,7,3,17,10,3,1,6,3,15,10,2,595754
122069,0,9,4,15,10,3,1,11,6,17,10,2,1,6,3,15,10,3,1,9,4,17,10,3,1,7,4,15,10,2,421165
268676,1,7,3,15,10,3,0,6,3,12,7,2,1,6,3,15,10,3,1,4,2,15,10,3,0,9,4,15,6,3,919357
193895,0,4,2,12,9,2,1,13,6,17,10,3,0,9,5,12,10,2,0,6,3,12,10,2,0,11,5,15,10,3,659835
286672,0,11,6,12,10,2,0,6,3,15,10,3,1,4,2,15,8,3,1,9,4,17,10,3,1,11,6,17,10,2,1014709
186709,1,13,6,17,10,3,0,9,5,12,10,2,1,9,4,17,10,3,0,6,3,12,10,3,1,9,4,15,9,3,639428
236044,0,7,3,15,10,3,1,9,5,17,9,2,1,6,3,15,8,2,0,9,5,15,10,2,1,9,5,17,10,2,834350
199471,0,9,5,15,10,2,1,4,2,17,10,2,0,6,3,15,9,3,1,7,3,17,10,3,1,4,2,15,10,2,699612
282170,1,9,4,17,9,3,0,9,4,15,10,3,1,6,3,15,10,2,0,7,4,15,8,2,0,13,6,12,10,3,991713
152407,0,4,2,12,10,3,0,11,6,12,10,2,0,4,2,15,10,3,0,7,4,12,10,2,0,4,2,15,10,2,466798
297933,1,4,2,17,10,3,1,7,3,17,10,3,1,11,6,15,10,2,1,7,4,15,10,2,0,11,5,12,9,3,1005959
223950,0,7,3,12,10,3,0,6,3,12,10,3,1,7,4,15,8,2,0,4,2,15,10,2,1,7,4,17,10,2,779035
263158,0,9,5,12,10,2,0,9,5,12,9,2,1,9,4,17,8,3,0,9,4,15,10,3,1,4,2,17,8,2,901921
155055,0,7,4,12,10,2,0,6,3,15,10,2,1,9,5,17,10,2,0,7,3,15,10,3,0,7,3,15,10,3,537644
235900,1,11,5,17,10,3,1,11,6,17,9,2,1,7,4,15,10,2,0,4,2,12,10,3,1,4,2,15,10,3,800317
119954,1,9,5,15,10,2,1,13,6,15,9,3,0,7,4,12,10,2,0,4,2,12,10,2,1,6,3,17,10,3,413811
170896,1,6,3,15,10,3,0,11,6,12,10,2,1,11,5,17,10,3,1,7,3,15,9,3,1,4,2,15,9,2,583661
222583,0,4,2,12,10,3,1,9,5,17,10,2,0,7,3,15,6,3,0,6,3,15,10,2,0,6,3,12,10,3,778251
217382,1,4,2,15,9,2,0,4,2,15,7,3,0,7,4,15,10,2,0,7,4,12,7,2,1,4,2,17,10,3,748457
278426,0,11,6,12,10,2,0,9,5,15,10,2,0,4,2,12,8,3,0,7,4,15,8,2,1,9,4,15,10,3,941436
189799,1,6,3,17,10,3,0,7,4,12,10,2,0,6,3,15,10,2,1,13,6,15,10,3,1,9,5,15,9,2,666431
142819,1,9,4,17,10,3,1,7,3,17,10,3,1,11,6,17,10,2,0,7,4,12,7,2,1,9,5,17,10,2,484593
224141,1,9,4,15,7,3,1,9,4,15,10,3,1,13,6,17,10,3,0,13,6,15,10,3,0,7,4,12,10,2,778626
195380,0,11,5,15,10,3,0,11,6,15,8,2,0,9,4,15,10,3,0,4,2,12,10,2,0,9,5,12,10,2,600507
193392,0,7,4,15,8,2,0,7,4,15,9,2,0,7,4,15,10,2,0,9,5,15,10,2,1,7,4,17,6,2,659450
163416,1,6,3,17,10,3,0,6,3,15,10,3,1,7,3,15,10,3,1,9,4,17,10,3,1,4,2,17,10,3,571174
278461,0,7,4,15,8,2,1,11,6,17,5,2,0,7,4,15,8,2,0,6,3,12,9,3,1,9,5,15,10,2,972644
248414,1,13,6,15,10,3,0,7,4,12,10,2,1,9,5,17,10,2,1,7,4,15,9,2,1,4,2,15,10,2,846272
253022,1,6,3,17,8,3,1,7,4,17,10,2,1,6,3,17,10,3,0,13,6,15,10,3,0,9,4,15,9,3,887323
154276,1,9,5,15,9,2,0,4,2,12,6,3,1,11,5,17,9,3,1,4,2,15,10,2,1,7,4,17,10,2,516008
102911,1,7,4,17,10,2,0,9,5,12,7,2,0,7,4,15,8,2,1,4,2,17,10,2,0,11,5,15,10,3,363722
185799,0,6,3,12,10,2,0,9,4,15,10,3,0,11,5,15,9,3,0,11,6,15,10,2,1,6,3,15,10,2,629237
190875,1,13,6,17,10,3,1,4,2,15,10,3,0,9,4,15,10,3,0,11,6,15,10,2,1,9,4,15,8,3,671982
239582,0,11,6,15,10,2,1,6,3,17,10,2,0,4,2,12,10,2,0,6,3,15,10,2,0,11,5,15,9,3,825441
187571,1,4,2,17,10,2,0,4,2,15,10,3,0,7,3,15,8,3,0,6,3,15,7,3,0,6,3,12,10,2,641657
112021,0,11,6,12,10,2,1,7,4,15,10,2,0,4,2,15,8,3,1,7,3,15,10,3,0,11,6,12,10,2,382296
261106,0,6,3,15,10,2,0,13,6,12,10,3,0,11,5,12,7,3,1,6,3,15,7,3,0,7,4,15,10,2,876797
224340,1,4,2,15,9,2,0,13,6,15,8,3,0,7,4,12,10,2,0,4,2,15,10,2,1,13,6,15,10,3,778643
170221,1,7,4,15,10,2,0,4,2,12,10,2,0,13,6,12,10,3,1,4,2,17,10,2,1,7,4,17,10,2,585092
281806,1,7,3,15,10,3,1,11,6,17,10,2,0,9,5,15,10,2,0,9,4,12,8,3,0,6,3,12,10,2,989553
121441,1,9,5,15,10,2,0,6,3,15,10,2,0,9,4,15,10,3,1,6,3,15,8,2,1,9,4,15,10,3,421524
145285,0,9,4,15,10,3,0,7,4,12,9,2,0,11,6,15,10,2,1,9,4,15,10,3,0,6,3,12,10,3,488255
222724,0,6,3,12,9,3,0,4,2,15,10,3,0,7,4,15,10,2,0,11,5,15,9,3,1,6,3,15,10,3,762001
212353,1,11,6,15,10,2,1,9,4,15,10,3,1,6,3,17,9,2,0,6,3,12,10,2,0,11,6,12,7,2,728871
273587,1,11,5,15,10,3,1,4,2,15,10,3,1,4,2,15,10,2,0,9,4,12,10,3,0,7,4,15,10,2,947280
280071,1,7,4,17,8,2,0,9,5,12,8,2,1,13,6,15,10,3,0,9,5,15,9,2,0,6,3,12,10,2,974457
290370,0,11,5,15,10,3,0,9,5,15,10,2,0,7,3,12,7,3,0,7,3,15,10,3,0,9,5,12,10,2,893761
117842,1,9,4,15,10,3,1,7,4,17,10,2,0,13,6,12,10,3,0,9,4,12,7,3,0,4,2,15,10,2,413080
130453,1,6,3,15,10,3,1,9,5,15,10,2,0,7,4,12,10,2,1,13,6,15,8,3,0,7,3,15,10,3,447146
161933,1,9,4,15,10,3,1,4,2,17,10,3,1,4,2,17,10,3,0,7,3,15,10,3,0,9,5,15,8,2,565234
218592,0,13,6,12,10,3,0,11,6,15,10,2,1,9,5,17,10,2,0,4,2,15,6,3,0,6,3,15,10,3,765915
233772,1,7,4,15,10,2,0,4,2,12,10,3,1,6,3,15,10,3,0,7,4,12,10,2,1,7,3,17,10,3,806960
264999,1,9,5,17,10,2,0,7,4,12,10,2,0,7,3,15,10,3,0,6,3,15,10,2,1,6,3,15,8,2,932477
269801,1,7,4,17,10,2,0,7,4,12,10,2,1,7,4,17,10,2,0,4,2,15,10,3,0,6,3,12,8,3,944344
236853,1,9,4,17,10,3,1,4,2,15,10,2,0,9,5,12,8,2,1,11,5,17,8,3,1,9,5,15,10,2,801377
266915,1,13,6,15,9,3,0,11,5,15,8,3,1,7,3,15,8,3,0,7,3,12,10,3,1,7,3,15,10,3,903941
274822,0,4,2,15,10,3,0,7,3,15,10,3,1,4,2,17,7,3,1,4,2,17,10,2,0,11,5,15,10,3,949065
227254,0,6,3,12,10,2,1,7,4,17,10,2,0,9,5,12,10,2,1,9,5,15,10,2,1,11,6,17,10,2,787692
118335,0,6,3,12,10,2,0,7,3,12,10,3,0,11,6,15,10,2,1,13,6,17,10,3,1,9,5,15,10,2,414363
169205,0,6,3,15,9,2,1,4,2,15,10,2,0,6,3,12,8,2,0,9,5,15,10,2,1,7,3,17,10,3,586134
249850,1,4,2,17,9,3,1,7,4,15,10,2,1,4,2,17,9,2,1,6,3,17,10,2,0,11,5,12,10,3,841581
185990,1,7,3,15,10,3,1,6,3,15,10,2,0,7,4,12,8,2,0,6,3,15,10,3,0,7,3,15,10,3,643663
114411,0,6,3,15,6,2,1,11,6,17,10,2,1,7,4,15,9,2,1,13,6,17,10,3,0,11,6,15,10,2,406080
297116,0,4,2,15,7,3,1,11,5,15,10,3,0,7,3,15,6,3,0,11,5,15,10,3,0,9,4,15,10,3,1009706
191700,0,4,2,12,10,3,0,9,5,15,10,2,0,4,2,12,10,3,1,11,6,17,10,2,1,11,6,15,10,2,667916
195480,1,4,2,17,10,3,0,11,5,15,10,3,1,6,3,15,10,2,1,6,3,17,10,2,1,4,2,17,10,2,668127
265964,0,7,4,12,10,2,1,11,5,17,10,3,0,6,3,15,9,2,1,9,4,17,10,3,0,9,4,15,10,3,935433
200072,1,4,2,15,9,3,0,9,5,12,10,2,0,13,6,15,10,3,1,6,3,15,10,2,1,4,2,15,8,2,688940
129637,1,6,3,15,10,2,0,13,6,15,10,3,1,6,3,17,9,2,1,4,2,17,10,2,1,11,6,17,8,2,445945
191641,0,11,5,12,10,3,1,6,3,17,10,3,0,13,6,12,10,3,0,7,3,15,10,3,1,4,2,17,8,2,668055
250674,0,6,3,15,10,3,1,11,6,15,10,2,1,7,3,15,10,3,0,4,2,12,10,3,0,6,3,15,10,3,864319
196644,1,11,5,15,10,3,0,7,3,12,10,3,0,11,5,15,8,3,1,13,6,15,10,3,0,6,3,12,10,3,678928
274155,0,4,2,12,10,2,0,9,5,12,8,2,1,13,6,17,10,3,1,13,6,17,10,3,0,6,3,15,10,3,934358
254210,1,6,3,17,8,3,1,9,4,17,8,3,1,6,3,15,10,2,1,11,5,15,10,3,1,7,3,15,10,3,794118
158585,0,9,4,15,10,3,0,4,2,12,10,2,1,11,5,17,10,3,1,11,6,17,10,2,0,6,3,12,10,3,549728
189730,1,7,4,15,10,2,1,13,6,15,10,3,1,4,2,15,9,2,1,9,5,15,8,2,0,7,4,12,10,2,644271
129408,0,7,4,15,9,2,1,7,3,15,7,3,0,6,3,15,10,2,1,9,4,15,10,3,1,6,3,15,10,2,450106
280754,1,6,3,17,10,2,1,9,5,17,8,2,1,7,3,15,10,3,0,9,5,12,10,2,1,4,2,15,10,2,963335
207894,1,9,5,15,8,2,1,6,3,17,7,2,0,6,3,15,10,2,0,4,2,15,10,3,1,9,5,15,10,2,725642
246927,1,9,5,17,8,2,0,7,3,15,10,3,1,6,3,15,10,3,0,13,6,12,10,3,0,11,6,15,10,2,872870
233853,1,9,4,15,10,3,0,9,4,15,10,3,1,11,5,15,8,3,0,7,4,15,10,2,0,13,6,15,10,3,810326
193971,0,11,5,15,10,3,1,13,6,17,8,3,0,13,6,15,8,3,1,4,2,15,8,3,0,13,6,15,10,3,675812
206339,0,4,2,15,10,3,0,11,5,12,10,3,0,9,4,15,10,3,0,9,5,15,10,2,1,13,6,15,10,3,700492
106119,1,7,4,15,10,2,0,6,3,15,10,2,1,6,3,15,10,2,1,9,5,17,10,2,1,6,3,17,10,3,365970
253391,0,11,6,12,8,2,1,9,5,17,10,2,0,11,5,12,10,3,1,11,6,15,10,2,1,6,3,15,9,3,861933
161440,1,11,5,15,7,3,1,9,5,17,10,2,1,11,6,15,10,2,0,11,6,12,10,2,1,13,6,17,9,3,553717
159144,1,7,4,15,10,2,0,9,5,15,10,2,1,7,3,17,7,3,1,4,2,17,10,3,0,11,5,15,10,3,562494
239368,1,11,6,15,6,2,0,9,5,15,10,2,0,7,3,12,8,3,0,9,4,15,10,3,0,11,6,15,9,2,809471
139340,0,11,6,15,10,2,1,11,6,17,7,2,1,7,3,17,8,3,1,11,5,17,10,3,0,9,4,15,10,3,489896
256901,1,11,5,15,10,3,1,6,3,17,10,2,1,4,2,17,10,2,1,11,6,15,9,2,0,7,3,12,10,3,864175
135321,1,9,4,15,10,3,1,11,5,17,10,3,0,7,3,15,10,3,1,6,3,17,10,3,0,4,2,15,10,2,478247
196984,1,9,5,15,10,2,1,4,2,15,10,2,1,13,6,17,10,3,1,4,2,17,10,3,1,7,3,17,10,3,617492
219020,1,9,5,17,8,2,0,4,2,12,8,2,0,6,3,12,7,3,0,9,4,12,10,3,0,4,2,15,10,2,747304
155764,0,4,2,12,10,3,0,13,6,12,10,3,1,4,2,15,9,2,0,6,3,12,10,2,0,6,3,15,10,2,518759
262775,1,7,4,17,10,2,1,6,3,15,10,2,0,6,3,15,10,2,0,11,5,15,10,3,1,4,2,17,9,2,927689
219598,0,9,5,15,10,2,1,9,5,17,10,2,1,6,3,15,9,2,1,6,3,17,10,3,1,4,2,15,10,3,765430
171329,0,7,4,15,10,2,1,6,3,17,10,3,1,6,3,17,10,3,0,7,4,12,9,2,0,13,6,15,10,3,593746
132189,0,7,4,15,9,2,0,6,3,15,9,3,1,13,6,15,10,3,0,7,3,12,9,3,0,6,3,15,9,3,447017
131619,1,7,3,17,10,3,1,9,4,17,10,3,1,6,3,15,10,3,1,6,3,15,7,3,1,7,3,15,10,3,410952
237222,1,7,3,17,10,3,1,9,4,15,10,3,0,7,3,15,10,3,0,4,2,12,10,3,0,6,3,12,10,3,825043
152832,0,4,2,12,10,2,0,11,6,12,10,2,0,6,3,15,10,2,0,4,2,12,10,2,1,6,3,15,10,2,514233
121348,0,11,5,15,10,3,1,13,6,17,8,3,0,6,3,15,10,3,1,9,5,17,10,2,1,6,3,17,10,2,430222
210780,1,11,6,15,10,2,0,4,2,12,9,2,1,6,3,17,7,2,1,9,5,15,10,2,1,7,4,15,10,2,706265
159759,1,4,2,15,8,2,0,9,4,15,10,3,1,4,2,17,9,2,1,11,6,15,10,2,0,4,2,15,10,3,558743
164393,1,4,2,15,10,3,1,6,3,17,7,3,0,11,5,15,10,3,1,4,2,17,10,3,1,4,2,15,9,3,559938
145150,1,9,5,15,10,2,1,4,2,15,10,2,1,6,3,15,10,2,0,4,2,15,9,2,0,6,3,15,9,3,502457
144852,1,11,5,15,10,3,1,4,2,15,10,3,0,7,3,15,10,3,1,7,4,15,8,2,1,9,5,17,10,2,496980
138352,0,7,4,15,10,2,0,4,2,12,7,3,1,6,3,15,10,2,0,7,4,15,10,2,0,6,3,15,10,3,473963
280468,0,9,4,12,7,3,0,11,5,15,9,3,0,7,4,12,10,2,0,7,4,15,10,2,0,4,2,12,10,2,862951
267573,1,11,6,17,10,2,1,9,5,17,10,2,0,11,6,12,10,2,0,7,4,12,9,2,1,9,5,15,10,2,925485
235472,0,11,6,15,7,2,0,11,5,15,10,3,0,7,4,15,10,2,1,13,6,17,9,3,1,6,3,17,10,2,825118
194044,1,13,6,15,10,3,0,6,3,12,7,2,0,11,6,12,9,2,0,9,5,12,10,2,1,11,6,15,10,2,659578
226308,0,9,4,15,10,3,0,11,5,12,9,3,0,6,3,15,10,2,0,9,4,15,10,3,0,13,6,12,10,3,696185
265582,0,13,6,12,8,3,1,9,5,15,7,2,0,9,5,15,10,2,0,7,3,15,10,3,1,6,3,15,10,2,919391
238750,0,7,4,12,10,2,1,7,4,17,9,2,0,11,5,12,10,3,1,7,3,15,10,3,0,6,3,12,10,2,812171
200996,1,11,6,15,10,2,1,11,6,17,10,2,1,7,4,15,10,2,1,11,6,17,6,2,1,9,5,17,9,2,629515
232704,0,11,6,15,10,2,1,11,5,17,9,3,0,13,6,12,10,3,0,11,6,12,10,2,0,4,2,15,9,3,787880
148122,0,13,6,15,9,3,1,11,5,17,10,3,1,6,3,15,10,2,0,11,5,12,10,3,1,9,5,15,10,2,517241
211177,0,11,6,15,10,2,1,6,3,17,10,2,1,4,2,15,9,2,0,9,4,12,10,3,0,6,3,15,10,2,739288
180018,0,6,3,15,10,2,1,9,4,15,10,3,0,6,3,12,10,2,1,6,3,17,10,3,1,11,6,17,8,2,625764
196449,1,11,5,15,10,3,0,7,3,12,10,3,1,4,2,15,10,3,0,7,4,12,10,2,1,6,3,15,8,3,662007
211810,1,6,3,17,10,3,0,9,5,12,7,2,0,6,3,12,10,2,0,4,2,15,10,2,1,9,5,15,10,2,739801
127081,1,7,4,17,9,2,0,6,3,15,10,3,1,9,5,15,9,2,0,9,5,15,10,2,1,9,4,15,10,3,447827
285240,0,6,3,15,10,3,0,11,6,15,10,2,1,6,3,15,10,3,1,7,4,15,9,2,1,13,6,17,10,3,1013184
173037,0,7,4,12,10,2,0,9,4,15,10,3,1,9,5,17,10,2,0,9,5,12,10,2,0,6,3,15,10,2,606635
108477,0,7,4,15,10,2,1,7,3,15,9,3,0,6,3,12,10,2,0,9,5,12,10,2,0,9,5,15,10,2,364767
118790,1,6,3,15,10,3,0,11,5,15,10,3,1,9,4,17,10,3,0,9,4,12,10,3,0,9,5,12,10,2,414239
186533,1,11,6,15,10,2,0,9,4,15,10,3,1,4,2,15,10,3,0,7,4,15,10,2,0,7,3,12,10,3,650895
215312,0,4,2,12,10,2,0,6,3,12,10,3,1,11,5,17,10,3,1,7,3,15,10,3,0,9,5,12,10,2,737310
293993,0,11,5,15,10,3,1,7,3,17,10,3,0,4,2,12,8,3,1,7,3,17,9,3,0,13,6,12,10,3,995333
141029,1,6,3,15,10,2,0,9,4,15,7,3,0,9,4,15,10,3,0,9,5,12,9,2,0,11,5,15,10,3,472806
205563,0,7,3,12,10,3,0,13,6,12,8,3,1,11,5,15,10,3,1,6,3,17,9,2,0,9,4,12,10,3,702708
155852,0,4,2,12,10,3,1,11,6,17,10,2,1,11,6,15,9,2,0,7,3,15,10,3,0,4,2,12,7,3,536764
117238,1,7,4,15,8,2,0,11,5,12,10,3,0,6,3,15,10,3,1,11,6,15,10,2,0,6,3,12,10,2,405749
182096,0,11,6,12,10,2,0,7,4,12,10,2,0,9,5,12,10,2,1,4,2,17,10,3,0,4,2,12,10,3,612519
195740,1,9,5,17,10,2,1,9,4,17,10,3,1,11,6,15,10,2,1,11,5,17,7,3,1,6,3,15,10,3,612397
143106,1,7,3,15,10,3,1,4,2,15,10,2,1,9,4,17,10,3,0,6,3,15,9,3,1,13,6,17,10,3,496083
255859,1,13,6,17,8,3,1,7,4,15,8,2,0,7,4,12,10,2,1,6,3,15,10,2,1,13,6,17,7,3,874930
275329,0,9,5,12,10,2,0,4,2,12,8,2,0,11,6,15,9,2,0,7,3,12,10,3,1,11,6,15,10,2,937869
275950,0,7,3,12,8,3,1,7,4,15,10,2,0,9,5,12,10,2,0,9,4,15,10,3,0,4,2,15,10,2,938234
121734,0,4,2,12,10,3,0,7,3,15,10,3,0,11,5,15,9,3,1,4,2,15,10,2,1,7,4,17,8,2,426050
167012,0,9,4,12,7,3,0,9,4,12,10,3,1,6,3,15,10,2,0,6,3,12,10,2,0,6,3,15,10,3,562940
115951,0,9,5,15,10,2,1,7,3,17,10,3,0,6,3,12,9,3,0,13,6,12,8,3,1,7,4,17,10,2,403183
209328,1,11,6,15,10,2,1,13,6,15,10,3,0,4,2,12,10,2,0,6,3,12,10,2,1,4,2,15,10,3,708178
129158,1,11,5,15,8,3,1,13,6,15,9,3,1,4,2,17,10,3,0,11,6,15,10,2,0,6,3,15,10,3,457096
112957,1,6,3,15,10,3,1,13,6,17,10,3,0,13,6,15,9,3,1,9,4,15,10,3,0,13,6,12,10,3,387847
148304,0,7,3,15,8,3,0,4,2,12,10,3,1,7,3,15,10,3,1,4,2,17,10,3,0,4,2,12,10,2,512906
108931,1,6,3,15,10,2,0,6,3,15,10,3,0,4,2,12,9,2,0,4,2,12,10,2,0,4,2,15,8,3,365477
155311,0,6,3,15,10,3,1,4,2,17,10,2,1,6,3,15,10,2,0,6,3,12,8,2,1,13,6,15,10,3,536729
186810,0,4,2,12,6,2,0,6,3,15,10,3,1,4,2,15,8,2,0,9,5,12,10,2,0,11,6,12,10,2,619936
117424,1,4,2,17,10,2,0,7,3,12,10,3,0,6,3,12,10,2,1,11,5,17,10,3,1,13,6,17,9,3,404095
106583,1,7,3,15,10,3,1,4,2,15,10,2,0,4,2,12,7,3,0,4,2,15,9,2,1,9,5,15,8,2,363366
259089,1,9,5,17,8,2,1,6,3,17,9,2,0,9,4,12,9,3,1,9,4,15,10,3,1,9,4,15,9,3,860188
131293,1,7,3,15,10,3,0,6,3,15,10,2,0,6,3,12,8,3,1,7,3,17,10,3,1,9,5,17,8,2,448398
241903,1,9,4,17,9,3,1,6,3,17,10,2,0,7,4,12,10,2,0,7,4,15,10,2,0,4,2,15,9,2,848571
221680,0,13,6,12,10,3,1,11,5,15,10,3,0,4,2,12,10,3,0,4,2,15,10,2,0,11,5,12,9,3,743685
174429,0,7,3,12,10,3,1,7,4,17,10,2,1,11,5,15,10,3,0,11,5,15,10,3,1,6,3,17,10,3,613848
279635,1,6,3,17,10,3,0,6,3,15,10,2,1,9,4,15,9,3,1,6,3,17,10,2,0,13,6,15,10,3,981694
205953,1,11,6,17,10,2,1,6,3,17,10,3,0,9,5,12,10,2,1,11,6,17,10,2,0,11,5,15,10,3,727227
264160,0,6,3,15,10,3,1,4,2,17,10,2,0,4,2,15,10,2,1,4,2,17,10,3,0,11,5,12,10,3,912514
133907,1,11,5,15,10,3,0,9,4,15,10,3,1,4,2,17,10,2,1,6,3,17,10,2,1,9,5,17,10,2,461428
255720,1,4,2,17,10,3,1,7,4,15,9,2,0,13,6,15,10,3,0,9,4,12,9,3,0,13,6,15,10,3,890719
104914,1,11,6,17,10,2,1,11,6,17,10,2,0,9,4,12,7,3,1,7,4,15,10,2,0,6,3,12,9,2,358713
223851,0,6,3,15,10,3,1,7,3,15,10,3,1,7,4,15,10,2,0,7,4,12,10,2,1,7,3,15,10,3,767007
218683,1,4,2,15,10,3,0,9,5,15,10,2,0,11,5,15,10,3,1,11,5,17,10,3,0,9,4,12,9,3,768350
297961,0,11,5,12,10,3,0,4,2,15,10,2,1,9,5,15,9,2,0,4,2,12,10,2,1,7,3,15,10,3,1025099
247017,0,7,3,12,7,3,1,6,3,15,10,3,0,11,6,12,9,2,1,7,4,15,9,2,1,4,2,17,10,3,848381
100270,0,4,2,15,10,2,0,9,5,15,8,2,1,9,5,17,10,2,0,6,3,15,10,2,0,13,6,15,10,3,350758
256875,1,7,4,15,9,2,1,7,4,17,10,2,1,4,2,17,10,2,0,6,3,15,10,2,1,9,5,15,10,2,880227
121830,1,6,3,15,7,2,0,4,2,15,10,2,1,9,5,15,9,2,1,9,5,17,10,2,1,6,3,17,9,3,415870
137986,0,4,2,12,10,3,0,11,5,15,10,3,0,11,6,12,10,2,0,4,2,12,9,3,0,6,3,12,9,3,421331
170445,0,4,2,15,10,2,1,11,5,17,10,3,0,6,3,12,10,2,1,11,6,15,10,2,0,7,4,15,10,2,592452
229815,0,9,5,15,10,2,1,4,2,15,10,3,1,11,6,15,6,2,0,4,2,12,10,3,1,9,5,17,10,2,806981
222568,0,6,3,15,10,3,0,9,5,12,10,2,0,7,4,15,10,2,0,4,2,12,8,2,1,4,2,17,10,3,768953
206797,0,4,2,12,10,3,1,9,4,15,10,3,1,7,3,17,10,3,1,4,2,17,10,3,0,9,4,12,10,3,715983
230136,1,6,3,17,10,3,0,4,2,15,9,2,1,9,4,17,10,3,0,6,3,12,9,2,1,9,5,17,10,2,800761
165845,0,4,2,15,9,3,0,7,4,12,9,2,1,4,2,17,10,3,0,4,2,12,9,2,0,4,2,12,10,2,566012
181430,1,7,3,17,9,3,1,4,2,17,8,2,0,6,3,15,10,2,1,11,6,17,10,2,0,9,5,15,9,2,641248
220666,0,4,2,12,8,2,0,13,6,12,10,3,0,7,4,15,10,2,0,4,2,15,10,2,0,7,4,15,10,2,679802
241623,1,9,4,17,8,3,1,9,5,15,10,2,0,13,6,12,9,3,1,4,2,15,9,3,0,11,6,12,10,2,828608
230240,1,11,6,17,8,2,0,11,6,15,10,2,0,6,3,12,10,3,0,7,3,15,10,3,1,9,4,17,10,3,813128
129933,1,4,2,15,10,2,0,4,2,15,10,3,1,4,2,17,8,2,0,7,3,15,10,3,0,7,4,12,9,2,446490
235291,0,4,2,15,10,3,0,6,3,15,7,3,1,13,6,15,10,3,0,11,5,15,10,3,0,7,4,12,10,2,800157
295499,0,6,3,15,9,3,0,11,6,15,6,2,0,13,6,15,9,3,1,11,5,17,10,3,0,4,2,12,10,2,1014603
120664,1,6,3,15,10,3,0,9,4,12,10,3,1,4,2,17,10,3,1,6,3,17,10,3,1,7,4,17,9,2,406023
192243,0,13,6,12,10,3,0,11,6,15,8,2,0,4,2,15,10,2,1,13,6,15,10,3,1,9,4,17,9,3,673801
184447,0,7,4,12,7,2,1,4,2,15,10,2,0,7,3,12,10,3,0,9,5,12,10,2,1,11,6,17,8,2,631826
271746,1,6,3,17,10,2,0,4,2,15,7,3,0,7,3,15,10,3,0,4,2,12,10,3,0,7,3,12,10,3,921197
128410,1,4,2,17,10,2,1,9,5,15,10,2,1,7,3,17,9,3,0,4,2,15,10,3,1,6,3,15,9,3,443919
157258,1,4,2,17,9,2,1,4,2,17,10,3,0,9,4,15,10,3,1,11,6,17,10,2,0,7,4,12,7,2,552674
128562,1,11,5,17,8,3,1,11,6,15,10,2,1,7,4,15,10,2,0,9,5,15,10,2,1,6,3,17,10,2,452635
212166,1,11,6,15,10,2,1,11,5,17,10,3,0,11,5,12,10,3,1,4,2,15,10,2,1,6,3,17,8,2,715352
285938,0,4,2,15,9,2,1,4,2,15,9,2,1,9,4,17,9,3,0,7,4,15,10,2,1,13,6,17,10,3,1009424
174776,1,11,6,15,10,2,0,13,6,12,10,3,1,11,5,15,10,3,1,7,4,17,10,2,1,11,5,17,10,3,589904
219595,0,9,5,12,9,2,0,6,3,12,10,3,1,9,4,15,10,3,1,9,4,17,9,3,0,4,2,15,10,3,743681
235215,0,11,6,12,10,2,1,11,5,15,10,3,0,9,4,12,10,3,1,6,3,15,10,2,0,11,5,15,10,3,811771
271291,0,9,5,12,8,2,1,11,6,17,10,2,1,4,2,15,10,2,0,13,6,12,8,3,1,4,2,15,10,3,928856
177617,0,13,6,12,10,3,1,4,2,15,10,3,1,4,2,17,7,3,1,7,3,17,8,3,1,11,6,15,9,2,599400
202180,0,7,3,12,10,3,0,11,6,15,10,2,0,6,3,12,10,3,1,11,5,15,10,3,1,9,5,15,10,2,705013
128934,0,6,3,15,10,2,1,9,4,17,9,3,1,4,2,15,10,2,1,13,6,15,10,3,0,9,4,15,10,3,451413
175393,1,4,2,15,10,2,1,9,4,15,10,3,0,4,2,15,10,2,0,7,4,15,10,2,0,6,3,15,7,3,607777
261986,1,7,4,15,10,2,0,4,2,15,9,2,1,9,5,17,10,2,0,9,5,12,10,2,0,4,2,15,10,2,923969
267854,1,6,3,15,10,2,1,4,2,15,10,2,1,7,4,15,10,2,1,6,3,15,10,2,0,7,3,12,10,3,887302
160063,1,6,3,17,6,2,1,11,6,15,10,2,1,6,3,15,10,3,0,7,3,15,10,3,0,9,5,12,10,2,555584
176995,1,4,2,15,10,3,0,7,3,15,10,3,0,6,3,12,10,3,1,7,3,17,10,3,0,6,3,15,10,2,618428
104860,0,9,5,15,10,2,1,13,6,17,10,3,0,11,6,12,10,2,1,11,6,17,10,2,1,11,6,15,10,2,371033
205535,0,9,4,12,10,3,1,13,6,15,10,3,1,13,6,17,10,3,0,4,2,15,9,2,1,6,3,15,9,2,710099
148482,0,6,3,15,10,2,0,7,4,12,10,2,1,11,5,15,10,3,1,6,3,17,10,2,0,6,3,12,10,2,516979
180501,0,13,6,15,10,3,1,7,4,17,10,2,1,7,4,17,6,2,0,4,2,12,9,2,1,11,6,15,7,2,628431
256573,1,6,3,17,10,2,0,13,6,12,10,3,0,4,2,12,8,3,0,9,4,15,10,3,1,6,3,15,10,3,879711
170461,0,6,3,15,10,2,1,4,2,15,7,2,1,9,4,15,10,3,0,6,3,15,10,2,0,7,3,15,10,3,585336
102204,0,11,6,12,10,2,0,9,4,12,10,3,1,13,6,17,9,3,0,13,6,12,10,3,0,9,5,15,10,2,348650
117650,0,9,4,15,10,3,1,7,3,15,9,3,0,13,6,12,9,3,1,6,3,17,9,3,1,7,4,15,10,2,408227
172484,1,4,2,17,8,2,0,13,6,15,10,3,0,13,6,15,10,3,1,13,6,17,10,3,0,11,5,15,10,3,606970
174721,0,9,5,12,10,2,1,6,3,15,10,3,1,6,3,17,9,2,0,11,6,12,10,2,0,9,4,15,10,3,598039
110082,1,7,3,15,10,3,1,6,3,17,8,3,1,7,3,17,10,3,0,4,2,15,7,3,0,11,6,15,10,2,384642
174153,0,7,3,15,10,3,0,6,3,12,10,2,1,11,6,17,10,2,1,7,4,15,10,2,1,4,2,15,10,2,610264
103770,1,7,4,17,10,2,0,7,3,12,10,3,0,7,4,15,10,2,1,11,6,17,10,2,0,9,5,12,10,2,367551
269012,1,7,4,17,10,2,0,9,4,15,10,3,0,11,5,15,10,3,1,9,4,17,10,3,0,6,3,15,7,2,948433
208133,1,9,5,15,8,2,0,9,4,15,10,3,0,7,3,12,8,3,1,13,6,17,10,3,0,9,4,12,10,3,723520
217706,1,9,5,17,10,2,0,11,6,12,10,2,1,6,3,17,10,3,1,11,6,15,10,2,1,7,3,15,5,3,748019
218539,0,7,4,15,10,2,1,9,5,15,8,2,0,13,6,15,8,3,1,9,4,15,10,3,0,9,4,15,10,3,746683
286777,1,11,6,15,8,2,1,4,2,15,10,2,0,9,4,15,10,3,1,11,5,15,10,3,1,9,5,17,10,2,982482
108828,1,11,5,17,10,3,1,7,4,17,10,2,0,13,6,15,10,3,0,9,4,15,10,3,0,9,5,12,10,2,383788
179873,1,7,4,17,8,2,1,6,3,17,10,3,0,6,3,15,9,3,0,9,4,15,10,3,1,6,3,17,10,3,632572
296759,1,9,5,15,10,2,1,9,5,17,9,2,0,7,3,15,10,3,0,6,3,12,10,2,0,9,4,12,9,3,1029025
252513,1,4,2,17,10,3,0,9,4,12,10,3,1,9,5,15,10,2,0,4,2,15,10,3,1,13,6,15,9,3,885591
172325,0,13,6,15,10,3,1,9,4,17,6,3,0,11,5,12,9,3,1,9,4,17,7,3,0,13,6,15,9,3,576563
224003,1,11,6,15,10,2,1,4,2,15,10,2,1,11,6,15,10,2,0,7,3,12,10,3,0,9,5,15,10,2,777001
151581,1,11,5,15,10,3,1,6,3,17,8,3,0,6,3,15,9,2,1,9,4,17,7,3,0,13,6,12,10,3,527769
114352,1,13,6,15,9,3,0,7,4,15,7,2,1,7,4,17,10,2,0,7,4,15,10,2,0,11,5,12,7,3,404241
285714,1,7,4,17,10,2,1,11,6,15,10,2,1,7,3,17,8,3,1,6,3,15,9,3,1,9,4,17,10,3,895694
286735,1,13,6,15,7,3,0,7,3,15,10,3,1,4,2,17,10,2,0,9,4,12,9,3,0,4,2,12,9,2,992580
194331,1,4,2,15,10,3,1,7,4,15,10,2,0,6,3,12,9,3,1,9,5,15,10,2,0,9,4,12,9,3,662841
261627,1,9,5,15,10,2,0,7,4,12,9,2,0,11,5,15,9,3,1,13,6,17,10,3,1,13,6,15,10,3,912404
119308,1,4,2,17,7,3,0,11,6,15,10,2,0,4,2,12,10,3,1,4,2,17,10,2,1,7,3,17,10,3,418476
122730,0,7,3,15,10,3,1,6,3,17,10,3,1,4,2,15,10,3,0,9,5,12,10,2,1,13,6,15,10,3,430306
103324,0,6,3,12,9,3,0,6,3,15,9,3,0,4,2,15,10,2,1,7,4,15,9,2,0,4,2,15,7,2,348574
290170,1,7,4,17,8,2,1,7,4,15,10,2,0,4,2,15,9,3,1,11,5,15,10,3,0,7,3,12,6,3,1008822
137487,1,9,4,17,10,3,1,9,5,17,9,2,0,11,6,15,6,2,1,6,3,15,10,3,1,6,3,15,10,3,466552
125104,1,9,4,15,10,3,0,11,6,15,10,2,1,11,6,15,10,2,1,11,6,17,10,2,0,6,3,15,9,2,439834
268032,0,9,4,12,10,3,1,4,2,17,10,2,0,6,3,12,10,3,0,6,3,12,10,3,1,9,5,15,10,2,920076
173263,0,4,2,15,10,3,0,4,2,15,5,2,1,4,2,15,10,3,1,11,5,15,10,3,0,7,4,15,10,2,600473
185598,0,9,5,12,10,2,1,11,6,15,10,2,0,7,3,12,9,3,0,9,5,15,9,2,1,4,2,15,10,2,638446
135321,1,9,5,17,9,2,1,9,4,17,10,3,0,6,3,15,10,3,1,6,3,15,10,3,1,4,2,15,10,3,468103
153834,0,11,6,12,9,2,0,6,3,15,10,3,1,11,5,17,10,3,1,9,5,15,10,2,1,7,4,15,10,2,540187
297895,1,9,4,17,8,3,0,9,5,15,10,2,1,7,3,17,10,3,0,4,2,15,10,2,1,11,5,15,9,3,1054911
123234,1,9,5,17,10,2,1,9,4,17,9,3,1,9,5,17,7,2,1,9,5,15,10,2,0,9,5,12,10,2,416844
173907,0,4,2,12,10,3,1,6,3,17,10,2,0,4,2,12,8,2,1,7,3,17,7,3,0,4,2,15,10,3,590979
175000,0,11,5,15,7,3,0,7,3,12,10,3,1,7,4,17,10,2,1,6,3,17,8,3,0,11,6,12,10,2,612048
249071,1,4,2,15,10,2,0,4,2,12,10,3,0,9,4,12,10,3,1,4,2,17,10,2,1,7,3,17,10,3,851661
130310,1,4,2,15,10,2,1,11,5,17,10,3,1,9,5,15,8,2,1,9,4,17,10,3,0,11,6,15,10,2,453266
179757,1,4,2,15,10,2,0,6,3,12,7,2,1,7,4,15,7,2,1,4,2,15,10,3,1,7,4,17,10,2,596004
172243,0,9,4,15,9,3,0,11,5,12,10,3,1,13,6,17,10,3,1,4,2,17,10,3,0,6,3,12,10,2,605142
220924,1,9,4,15,10,3,0,4,2,12,7,2,0,4,2,12,10,2,1,7,3,17,10,3,1,4,2,15,8,3,747000
261386,1,7,4,17,10,2,1,6,3,17,10,3,1,11,6,15,9,2,1,4,2,17,10,2,0,4,2,15,10,3,910746
290757,1,11,6,15,10,2,1,6,3,15,10,2,0,6,3,15,10,3,0,6,3,12,10,2,1,6,3,15,10,2,990935
281045,1,11,6,17,10,2,0,9,4,12,10,3,0,13,6,12,8,3,1,13,6,17,7,3,0,13,6,12,10,3,959562
272184,0,9,4,12,10,3,0,13,6,12,8,3,0,7,3,15,8,3,1,7,4,17,7,2,1,6,3,17,10,2,945791
115278,0,6,3,15,10,3,1,11,6,15,10,2,0,6,3,15,7,3,1,6,3,15,10,2,1,7,3,17,8,3,398185
264319,0,9,4,12,10,3,1,6,3,15,10,3,1,9,4,17,9,3,0,6,3,12,9,3,0,9,5,15,10,2,922950
288665,1,6,3,17,6,3,0,7,4,15,10,2,0,4,2,15,9,3,1,9,5,15,10,2,0,6,3,12,10,3,1015603
211565,1,6,3,17,6,3,1,6,3,17,10,3,1,7,3,17,10,3,0,11,5,15,10,3,0,11,5,15,10,3,723207
161083,0,6,3,15,10,2,1,7,4,17,10,2,0,6,3,15,10,3,1,6,3,15,9,2,0,11,6,15,10,2,571685
200037,0,7,4,15,10,2,1,7,4,17,10,2,0,11,6,15,10,2,1,9,4,17,10,3,0,13,6,15,9,3,712829
174459,1,9,4,17,10,3,0,9,4,12,10,3,1,9,4,15,7,3,1,4,2,17,10,3,1,4,2,15,8,2,584000
219322,0,6,3,12,9,2,1,4,2,15,8,3,1,7,4,15,10,2,1,11,6,15,10,2,1,9,4,15,10,3,732064
256295,1,9,4,15,10,3,0,9,4,12,7,3,0,11,5,12,8,3,1,11,5,15,10,3,1,9,4,17,9,3,864839
184437,0,4,2,12,9,2,0,11,6,15,10,2,1,11,5,15,9,3,1,9,4,15,9,3,0,6,3,12,10,2,634659
133569,1,4,2,17,6,2,0,9,5,15,10,2,1,11,5,15,9,3,0,11,6,15,9,2,0,11,6,15,10,2,463805
180081,1,6,3,15,10,2,0,11,6,15,10,2,1,7,3,15,9,3,0,4,2,15,10,2,0,6,3,12,10,2,623591
177408,0,4,2,12,8,2,0,9,4,12,10,3,1,11,5,15,8,3,0,4,2,12,10,2,1,7,4,17,10,2,606380
291465,1,4,2,17,9,2,0,9,4,15,9,3,0,13,6,12,10,3,1,7,4,17,10,2,1,13,6,15,10,3,1025371
125494,0,7,4,15,8,2,0,7,3,15,6,3,0,7,3,12,10,3,0,9,5,12,10,2,0,7,3,12,10,3,382613
297201,0,9,5,15,7,2,1,11,5,17,10,3,1,13,6,15,9,3,1,7,3,17,10,3,0,13,6,15,10,3,1050573
226013,1,9,5,17,10,2,0,4,2,12,8,2,1,7,3,15,6,3,1,4,2,15,9,2,0,9,4,15,10,3,792884
176504,0,4,2,12,10,3,1,9,5,15,10,2,0,7,3,15,10,3,1,9,5,15,8,2,0,7,4,12,10,2,602998
155224,1,9,4,15,10,3,0,13,6,15,8,3,0,4,2,15,10,2,1,7,4,15,10,2,1,6,3,15,10,3,539800
238389,1,7,4,15,10,2,0,6,3,15,10,2,0,11,5,12,7,3,0,4,2,12,10,2,1,9,5,17,9,2,833866
191945,0,7,3,15,10,3,1,4,2,15,10,3,1,9,4,17,10,3,0,6,3,15,10,2,1,7,4,17,7,2,677040
205724,0,4,2,12,9,3,1,9,4,15,10,3,1,7,4,17,10,2,1,11,6,17,10,2,1,11,6,15,10,2,697175
118594,1,9,5,17,10,2,0,6,3,15,10,2,1,7,3,15,7,3,1,9,5,15,10,2,0,4,2,12,7,3,409643
238269,0,9,4,15,10,3,0,9,5,15,10,2,0,6,3,15,10,3,1,4,2,17,10,2,1,13,6,15,10,3,833022
285029,1,6,3,15,10,3,0,6,3,15,10,2,0,11,6,15,10,2,0,4,2,15,10,2,1,4,2,17,10,2,1006674
276110,0,6,3,12,10,2,0,11,6,15,10,2,1,6,3,17,10,2,1,6,3,15,7,2,1,9,5,17,10,2,967476
137371,0,13,6,15,10,3,1,6,3,15,10,3,0,4,2,12,10,2,1,9,5,17,10,2,1,7,4,15,10,2,483522
261434,1,6,3,17,10,3,0,6,3,12,10,2,0,4,2,15,10,3,1,7,3,15,9,3,1,11,6,17,10,2,919350
138760,1,9,5,17,9,2,0,4,2,15,10,3,0,13,6,12,10,3,0,6,3,15,10,2,0,11,6,12,9,2,480500
140110,1,7,3,15,9,3,1,11,6,15,9,2,1,13,6,17,10,3,0,7,4,12,10,2,1,13,6,17,9,3,476075
131322,1,9,5,15,10,2,1,4,2,17,10,3,0,7,3,12,10,3,1,6,3,15,10,2,0,6,3,15,9,2,457684
282637,0,11,6,12,10,2,0,6,3,15,8,2,1,13,6,17,10,3,1,11,6,17,10,2,0,7,4,12,6,2,994336
274079,1,6,3,17,9,3,1,7,4,17,10,2,0,6,3,12,9,2,0,7,3,15,10,3,0,11,5,15,10,3,970740
122979,1,11,6,17,10,2,0,9,4,12,10,3,0,6,3,15,10,3,1,13,6,17,8,3,1,4,2,15,10,3,433825
278185,1,6,3,15,10,3,1,4,2,15,10,3,1,11,6,15,10,2,1,4,2,17,10,3,1,6,3,15,10,3,866832
235858,1,7,4,17,10,2,0,9,5,12,10,2,1,9,5,15,8,2,1,6,3,15,9,3,1,11,6,15,6,2,807606
220522,0,11,6,12,10,2,1,6,3,15,10,3,1,6,3,17,10,2,1,11,6,15,9,2,1,11,5,15,8,3,741956
153789,0,9,5,12,9,2,0,11,6,15,10,2,1,6,3,15,10,3,0,7,4,12,9,2,1,7,4,17,10,2,544454
298734,1,6,3,17,10,2,1,9,4,15,10,3,1,13,6,17,10,3,1,6,3,15,10,3,0,11,5,12,10,3,1008552
209221,0,6,3,12,8,3,0,4,2,12,6,2,0,6,3,15,10,2,0,9,4,12,9,3,1,11,5,17,10,3,709029
171106,0,9,4,15,10,3,1,6,3,17,10,2,0,11,6,12,10,2,1,11,5,15,10,3,1,4,2,15,10,2,597464
251138,0,4,2,12,10,2,0,7,4,12,10,2,1,4,2,15,10,2,0,11,5,12,10,3,0,9,5,15,10,2,847397
296521,0,6,3,15,10,3,0,4,2,15,10,2,0,9,4,15,8,3,1,9,4,17,9,3,0,4,2,15,10,2,1009297
195456,1,6,3,15,10,3,0,9,5,12,6,2,0,11,6,15,10,2,1,9,5,17,10,2,0,9,5,12,7,2,684563
266840,1,9,4,15,8,3,0,9,5,15,10,2,0,11,6,12,10,2,1,9,5,15,6,2,0,13,6,12,8,3,905232
139659,0,4,2,12,10,2,1,9,4,15,10,3,0,7,4,12,10,2,0,11,5,15,10,3,0,4,2,12,10,3,468095
190263,0,6,3,12,10,3,1,11,5,15,10,3,1,11,5,15,10,3,0,13,6,12,9,3,0,11,6,15,8,2,641934
285890,1,6,3,17,10,2,1,13,6,15,8,3,1,6,3,17,10,2,1,6,3,15,10,2,0,9,5,15,10,2,992356
258669,0,4,2,15,10,2,0,7,3,12,10,3,1,9,5,17,9,2,0,9,4,12,10,3,0,11,5,12,10,3,897798
298655,0,4,2,15,10,2,0,9,5,15,10,2,0,13,6,12,10,3,0,11,5,12,10,3,0,11,6,12,10,2,918452
274411,1,11,6,17,9,2,0,4,2,15,10,3,0,11,5,15,7,3,0,6,3,12,7,2,1,4,2,15,10,3,964795
154354,0,7,4,15,10,2,0,9,5,15,8,2,1,13,6,15,10,3,0,7,3,12,10,3,0,7,4,12,10,2,521768
268941,0,11,6,15,10,2,1,11,5,15,10,3,1,6,3,15,7,3,1,9,4,15,10,3,1,4,2,17,10,3,940641
205503,0,9,5,15,10,2,0,7,3,12,10,3,1,9,4,17,10,3,0,11,5,15,10,3,0,11,5,12,9,3,701674
261661,0,4,2,15,8,2,1,4,2,17,10,2,1,4,2,17,10,2,1,7,3,17,10,3,1,6,3,17,9,3,894899
156189,0,7,3,12,10,3,1,6,3,15,10,3,0,6,3,12,10,3,1,4,2,17,10,2,1,7,4,17,5,2,538685
184227,1,9,4,17,10,3,1,9,5,15,10,2,1,11,6,15,9,2,0,9,5,12,10,2,0,11,6,15,7,2,646835
203944,0,7,4,15,10,2,0,4,2,12,10,3,0,9,4,15,10,3,1,11,5,15,10,3,0,6,3,12,9,2,691433
220822,0,9,5,12,8,2,1,6,3,15,8,2,1,9,5,17,10,2,0,6,3,15,10,3,0,9,5,15,8,2,773032
183364,1,7,4,15,10,2,0,9,4,12,10,3,1,11,5,15,10,3,1,11,6,17,8,2,1,13,6,15,8,3,615516
227668,1,11,5,15,10,3,0,9,4,15,10,3,1,6,3,17,10,3,1,13,6,15,9,3,0,11,6,15,10,2,804650
159183,0,6,3,15,10,2,0,4,2,15,10,2,1,7,4,17,10,2,1,4,2,17,10,3,0,4,2,15,9,2,561650
255404,1,11,5,15,7,3,1,7,3,17,10,3,0,13,6,15,10,3,0,7,4,15,10,2,1,13,6,17,10,3,907661
172641,1,13,6,17,6,3,1,13,6,17,8,3,1,11,6,15,10,2,1,6,3,15,10,2,1,7,3,15,10,3,538024
246224,0,13,6,12,10,3,0,11,5,15,10,3,0,4,2,15,10,3,1,7,3,17,10,3,1,4,2,17,10,2,865621
113209,0,7,4,12,10,2,0,4,2,12,10,2,1,9,4,15,9,3,0,11,6,12,10,2,1,7,4,17,10,2,391003
137109,0,6,3,15,10,2,1,6,3,15,8,2,1,6,3,17,10,3,0,6,3,12,10,2,1,4,2,15,10,2,471178
292691,1,9,5,15,8,2,1,7,3,15,10,3,1,4,2,17,10,2,0,13,6,15,9,3,1,13,6,17,10,3,1007446
247355,1,11,5,17,10,3,1,4,2,15,8,2,0,11,6,15,10,2,1,4,2,17,10,2,0,6,3,15,9,2,871922
168921,0,4,2,15,10,3,1,6,3,17,9,3,1,11,6,17,10,2,1,9,4,17,8,3,0,4,2,12,10,2,586460
170938,0,9,5,12,10,2,1,7,3,17,10,3,0,6,3,15,10,2,0,11,6,15,10,2,1,13,6,17,9,3,602389
226471,1,9,4,15,10,3,0,13,6,15,9,3,0,9,5,15,10,2,0,4,2,15,10,2,1,4,2,15,9,2,788043
114752,1,11,6,17,10,2,1,6,3,17,10,2,0,13,6,12,10,3,0,9,5,12,8,2,1,4,2,15,9,2,394429
105971,0,11,5,15,8,3,1,7,3,17,10,3,0,9,5,15,8,2,1,13,6,17,10,3,0,7,4,15,10,2,375503
100240,1,4,2,15,10,3,1,9,5,17,10,2,1,9,4,15,10,3,0,6,3,15,10,3,1,6,3,17,9,2,348153
221273,1,7,3,17,9,3,1,7,3,17,10,3,1,6,3,15,10,2,0,4,2,15,10,3,1,13,6,15,10,3,761800
127721,1,11,5,17,10,3,1,6,3,15,10,3,1,13,6,15,10,3,1,6,3,15,9,3,1,6,3,17,9,3,399159
122162,1,11,6,17,10,2,0,9,4,12,10,3,1,4,2,15,10,3,1,4,2,17,9,2,1,6,3,17,10,3,411870
176870,0,13,6,12,10,3,1,9,4,15,8,3,1,4,2,15,10,2,1,9,5,15,10,2,0,7,3,12,9,3,598744
212032,1,13,6,17,10,3,0,6,3,12,9,2,0,11,6,15,10,2,0,11,6,15,10,2,1,9,5,15,8,2,745686
176319,0,4,2,12,10,3,0,7,4,12,10,2,1,9,5,15,10,2,1,9,4,15,10,3,1,7,4,17,9,2,607912
223975,1,9,4,17,10,3,1,11,5,17,10,3,0,9,5,15,9,2,0,13,6,15,10,3,0,9,4,12,10,3,788455
204538,0,9,4,15,9,3,0,7,4,12,9,2,1,9,4,15,10,3,0,13,6,15,7,3,1,11,5,17,10,3,715941
124437,0,6,3,15,10,2,0,6,3,15,10,2,0,9,4,12,10,3,1,7,3,15,9,3,0,4,2,12,10,2,415189
201608,1,4,2,17,9,2,1,6,3,17,8,2,1,11,6,15,10,2,1,11,6,15,10,2,1,11,6,15,10,2,629181
239995,0,9,4,15,10,3,1,11,6,15,10,2,1,9,4,15,10,3,1,11,5,15,10,3,0,13,6,12,10,3,827156
253411,0,11,6,15,10,2,0,6,3,15,8,3,0,4,2,15,10,2,1,7,3,17,10,3,1,13,6,15,10,3,892159
268431,1,7,4,17,10,2,1,13,6,17,9,3,0,13,6,15,10,3,0,11,5,12,10,3,0,9,5,15,9,2,951779
251832,1,6,3,15,10,2,0,4,2,15,10,2,1,7,3,17,10,3,0,4,2,12,10,2,1,11,6,17,10,2,868890
183554,1,6,3,15,10,2,0,7,3,12,10,3,1,7,4,15,10,2,1,7,3,17,10,3,0,11,5,12,10,3,626829
239382,0,6,3,15,10,2,1,6,3,17,10,2,0,7,3,12,10,3,1,4,2,17,10,2,1,7,3,17,10,3,841750
286595,1,4,2,15,10,2,1,4,2,15,8,2,1,7,3,15,10,3,0,13,6,15,10,3,1,7,4,17,10,2,976957
168904,1,4,2,15,10,2,0,11,5,12,10,3,0,6,3,15,10,3,0,7,3,12,9,3,1,7,4,17,10,2,595627
193387,1,6,3,17,10,3,0,9,5,15,10,2,1,6,3,17,10,2,0,6,3,12,10,3,0,9,5,15,10,2,666862
208714,1,6,3,17,10,2,1,11,6,17,9,2,0,9,5,12,9,2,0,6,3,15,10,3,1,9,4,15,10,3,736063
110454,1,13,6,15,9,3,0,13,6,12,6,3,0,9,5,12,7,2,1,7,4,17,10,2,0,4,2,12,8,2,379425
223474,0,9,5,15,10,2,0,6,3,12,10,2,0,4,2,12,10,2,0,11,6,15,9,2,0,6,3,12,10,2,687021
187227,1,13,6,15,9,3,0,4,2,12,10,2,0,9,5,12,7,2,1,11,5,17,10,3,0,4,2,12,10,2,637513
