sample(26),all,1.9,12,24,36,48,60,72,84,96,108,120,132,144,156,168,180,192,204,216,228,240,252,264,276,288,300,312,324,336,348,360,372,384,396,408,420,432,444,456,468,480,492,504,516,528,540,552,564,576,588,600,612,624,636,648,660,672,684,696,708,720,732,744,756,768,780,792,804,816,828,840,852,864,876,888,900,912,924,936,948,960,972,984,996,1008,1020,1032,1044,1056,1068,1080,1092,1104,1116,1128,1140,1152,1164,1176,1188,1200,1212,1224,1236,1248,1260,1272,1284,1296,1308,1320,1332,1344,1356,1368,1380,1392,1404,1416,1428,1440,1452,1464,1476,1488,1500,1512,1524,1536,1548,1560,1572,1584,1596,1608,1620,1632,1644,1656,1668,1680,1692,1704,1716,1728,1740,1752,1764,1776,1788,1800,1812,1824,1836,1848,1860,1872,1884,1896,1908,1920,1932,1944,1956,1968,1980,1992,2004,2016,2028,2040,2052,2064,2076,2088,2100,2112,2124,2136,2148,2160,2172,2184,2196,2208,2220,2232,2244,2256,2268,2280,2292,2304,2316,2328,2340,2352,2364,2376,2388,2400,2412,2424,2436,2448,2460,2472,2484,2496,2508,2520,2532,2544,2556,2568,2580,2592,2604,2616,2628,2640,2652,2664,2676,2688,2700,2712,2724,2736,2748,2760,2772,2784,2796,2808,2820,2832,2844,2856,2868,2880,2892,2904,2916,2928,2940,2952,2964,2976,2988,3000,3012,3024,3036,3048,3060,3072,3084,3096,3108,3120,3132,3144,3156,3168,3180,3192,3204,3216,3228,3240,3252,3264,3276,3288,3300,3312,3324,3336,3348,3360,3372,3384,3396,3408,3420,3432,3444,3456,3468,3480,3492,3504,3516,3528,3540,3552,3564,3576,3588,3600,3612,3624,3636,3648,3660,3672,3684,3696,3708,3720,3732,3744,3756,3768,3780,3792,3804,3816,3828,3840,3852,3864,3876,3888,3900,3912,3924,3936,3948,3960,3972,3984,3996,4008,4020,4032,4044,4056,4068,4080,4092,4104,4116,4128,4140,4152,4164,4176,4188,4200,4212,4224,4236,4248,4260,4272,4284,4296,4308,4320,4332,4344,4356,4368,4380,4392,4404,4416,4428,4440,4452,4464,4476,4488,4500,4512,4524,4536,4548,4560,4572,4584,4596,4608,4620,4632,4644,4656,4668,4680,4692,4704,4716,4728,4740,4752,4764,4776,4788,4800,4812,4824,4836,4848,4860,4872,4884,4896,4908,4920,4932,4944,4956,4968,4980,4992,5004,5016,5028,5040,5052,5064,5076,5088,5100,5112,5124,5136,5148,5160,5172,5184,5196,5208,5220,5232,5244,5256,5268,5280,5292,5304,5316,5328,5340,5352,5364,5376,5388,5400,5412,5424,5436,5448,5460,5472,5484,5496,5508,5520,5532,5544,5556,5568,5580,5592,5604,5616,5628,5640,5652,5664,5676,5688,5700,5712,5724,5736,5748,5760,5772,5784,5796,5808,5820,5832,5844,5856,5868,5880,5892,5904,5916,5928,5940,5952,5964,5976,5988,6000,6012,6024,6036,6048,6060,6072,6084,6096,6108,6120,6132,6144,6156,6168,6180,6192,6204,6216,6228,6240,6252,6264,6276,6288,6300,6312,6324,6336,6348,6360,6372,6384,6396,6408,6420,6432,6444,6456,6468,6480,6492,6504,6516,6528,6540,6552,6564,6576,6588,6600,6612,6624,6636,6648,6660,6672,6684,6696,6708,6720,6732,6744,6756,6768,6780,6792,6804,6816,6828,6840,6852,6864,6876,6888,6900,6912,6924,6936,6948,6960,6972,6984,6996,7008,7020,7032,7044,7056,7068,7080,7092,7104,7116,7128,7140,7152,7164,7176,7188,7200
GOIN'!!!(27),all,1.95,135,165,195,225,255,285,315,370,390,428,445,462,480,497,514,545,556,567,578,589,600,610,621,633,643,664,672,681,690,698,707,725,736,747,758,769,780,790,801,813,823,850,870,889,910,930,967,982,997,1012,1027,1042,1057,1084,1092,1101,1110,1118,1127,1135,1144,1152,1161,1170,1178,1187,1195,1204,1212,1221,1230,1238,1247,1263,1271,1278,1286,1293,1301,1308,1330,1350,1369,1390,1410,1444,1454,1463,1473,1482,1492,1501,1510,1520,1530,1539,1549,1558,1567,1577,1587,1596,1605,1624,1632,1641,1650,1658,1667,1686,1697,1708,1720,1731,1743,1754,1765,1777,1788,1800,1811,1822,1834,1845,1857,1868,1879,1891,1902,1924,1932,1941,1950,1958,1967,1983,1990,1996,2003,2010,2016,2023,2029,2036,2043,2050,2056,2063,2070,2076,2083,2089,2106,2118,2130,2142,2166,2177,2188,2200,2211,2223,2234,2245,2257,2268,2280,2291,2302,2314,2325,2337,2348,2359,2371,2382,2406,2419,2433,2446,2460,2473,2486,2500,2526,2539,2553,2566,2580,2593,2606,2620,2647,2662,2677,2706,2718,2730,2742,2754,2766,2778,2790,2802,2814,2826,2838,2850,2862,2886,2898,2910,2922,2946,2958,2970,2982,2994,3006,3018,3030,3042,3054,3066,3078,3090,3102,3124,3133,3142,3152,3161,3171,3180,3189,3198,3207,3217,3226,3250,3270,3304,3312,3321,3330,3338,3347,3367,3381,3395,3409,3423,3437,3451,3465,3480,3494,3508,3522,3536,3550,3564,3579,3607,3622,3637,3652,3667,3682,3697,3712,3727,3742,3757,3786,3799,3812,3825,3837,3850,3863,3876,3889,3902,3915,3927,3940,3965,3976,3987,3998,4009,4020,4030,4041,4053,4063,4086,4099,4113,4126,4140,4153,4166,4180,4206,4219,4233,4246,4260,4273,4286,4300,4324,4334,4344,4353,4363,4372,4382,4392,4401,4411,4420,4430,4440,4449,4459,4468,4478,4488,4497,4507,4516,4526,4536,4545,4564,4575,4585,4594,4605,4626,4638,4650,4662,4684,4692,4701,4710,4718,4727,4735,4744,4752,4761,4770,4778,4787,4804,4812,4821,4830,4838,4847,4866,4878,4890,4902,4914,4926,4938,4950,4962,4974,4986,4998,5010,5022,5044,5053,5062,5072,5081,5091,5100,5109,5118,5127,5137,5146,5155,5164,5173,5182,5192,5201,5211,5220,5229,5238,5247,5257,5266,5284,5293,5302,5312,5321,5331,5340,5349,5358,5367,5377,5386,5404,5415,5425,5434,5445,5464,5472,5481,5490,5498,5507,5524,5533,5542,5552,5561,5571,5580,5589,5598,5607,5617,5626,5635,5644,5653,5662,5672,5681,5691,5700,5709,5718,5727,5737,5746,5765,5776,5787,5798,5809,5820,5830,5841,5853,5863,5884,5892,5901,5910,5918,5927,5944,5952,5959,5967,5975,5983,5991,5998,6006,6014,6022,6030,6037,6045,6053,6061,6069,6076,6084,6092,6100,6108,6124,6132,6139,6148,6156,6163,6172,6180,6187,6196,6204,6211,6220,6228,6246,6258,6270,6282,6305,6316,6328,6339,6350,6361,6373,6384,6395,6406,6418,6429,6440,6451,6463,6484,6493,6502,6512,6521,6531,6540,6549,6558,6567,6577,6586,6606,6618,6630,6642,6654,6666,6678,6690,6702,6726,6738,6750,6762,6774,6786,6798,6810,6822,6844,6853,6862,6872,6881,6891,6900,6909,6918,6927,6937,6946,6970,6990,7039,7080,7157,7191,7225,7260,7294,7328
Hotel Moonside(27),co,1.95,187,202,217,247,261,274,288,302,316,330,343,357,371,385,399,426,438,450,462,484,492,501,510,518,527,546,559,573,586,600,613,626,640,670,690,726,739,753,766,780,793,806,820,846,859,873,886,900,913,926,940,964,972,979,988,996,1003,1012,1020,1027,1036,1044,1051,1060,1068,1084,1092,1099,1108,1116,1123,1132,1140,1147,1156,1164,1171,1180,1188,1204,1212,1221,1230,1238,1247,1264,1272,1281,1290,1298,1307,1326,1339,1353,1366,1380,1393,1406,1420,1450,1473,1494,1516,1538,1560,1581,1603,1625,1647,1687,1701,1715,1729,1743,1757,1771,1785,1800,1814,1828,1842,1856,1870,1884,1899,1930,1950,1984,1995,2005,2014,2025,2035,2044,2055,2065,2074,2085,2095,2104,2115,2125,2134,2145,2167,2182,2197,2212,2227,2242,2257,2272,2287,2302,2317,2332,2347,2362,2377,2404,2413,2422,2432,2441,2451,2460,2469,2478,2487,2497,2506,2524,2533,2542,2552,2561,2571,2580,2589,2598,2607,2617,2626,2646,2657,2668,2680,2691,2703,2714,2725,2737,2748,2760,2771,2782,2794,2805,2817,2828,2839,2851,2862,2886,2897,2908,2920,2931,2943,2954,2965,2977,2988,3000,3011,3022,3034,3045,3057,3068,3079,3091,3102,3125,3136,3147,3158,3169,3180,3190,3201,3213,3223,3244,3252,3261,3270,3278,3287,3304,3312,3321,3330,3338,3347,3370,3390,3409,3430,3450,3469,3490,3510,3529,3550,3570,3604,3614,3623,3633,3642,3652,3661,3670,3680,3690,3699,3709,3718,3727,3737,3747,3756,3765,3786,3798,3810,3822,3846,3859,3873,3886,3900,3913,3926,3940,3968,3985,4002,4020,4037,4054,4085,4096,4107,4118,4129,4140,4150,4161,4173,4183,4206,4218,4230,4242,4254,4266,4278,4290,4302,4324,4332,4340,4348,4357,4365,4374,4381,4390,4398,4407,4415,4423,4431,4440,4448,4456,4464,4473,4481,4489,4498,4506,4514,4522,4531,4539,4547,4563,4570,4576,4583,4590,4596,4603,4609,4623,4628,4633,4639,4644,4650,4655,4660,4666,4671,4677,4683,4688,4693,4699,4704,4710,4715,4720,4726,4731,4737,4743,4748,4753,4759,4764,4770,4775,4780,4786,4791,4801,4804,4807,4810,4814,4817,4820,4823,4827,4830,4833,4836,4839,4842,4845,4849,4852,4855,4864,4872,4879,4887,4895,4903,4911,4918,4926,4934,4942,4950,4957,4965,4973,4981,4989,4996,5004,5012,5020,5028,5042,5047,5052,5057,5062,5067,5071,5076,5081,5086,5091,5096,5101,5106,5110,5116,5121,5125,5130,5135,5140,5145,5150,5155,5160,5164,5169,5174,5179,5184,5189,5194,5199,5203,5209,5214,5218,5223,5228,5233,5238,5243,5248,5253,5257,5262,5268,5272,5284,5293,5302,5311,5320,5329,5338,5347,5356,5365,5374,5383,5392,5401,5410,5419,5428,5437,5446,5462,5467,5473,5478,5483,5488,5494,5499,5505,5509,5515,5520,5526,5530,5536,5541,5547,5552,5557,5562,5568,5573,5578,5583,5589,5594,5599,5604,5610,5615,5620,5625,5631,5636,5641,5646,5652,5657,5662,5667,5673,5678,5683,5689,5694,5699,5704,5710,5715,5720,5725,5731,5736,5741,5746,5752,5764,5773,5782,5792,5801,5811,5820,5829,5838,5847,5857,5866,5882,5887,5891,5896,5901,5905,5910,5914,5919,5923,5928,5932,5943,5950,5956,5963,5970,5976,5983,5989,6003,6008,6014,6019,6025,6031,6037,6042,6048,6054,6060,6066,6071,6077,6082,6088,6094,6100,6105,6111,6117,6123,6128,6134,6139,6145,6151,6157,6162,6168,6174,6180,6186,6191,6197,6202,6208,6214,6220,6225,6231,6244,6252,6261,6270,6278,6287,6304,6312,6320,6328,6336,6345,6353,6361,6369,6378,6385,6394,6402,6410,6418,6426,6435,6443,6451,6459,6468,6484,6492,6501,6510,6518,6527,6535,6544,6552,6561,6570,6578,6587,6604,6612,6619,6628,6636,6643,6652,6660,6667,6676,6684,6691,6700,6708,6724,6734,6744,6753,6763,6772,6782,6792,6801,6811,6820,6830,6840,6849,6859,6868,6878,6888,6897,6907,6916,6926,6936,6945,6966,6978,6990,7002,7026,7038,7050,7062,7074,7086,7098,7110,7122,7143,7150,7156,7163,7170,7176,7183,7189,7203,7210,7216,7223,7230,7236,7243,7249,7263,7269,7275,7281,7288,7294,7300,7306,7312,7318,7325,7331,7337,7344,7350,7356,7362,7368,7374,7381,7387,7393,7399,7405,7411,7418,7424,7430,7437,7443,7449,7455,7461,7468,7474,7480,7486,7492,7498,7505,7511,7517,7524,7530,7536,7542,7548,7554,7561,7567,7573,7579,7585,7591,7598,7604,7610
LEGNE 仇なす 光の旋律 (28),co,2,189,207,226,244,262,281,300,318,337,355,373,392,423,430,436,443,450,456,463,469,487,502,517,547,562,577,592,607,622,637,675,730,750,769,790,810,848,865,882,900,917,934,964,975,985,994,1005,1015,1024,1035,1045,1054,1065,1084,1094,1103,1113,1122,1132,1141,1150,1160,1170,1179,1189,1198,1207,1217,1227,1236,1245,1266,1278,1290,1302,1324,1333,1342,1350,1359,1368,1377,1386,1395,1404,1412,1421,1430,1439,1447,1456,1465,1474,1483,1492,1500,1509,1518,1527,1536,1545,1554,1562,1571,1580,1589,1597,1606,1626,1638,1650,1662,1686,1697,1708,1720,1731,1743,1754,1765,1777,1788,1800,1811,1822,1834,1845,1857,1868,1879,1891,1902,1926,1938,1950,1962,1985,1996,2008,2019,2030,2041,2053,2064,2075,2086,2098,2109,2120,2131,2143,2164,2175,2185,2194,2205,2215,2224,2235,2245,2254,2265,2275,2284,2295,2305,2314,2325,2335,2344,2355,2365,2374,2385,2404,2415,2425,2434,2445,2455,2464,2475,2485,2494,2505,2524,2535,2545,2554,2565,2575,2584,2595,2605,2614,2625,2647,2662,2677,2704,2715,2725,2734,2745,2755,2764,2775,2785,2794,2805,2815,2824,2835,2845,2854,2865,2884,2892,2901,2910,2918,2927,2947,2962,2977,2992,3007,3022,3037,3052,3067,3082,3097,3112,3127,3142,3157,3172,3187,3202,3217,3243,3248,3253,3259,3264,3270,3275,3280,3286,3291,3304,3312,3321,3330,3338,3347,3364,3374,3384,3394,3403,3414,3423,3433,3442,3453,3462,3472,3481,3492,3501,3511,3521,3531,3540,3550,3560,3570,3579,3589,3599,3609,3618,3628,3638,3648,3658,3667,3677,3687,3697,3706,3716,3726,3736,3745,3755,3765,3783,3788,3793,3799,3804,3810,3815,3820,3826,3831,3845,3856,3867,3878,3889,3900,3910,3921,3933,3943,3965,3975,3985,3996,4006,4017,4027,4038,4048,4059,4069,4080,4090,4101,4111,4122,4132,4142,4153,4163,4174,4184,4205,4216,4227,4238,4249,4260,4270,4281,4293,4303,4323,4331,4339,4347,4354,4362,4370,4378,4386,4393,4401,4408,4416,4424,4432,4440,4447,4455,4463,4471,4479,4486,4494,4501,4509,4517,4525,4533,4540,4548,4567,4582,4597,4624,4635,4645,4654,4665,4675,4684,4695,4705,4714,4725,4735,4744,4755,4765,4774,4785,4804,4812,4821,4830,4838,4847,4855,4864,4872,4881,4890,4898,4907,4915,4924,4932,4941,4950,4958,4967,4975,4984,4992,5001,5010,5018,5027,5045,5055,5065,5076,5086,5097,5107,5118,5128,5139,5149,5160,5170,5181,5191,5202,5212,5222,5233,5243,5254,5264,5284,5295,5305,5314,5325,5335,5344,5355,5365,5374,5385,5406,5418,5430,5442,5464,5475,5485,5494,5505,5525,5536,5547,5558,5569,5580,5590,5601,5613,5623,5634,5645,5656,5667,5678,5689,5700,5710,5721,5733,5743,5763,5771,5778,5786,5793,5801,5808,5816,5823,5831,5838,5846,5853,5861,5868,5883,5890,5896,5903,5910,5916,5923,5929,5946,5959,5972,5985,5997,6010,6023,6036,6049,6062,6075,6087,6100,6113,6126,6139,6152,6165,6177,6190,6203,6216,6229,6242,6255,6267,6280,6305,6316,6328,6339,6350,6361,6373,6384,6395,6406,6418,6429,6440,6451,6463,6484,6493,6502,6512,6521,6531,6540,6549,6558,6567,6577,6586,6605,6616,6627,6638,6649,6660,6670,6681,6693,6703,6724,6733,6742,6751,6760,6769,6778,6788,6797,6806,6815,6824,6833,6843,6852,6861,6870,6879,6888,6897,6906,6915,6924,6933,6942,6951,6961,6970,6979,6988,6997,7006,7027,7041,7056,7069,7084,7098,7113,7127,7141,7155,7170,7184,7198,7212,7227,7241,7255,7270,7284,7298
LET'S GO HAPPY(25),cu,1.75,126,138,150,162,174,186,198,210,222,244,252,261,270,278,287,295,304,312,321,330,338,347,364,375,385,394,405,423,431,438,446,453,461,468,484,492,501,510,518,527,543,550,557,564,571,579,585,592,600,607,614,621,628,635,642,649,664,672,681,690,698,707,724,735,745,754,765,775,784,795,805,814,825,843,851,858,866,873,881,888,896,903,911,918,926,933,941,948,964,972,981,990,998,1007,1015,1024,1032,1041,1050,1058,1067,1084,1093,1102,1112,1121,1131,1140,1149,1158,1167,1177,1186,1203,1211,1218,1226,1233,1241,1248,1264,1272,1281,1290,1298,1307,1325,1336,1347,1358,1369,1380,1390,1401,1413,1423,1444,1453,1462,1471,1480,1489,1498,1507,1516,1525,1534,1543,1552,1561,1570,1579,1588,1597,1606,1624,1635,1645,1654,1665,1684,1694,1704,1713,1723,1732,1742,1752,1761,1771,1780,1790,1800,1809,1819,1828,1838,1848,1857,1867,1876,1886,1896,1905,1926,1938,1950,1962,1986,1999,2013,2026,2040,2053,2066,2080,2106,2118,2130,2142,2167,2181,2195,2209,2223,2237,2251,2265,2280,2294,2308,2322,2336,2350,2364,2379,2406,2418,2430,2442,2454,2466,2478,2490,2502,2527,2542,2557,2572,2587,2602,2617,2647,2662,2677,2707,2722,2737,2752,2767,2782,2797,2812,2827,2842,2857,2884,2895,2905,2914,2925,2947,2961,2974,2988,3002,3016,3030,3043,3057,3071,3085,3099,3124,3132,3139,3148,3156,3163,3172,3180,3187,3196,3204,3211,3220,3228,3243,3251,3258,3266,3273,3281,3288,3303,3311,3318,3326,3333,3341,3348,3364,3373,3382,3392,3401,3411,3420,3429,3438,3447,3457,3466,3475,3484,3493,3502,3512,3521,3531,3540,3549,3558,3567,3577,3586,3603,3611,3618,3626,3633,3641,3648,3656,3663,3671,3678,3686,3693,3701,3708,3716,3723,3731,3738,3746,3753,3761,3768,3783,3791,3798,3806,3813,3821,3828,3844,3852,3859,3868,3876,3883,3892,3900,3907,3916,3924,3931,3940,3948,3964,3975,3985,3994,4005,4015,4024,4035,4045,4054,4065,4084,4092,4099,4108,4116,4123,4132,4140,4147,4156,4164,4171,4180,4188,4195,4204,4212,4219,4228,4236,4243,4252,4260,4267,4276,4284,4291,4300,4308,4326,4337,4348,4360,4371,4383,4394,4405,4417,4428,4440,4451,4462,4474,4485,4497,4508,4519,4531,4542,4566,4578,4590,4602,4624,4632,4641,4650,4658,4667,4684,4692,4701,4710,4718,4727,4735,4744,4752,4761,4770,4778,4787,4810,4830,4864,4873,4882,4891,4900,4909,4918,4927,4936,4945,4954,4963,4972,4981,4990,4999,5008,5017,5026,5046,5058,5070,5082,5094,5106,5118,5130,5142,5154,5166,5178,5190,5202,5214,5226,5238,5250,5262,5286,5298,5310,5322,5334,5346,5358,5370,5382,5404,5415,5425,5434,5445,5464,5472,5481,5490,5498,5507,5523,5531,5539,5547,5554,5562,5570,5578,5586,5593,5601,5608,5616,5624,5632,5640,5647,5655,5663,5671,5679,5686,5694,5701,5709,5717,5725,5733,5740,5748,5764,5772,5779,5788,5796,5803,5812,5820,5827,5836,5844,5851,5860,5868,5886,5898,5910,5922,5943,5951,5958,5966,5973,5981,5988,6004,6012,6019,6028,6036,6043,6052,6060,6067,6076,6084,6091,6100,6108,6124,6132,6139,6148,6156,6163,6172,6180,6187,6196,6204,6211,6220,6228,6244,6255,6265,6274,6285,6307,6321,6334,6348,6362,6376,6390,6403,6417,6431,6445,6459,6488,6505,6522,6540,6557,6574,6604,6613,6622,6632,6641,6651,6660,6669,6678,6687,6697,6706,6724,6732,6739,6748,6756,6763,6772,6780,6787,6796,6804,6811,6820,6828,6844,6852,6861,6870,6878,6887,6895,6904,6912,6921,6930,6938,6947,6964,6972,6981,6990,6998,7007,7024,7035,7045,7054,7065,7075,7084,7095,7105,7114,7125,7143,7150,7156,7163,7170,7176,7183,7189,7204,7215,7225,7234,7245,7267,7281,7294,7308,7322,7336,7350,7363,7377,7391,7405,7419,7432,7447,7461,7474,7488,7502,7516,7530,7543,7557,7571,7585,7599
M@GIC☆(28),all,2,126,137,148,160,172,183,195,206,217,229,241,252,264,276,287,298,310,322,333,345,356,367,379,391,402,427,442,457,484,492,501,510,518,527,545,556,567,578,589,600,610,621,633,643,665,676,688,699,710,721,733,744,755,766,778,789,800,811,823,843,851,858,866,873,881,888,896,903,911,918,926,933,941,948,963,970,977,984,991,999,1005,1012,1020,1027,1034,1041,1048,1055,1062,1069,1084,1092,1099,1107,1115,1123,1131,1138,1146,1154,1162,1170,1177,1185,1193,1201,1209,1216,1224,1232,1240,1248,1264,1272,1281,1290,1298,1307,1324,1335,1345,1354,1365,1375,1384,1395,1405,1414,1425,1444,1452,1460,1468,1476,1485,1493,1501,1509,1518,1525,1534,1542,1550,1558,1566,1575,1583,1591,1599,1608,1623,1630,1636,1643,1650,1656,1663,1669,1684,1692,1701,1710,1718,1727,1735,1744,1752,1761,1770,1778,1787,1795,1804,1812,1821,1830,1838,1847,1855,1864,1872,1881,1890,1898,1907,1924,1935,1945,1954,1965,1983,1991,1998,2006,2013,2021,2028,2036,2043,2051,2058,2066,2073,2081,2088,2103,2111,2118,2126,2133,2141,2148,2165,2175,2185,2196,2206,2217,2227,2238,2248,2259,2269,2280,2290,2301,2311,2322,2332,2342,2353,2363,2374,2384,2404,2415,2425,2434,2445,2455,2464,2475,2485,2494,2505,2523,2531,2538,2546,2553,2561,2568,2576,2583,2591,2598,2606,2613,2621,2628,2644,2655,2665,2674,2685,2705,2716,2728,2739,2750,2761,2773,2784,2795,2806,2818,2829,2840,2851,2863,2882,2887,2891,2896,2901,2905,2910,2914,2919,2923,2928,2932,2943,2949,2955,2961,2967,2973,2979,2985,2991,2997,3003,3009,3015,3021,3027,3033,3039,3045,3051,3057,3063,3069,3075,3081,3087,3093,3099,3105,3111,3117,3123,3129,3135,3141,3147,3153,3159,3165,3171,3177,3183,3189,3195,3201,3207,3213,3219,3225,3231,3246,3258,3270,3282,3303,3310,3316,3323,3330,3336,3343,3349,3364,3372,3381,3389,3397,3406,3414,3423,3431,3439,3448,3456,3465,3473,3481,3490,3498,3507,3515,3523,3532,3540,3549,3557,3565,3574,3582,3591,3599,3607,3616,3624,3633,3641,3649,3658,3666,3675,3683,3691,3700,3708,3717,3725,3733,3742,3750,3759,3767,3786,3798,3810,3822,3844,3852,3859,3868,3876,3883,3892,3900,3907,3916,3924,3931,3940,3948,3964,3975,3985,3994,4005,4015,4024,4035,4045,4054,4065,4075,4084,4095,4105,4114,4125,4135,4144,4155,4165,4174,4185,4204,4213,4222,4232,4241,4251,4260,4269,4278,4287,4297,4306,4324,4332,4341,4350,4358,4367,4375,4384,4392,4401,4410,4418,4427,4435,4444,4452,4461,4470,4478,4487,4495,4504,4512,4521,4530,4538,4547,4555,4564,4572,4581,4590,4598,4607,4625,4636,4648,4659,4670,4681,4693,4704,4715,4726,4738,4749,4760,4771,4783,4804,4813,4822,4831,4840,4848,4857,4866,4875,4884,4893,4902,4911,4920,4929,4938,4946,4955,4964,4973,4982,4991,4999,5008,5017,5026,5035,5044,5053,5062,5071,5080,5088,5097,5106,5115,5124,5133,5142,5151,5160,5169,5178,5186,5195,5204,5213,5222,5231,5239,5248,5257,5266,5283,5290,5296,5303,5310,5316,5323,5329,5336,5343,5350,5356,5363,5370,5376,5383,5389,5403,5411,5418,5426,5433,5441,5448,5464,5473,5482,5491,5500,5510,5519,5528,5537,5547,5556,5565,5574,5583,5592,5601,5610,5619,5629,5638,5647,5656,5665,5674,5683,5692,5701,5710,5720,5729,5738,5747,5757,5766,5775,5784,5793,5802,5811,5820,5829,5839,5848,5857,5866,5883,5891,5898,5906,5913,5921,5928,5944,5953,5962,5971,5980,5989,5998,6008,6017,6026,6035,6044,6053,6063,6072,6081,6090,6099,6108,6117,6126,6135,6144,6153,6162,6171,6181,6190,6199,6208,6217,6226,6243,6251,6258,6266,6273,6281,6288,6304,6312,6319,6327,6335,6343,6351,6358,6366,6374,6382,6390,6397,6405,6413,6421,6429,6436,6444,6452,6460,6468,6483,6491,6498,6506,6513,6521,6528,6536,6543,6551,6558,6566,6573,6581,6588,6603,6610,6616,6623,6630,6636,6643,6649,6656,6663,6670,6676,6683,6690,6696,6703,6709,6725,6736,6748,6759,6770,6781,6792,6804,6814,6826,6837,6848,6859,6870,6882,6892,6904,6915,6926,6937,6948,6960,6971,6982,6993,7004,7015,7027,7038,7049,7060,7071,7083,7093,7105,7116,7127,7138,7149,7161,7171,7183
Romantic Now(27),pa,1.95,183,191,198,206,213,221,228,244,252,260,268,276,285,293,301,309,318,325,334,342,350,358,366,375,383,391,399,408,424,435,445,454,465,482,487,492,497,502,507,512,517,522,527,532,544,552,561,570,578,587,595,604,612,621,630,638,647,664,672,679,687,695,703,711,718,726,734,742,750,757,765,773,781,789,796,804,812,820,828,844,855,865,874,885,895,904,915,925,934,945,964,973,982,992,1001,1011,1020,1029,1038,1047,1057,1066,1083,1090,1096,1103,1110,1116,1123,1129,1136,1143,1150,1156,1163,1170,1176,1183,1189,1206,1218,1230,1242,1266,1278,1290,1302,1325,1336,1347,1358,1369,1380,1390,1401,1413,1423,1446,1459,1472,1485,1497,1510,1523,1536,1549,1562,1575,1587,1600,1626,1638,1650,1662,1684,1695,1705,1714,1725,1735,1744,1755,1765,1774,1785,1795,1804,1815,1825,1834,1845,1855,1864,1875,1885,1894,1905,1924,1935,1945,1954,1965,1975,1984,1995,2005,2014,2025,2035,2044,2055,2065,2074,2085,2103,2108,2113,2119,2124,2130,2135,2140,2146,2151,2166,2179,2193,2206,2220,2233,2246,2260,2273,2286,2299,2313,2326,2340,2353,2366,2380,2404,2413,2422,2432,2441,2451,2460,2469,2478,2487,2497,2506,2526,2538,2550,2562,2574,2586,2598,2610,2622,2647,2662,2677,2704,2713,2722,2731,2740,2749,2758,2767,2776,2785,2794,2803,2812,2821,2830,2839,2848,2857,2866,2887,2902,2917,2946,2958,2970,2982,2994,3006,3018,3030,3042,3054,3066,3078,3090,3102,3123,3131,3138,3146,3153,3161,3168,3176,3183,3191,3198,3206,3213,3221,3228,3244,3255,3265,3274,3285,3306,3318,3330,3342,3364,3374,3384,3393,3403,3412,3422,3432,3441,3451,3460,3470,3480,3489,3499,3508,3518,3528,3537,3547,3556,3566,3576,3585,3607,3622,3637,3652,3667,3682,3697,3712,3727,3742,3757,3787,3802,3817,3846,3859,3873,3886,3900,3913,3926,3940,3966,3979,3993,4006,4020,4033,4046,4060,4090,4110,4129,4150,4170,4207,4222,4237,4252,4267,4282,4297,4329,4347,4366,4384,4402,4421,4440,4458,4477,4495,4513,4532,4570,4590,4635,4685,4696,4707,4718,4729,4740,4750,4761,4773,4783,4804,4815,4825,4834,4845,4863,4869,4876,4882,4888,4895,4902,4908,4914,4921,4927,4933,4940,4947,4953,4959,4966,4972,4978,4985,4992,4998,5004,5011,5017,5023,5030,5043,5050,5057,5064,5071,5079,5085,5092,5100,5107,5114,5121,5128,5135,5142,5149,5156,5163,5170,5177,5184,5191,5199,5205,5212,5220,5227,5234,5241,5248,5255,5262,5269,5283,5290,5297,5304,5311,5319,5325,5332,5340,5347,5354,5361,5368,5375,5382,5389,5403,5411,5418,5426,5433,5441,5448,5464,5472,5481,5490,5498,5507,5524,5533,5542,5551,5560,5568,5577,5586,5595,5604,5613,5622,5631,5640,5649,5658,5666,5675,5684,5693,5702,5711,5719,5728,5737,5746,5764,5775,5785,5794,5805,5815,5824,5835,5845,5854,5865,5884,5895,5905,5914,5925,5947,5962,5977,6004,6014,6024,6033,6043,6052,6062,6072,6081,6091,6100,6110,6120,6129,6139,6148,6158,6168,6177,6187,6196,6206,6216,6225,6243,6251,6258,6266,6273,6281,6288,6306,6318,6330,6342,6354,6366,6378,6390,6402,6414,6426,6438,6450,6462,6483,6491,6498,6506,6513,6521,6528,6536,6543,6551,6558,6566,6573,6581,6588,6604,6612,6619,6628,6636,6643,6652,6660,6667,6676,6684,6691,6700,6708,6726,6737,6748,6760,6771,6783,6794,6805,6817,6828,6840,6851,6862,6874,6885,6897,6908,6919,6931,6942,6963,6968,6973,6979,6985,6991,6996,7002,7008,7013,7018,7024,7030,7036,7041,7047,7053,7058,7063,7069,7075,7081,7086,7092,7098,7103,7108,7114,7120,7126,7131
TOKIMEKIエスカレ`ト(28),pa,2,231,435,495,550,570,589,610,630,665,676,687,699,709,721,732,743,754,765,776,787,798,810,821,832,843,854,865,876,888,898,910,921,932,943,963,971,978,986,993,1001,1008,1016,1023,1031,1038,1046,1053,1061,1068,1083,1089,1095,1101,1108,1114,1120,1126,1132,1138,1145,1151,1157,1164,1170,1176,1182,1188,1194,1201,1207,1213,1219,1225,1231,1238,1244,1250,1263,1269,1275,1281,1287,1293,1299,1305,1311,1324,1332,1341,1349,1357,1365,1374,1382,1390,1399,1407,1416,1424,1432,1440,1449,1457,1465,1474,1482,1491,1499,1507,1515,1524,1532,1540,1549,1557,1566,1574,1582,1590,1599,1607,1623,1629,1635,1641,1647,1653,1659,1665,1671,1683,1690,1698,1705,1713,1720,1727,1734,1741,1749,1756,1763,1771,1778,1785,1792,1800,1807,1814,1821,1828,1836,1843,1851,1858,1865,1872,1879,1887,1894,1902,1909,1924,1935,1945,1954,1965,1984,1992,1999,2007,2015,2023,2031,2038,2046,2054,2062,2070,2077,2085,2093,2101,2109,2116,2124,2132,2140,2148,2163,2169,2175,2182,2188,2194,2200,2207,2213,2220,2226,2232,2239,2245,2251,2257,2264,2270,2277,2283,2289,2295,2302,2308,2314,2320,2327,2333,2340,2346,2352,2359,2365,2371,2377,2384,2390,2404,2413,2422,2432,2441,2451,2460,2469,2478,2487,2497,2506,2515,2524,2533,2542,2552,2561,2571,2580,2589,2598,2607,2617,2626,2646,2657,2668,2680,2691,2703,2714,2725,2737,2748,2760,2771,2782,2794,2805,2817,2828,2839,2851,2862,2886,2897,2908,2920,2932,2943,2955,2967,2979,2990,3001,3013,3025,3036,3048,3060,3071,3083,3094,3106,3118,3129,3141,3153,3164,3176,3187,3199,3211,3222,3246,3258,3270,3282,3310,3330,3370,3393,3415,3437,3459,3481,3503,3525,3547,3570,3592,3614,3636,3658,3680,3702,3724,3747,3790,3810,3846,3859,3873,3886,3900,3913,3926,3940,3963,3969,3975,3981,3987,3993,4000,4006,4012,4018,4024,4030,4036,4042,4049,4055,4061,4067,4074,4080,4086,4092,4098,4104,4110,4117,4123,4129,4135,4141,4147,4153,4159,4166,4172,4178,4184,4191,4204,4212,4221,4230,4238,4247,4255,4264,4272,4281,4290,4298,4307,4323,4330,4338,4345,4352,4359,4366,4373,4380,4387,4395,4402,4409,4416,4423,4431,4437,4444,4452,4459,4466,4473,4480,4488,4495,4502,4509,4516,4523,4530,4537,4545,4552,4559,4566,4573,4581,4587,4594,4602,4609,4623,4631,4638,4646,4653,4661,4668,4676,4683,4691,4698,4706,4713,4721,4728,4736,4743,4751,4758,4766,4773,4781,4788,4804,4815,4825,4834,4845,4865,4876,4887,4897,4908,4919,4930,4941,4951,4962,4972,4983,4994,5005,5016,5026,5037,5048,5059,5070,5080,5091,5102,5113,5124,5134,5145,5156,5167,5177,5188,5199,5209,5220,5231,5242,5253,5263,5284,5293,5302,5312,5321,5331,5340,5349,5358,5367,5377,5386,5395,5404,5413,5422,5432,5441,5451,5460,5469,5478,5487,5497,5506,5515,5524,5533,5542,5552,5561,5571,5580,5589,5598,5607,5617,5626,5635,5644,5653,5662,5672,5681,5691,5700,5709,5718,5727,5737,5746,5763,5769,5776,5782,5788,5795,5802,5808,5814,5821,5827,5833,5840,5847,5853,5859,5866,5872,5878,5885,5892,5898,5904,5911,5917,5923,5930,5943,5949,5956,5962,5968,5975,5981,5988,5994,6000,6007,6013,6019,6026,6032,6039,6045,6051,6058,6064,6070,6077,6083,6090,6096,6102,6109,6115,6121,6128,6134,6141,6147,6153,6160,6166,6172,6179,6186,6192,6198,6204,6211,6217,6223,6230,6243,6248,6253,6259,6264,6270,6275,6280,6286,6291,6303,6309,6316,6322,6328,6335,6341,6348,6354,6360,6367,6373,6379,6386,6392,6399,6405,6411,6418,6424,6430,6437,6443,6450,6456,6462,6469,6475,6481,6488,6494,6501,6507,6513,6520,6526,6532,6539,6546,6552,6558,6564,6571,6577,6583,6590,6603,6609,6615,6621,6627,6633,6639,6645,6651,6657,6663,6669,6675,6681,6687,6693,6699,6705,6711,6723,6729,6736,6742,6748,6755,6761,6768,6774,6780,6787,6793,6799,6806,6812,6819,6825,6831,6838,6844,6850,6857,6863,6870,6876,6882,6889,6895,6901,6908,6914,6921,6927,6933,6940,6946,6952,6959,6966,6972,6978,6984,6991,6997,7003,7010,7023,7029,7035,7041,7048,7054,7060,7066,7072,7078,7085,7091,7097,7104,7110,7116,7122,7128,7134,7141,7147,7153,7159,7165,7171,7178,7184,7190,7203,7210,7217,7224,7230,7237,7244,7251,7258,7265,7272,7278,7285,7292,7299,7306,7313,7320,7326,7333,7340,7347,7354,7361,7368,7374,7381,7388,7395,7402,7409,7416,7422,7429
Trancing Pulse(28),co,2,127,142,157,172,187,202,217,232,247,262,277,292,307,322,337,352,367,382,397,427,442,457,484,495,505,514,525,546,558,570,582,594,606,618,630,642,669,687,705,723,741,759,777,795,813,846,858,870,882,894,906,918,930,942,972,996,1020,1044,1084,1093,1102,1112,1121,1131,1140,1149,1158,1167,1177,1186,1195,1204,1213,1222,1232,1241,1251,1260,1269,1278,1287,1297,1306,1326,1338,1350,1362,1374,1386,1398,1410,1422,1445,1455,1465,1476,1486,1497,1507,1518,1528,1539,1549,1560,1570,1581,1591,1602,1612,1622,1633,1643,1654,1664,1686,1699,1712,1725,1738,1752,1764,1777,1791,1804,1816,1830,1843,1855,1869,1882,1895,1908,1921,1934,1947,1960,1984,1993,2002,2012,2021,2031,2040,2049,2058,2067,2077,2086,2104,2115,2125,2134,2145,2167,2181,2195,2209,2223,2237,2251,2265,2280,2294,2308,2322,2336,2350,2364,2379,2406,2418,2430,2442,2454,2466,2478,2490,2502,2524,2535,2545,2554,2565,2575,2584,2595,2605,2614,2625,2647,2662,2677,2704,2712,2721,2730,2738,2747,2755,2764,2772,2781,2790,2798,2807,2815,2824,2832,2841,2850,2858,2867,2883,2890,2896,2903,2910,2916,2923,2929,2943,2950,2958,2965,2972,2979,2986,2993,3000,3007,3015,3022,3029,3036,3043,3051,3057,3064,3072,3079,3086,3093,3100,3108,3115,3122,3129,3136,3143,3150,3157,3165,3172,3179,3186,3193,3201,3207,3214,3222,3229,3243,3251,3258,3266,3273,3281,3288,3303,3310,3316,3323,3330,3336,3343,3349,3364,3373,3383,3392,3402,3411,3420,3430,3439,3448,3457,3467,3476,3486,3495,3504,3514,3523,3532,3541,3551,3560,3570,3579,3588,3598,3607,3616,3625,3635,3644,3654,3663,3672,3682,3691,3700,3709,3719,3728,3738,3747,3756,3766,3786,3798,3810,3822,3844,3852,3861,3870,3878,3887,3895,3904,3912,3921,3930,3938,3947,3965,3976,3987,3998,4009,4020,4030,4041,4053,4063,4074,4085,4096,4107,4118,4129,4140,4150,4161,4173,4183,4203,4209,4215,4221,4227,4233,4239,4245,4251,4257,4263,4269,4275,4281,4287,4293,4299,4305,4311,4324,4332,4339,4347,4355,4363,4371,4379,4387,4395,4402,4410,4418,4426,4434,4442,4450,4458,4465,4474,4482,4489,4497,4505,4513,4521,4529,4537,4545,4552,4560,4568,4576,4584,4592,4600,4608,4624,4634,4643,4653,4662,4672,4681,4690,4700,4710,4719,4729,4738,4747,4757,4767,4776,4785,4804,4812,4821,4830,4838,4847,4864,4872,4879,4887,4895,4903,4911,4918,4926,4934,4942,4950,4957,4965,4973,4981,4989,4996,5004,5012,5020,5028,5043,5051,5059,5067,5074,5082,5090,5098,5106,5113,5121,5128,5136,5144,5152,5160,5167,5175,5183,5191,5199,5206,5214,5221,5229,5237,5245,5253,5260,5268,5284,5295,5305,5314,5325,5335,5344,5355,5365,5374,5385,5403,5411,5418,5426,5433,5441,5448,5464,5474,5484,5493,5503,5513,5523,5532,5542,5551,5561,5571,5581,5590,5600,5610,5619,5629,5638,5649,5658,5668,5677,5687,5697,5706,5716,5726,5736,5745,5763,5770,5777,5784,5791,5799,5805,5812,5820,5827,5834,5841,5848,5855,5862,5869,5884,5895,5905,5914,5925,5935,5944,5955,5965,5974,5985,5995,6004,6015,6025,6034,6045,6055,6064,6075,6085,6094,6105,6115,6124,6135,6145,6154,6165,6175,6184,6195,6205,6214,6225,6242,6247,6252,6257,6262,6267,6272,6277,6282,6287,6292,6305,6316,6328,6339,6350,6361,6373,6384,6395,6406,6418,6429,6440,6451,6463,6486,6498,6510,6522,6534,6546,6558,6570,6582,6602,6606,6611,6615,6619,6624,6628,6633,6637,6642,6646,6651,6655,6660,6664,6669,6673,6678,6682,6686,6691,6695,6700,6704,6708,6713,6731,6754,6777,6801,6823,6847,6870,6892,6916,6939,6962,6985
あんずのうた(28),cu,2,375,430,450,490,510,570,965,976,987,998,1009,1020,1030,1041,1053,1063,1083,1089,1095,1101,1108,1114,1120,1126,1132,1138,1145,1151,1157,1164,1170,1176,1182,1188,1194,1201,1207,1213,1219,1225,1231,1238,1244,1250,1262,1267,1272,1277,1282,1287,1292,1297,1302,1307,1312,1323,1329,1335,1342,1348,1354,1360,1367,1373,1380,1386,1392,1399,1405,1411,1417,1424,1430,1444,1452,1461,1470,1478,1487,1495,1504,1512,1521,1530,1538,1547,1555,1564,1572,1581,1590,1598,1607,1623,1631,1638,1646,1653,1661,1668,1683,1691,1698,1706,1713,1721,1728,1736,1743,1751,1758,1766,1773,1781,1788,1796,1803,1811,1818,1826,1833,1841,1848,1856,1863,1871,1878,1886,1893,1901,1908,1923,1930,1936,1943,1950,1956,1963,1969,1984,1993,2002,2011,2020,2029,2038,2047,2056,2065,2074,2083,2092,2101,2110,2119,2128,2137,2146,2166,2177,2188,2200,2211,2223,2234,2245,2257,2268,2280,2291,2302,2314,2325,2337,2348,2359,2371,2382,2406,2419,2433,2446,2460,2473,2486,2500,2530,2550,2569,2590,2610,2643,2651,2658,2666,2673,2681,2688,2703,2708,2713,2719,2725,2731,2736,2742,2748,2753,2758,2764,2770,2776,2781,2787,2793,2798,2803,2809,2815,2821,2826,2832,2838,2843,2848,2854,2860,2866,2871,2883,2888,2893,2899,2904,2910,2915,2920,2926,2931,2943,2949,2955,2961,2968,2974,2980,2986,2992,2998,3005,3011,3017,3024,3030,3036,3042,3048,3054,3061,3067,3073,3079,3085,3091,3098,3104,3110,3123,3130,3136,3143,3150,3156,3163,3169,3176,3183,3190,3196,3203,3210,3216,3223,3229,3244,3252,3261,3270,3278,3287,3310,3330,3366,3378,3390,3403,3415,3427,3440,3452,3465,3477,3489,3502,3514,3526,3539,3551,3564,3576,3588,3600,3613,3625,3637,3650,3662,3675,3687,3699,3712,3724,3736,3749,3761,3784,3792,3801,3810,3818,3827,3846,3858,3870,3882,3894,3906,3918,3930,3942,3966,3978,3990,4002,4014,4026,4038,4050,4062,4084,4095,4105,4114,4125,4135,4144,4155,4165,4174,4185,4195,4204,4215,4225,4234,4245,4255,4264,4275,4285,4294,4305,4323,4330,4337,4344,4351,4358,4365,4372,4379,4386,4393,4400,4407,4414,4421,4428,4435,4441,4449,4456,4462,4470,4477,4483,4491,4498,4504,4512,4518,4525,4533,4539,4546,4554,4560,4567,4574,4581,4588,4595,4602,4609,4624,4632,4639,4647,4655,4663,4671,4678,4686,4694,4702,4710,4717,4725,4733,4741,4749,4756,4764,4772,4780,4788,4803,4811,4818,4826,4833,4841,4848,4863,4870,4877,4884,4891,4897,4905,4911,4918,4925,4932,4939,4945,4953,4959,4966,4973,4980,4987,4994,5001,5008,5014,5022,5028,5035,5042,5049,5056,5063,5070,5076,5083,5090,5097,5104,5111,5118,5125,5131,5139,5145,5152,5159,5166,5173,5180,5187,5194,5200,5208,5214,5221,5228,5235,5242,5248,5256,5262,5269,5286,5297,5308,5320,5331,5343,5354,5365,5377,5388,5400,5411,5422,5434,5445,5457,5468,5479,5491,5502,5530,5553,5574,5596,5618,5640,5661,5683,5705,5727,5764,5772,5781,5790,5798,5807,5815,5824,5832,5841,5850,5858,5867,5884,5892,5901,5910,5918,5927,5944,5953,5962,5970,5979,5988,5997,6006,6015,6024,6032,6041,6050,6059,6067,6076,6085,6094,6103,6112,6120,6129,6138,6147,6156,6165,6174,6182,6191,6200,6209,6217,6226,6243,6250,6257,6264,6270,6277,6284,6291,6298,6305,6312,6318,6325,6332,6339,6346,6353,6360,6366,6373,6380,6387,6394,6401,6408,6414,6421,6428,6435,6442,6449,6456,6462,6469,6484,6492,6501,6510,6518,6527,6535,6544,6552,6561,6570,6578,6587,6603,6610,6617,6624,6631,6639,6645,6652,6660,6667,6674,6681,6688,6695,6702,6709,6724,6733,6743,6753,6762,6771,6781,6790,6799,6808,6818,6828,6837,6846,6856,6865,6874,6883,6893,6903,6912,6921,6931,6940,6949,6958,6968,6978,6987,6996,7006,7039,7080,7144,7155,7165,7174,7185,7203,7210,7216,7223,7230,7236,7243,7249,7277,7311,7345,7380,7414,7448
メルヘンデビュ`！(27),cu,1.95,315,570,663,671,678,686,693,701,708,725,736,747,758,769,780,790,801,813,823,848,865,882,900,917,934,951,968,985,1002,1020,1037,1054,1086,1099,1113,1126,1140,1153,1166,1180,1204,1215,1225,1234,1245,1264,1275,1285,1294,1305,1323,1330,1336,1343,1350,1356,1363,1369,1376,1383,1390,1396,1403,1410,1416,1423,1429,1444,1452,1460,1468,1476,1485,1493,1501,1509,1518,1525,1534,1542,1550,1558,1566,1575,1583,1591,1599,1608,1623,1629,1635,1641,1647,1653,1659,1665,1671,1683,1690,1697,1704,1711,1719,1725,1732,1740,1747,1754,1761,1768,1775,1782,1789,1803,1810,1816,1823,1830,1836,1843,1849,1856,1863,1870,1876,1883,1890,1896,1903,1909,1924,1932,1941,1950,1958,1967,1984,1992,2001,2010,2018,2027,2043,2050,2056,2063,2070,2076,2083,2089,2103,2110,2116,2123,2130,2136,2143,2149,2164,2175,2185,2194,2205,2215,2224,2235,2245,2254,2265,2275,2284,2295,2305,2314,2325,2335,2344,2355,2365,2374,2385,2407,2422,2437,2452,2467,2482,2497,2524,2535,2545,2554,2565,2575,2584,2595,2605,2614,2625,2644,2652,2661,2670,2678,2687,2703,2709,2715,2721,2728,2734,2740,2746,2752,2758,2765,2771,2777,2784,2790,2796,2802,2808,2814,2821,2827,2833,2839,2845,2851,2858,2864,2870,2883,2890,2896,2903,2910,2916,2923,2929,2943,2951,2958,2966,2973,2981,2988,2996,3003,3011,3018,3026,3033,3041,3048,3063,3071,3078,3086,3093,3101,3108,3123,3131,3138,3146,3153,3161,3168,3176,3183,3191,3198,3206,3213,3221,3228,3243,3250,3256,3263,3270,3276,3283,3289,3303,3308,3313,3319,3324,3330,3335,3340,3346,3351,3364,3374,3384,3393,3403,3412,3422,3432,3441,3451,3460,3470,3480,3489,3499,3508,3518,3528,3537,3547,3556,3566,3576,3585,3604,3612,3620,3628,3636,3645,3653,3661,3669,3678,3685,3694,3702,3710,3718,3726,3735,3743,3751,3759,3768,3783,3790,3796,3803,3810,3816,3823,3829,3846,3858,3870,3882,3894,3906,3918,3930,3942,3964,3972,3981,3990,3998,4007,4015,4024,4032,4041,4050,4058,4067,4215,4245,4275,4324,4332,4339,4347,4355,4363,4371,4379,4387,4395,4402,4410,4418,4426,4434,4442,4450,4458,4465,4474,4482,4489,4497,4505,4513,4521,4529,4537,4545,4552,4560,4568,4576,4584,4592,4600,4608,4623,4628,4633,4639,4644,4650,4655,4660,4666,4671,4683,4690,4696,4703,4710,4716,4723,4729,4736,4743,4750,4756,4763,4770,4776,4783,4789,4803,4809,4815,4821,4827,4833,4839,4845,4851,4864,4872,4881,4890,4898,4907,4915,4924,4932,4941,4950,4958,4967,4975,4984,4992,5001,5010,5018,5027,5043,5051,5058,5066,5073,5081,5088,5096,5103,5111,5118,5126,5133,5141,5148,5156,5163,5171,5178,5186,5193,5201,5208,5216,5223,5231,5238,5246,5253,5261,5268,5283,5289,5295,5302,5308,5314,5320,5327,5333,5340,5346,5352,5359,5365,5371,5377,5384,5390,5403,5409,5415,5421,5427,5433,5439,5445,5451,5463,5470,5478,5485,5493,5500,5507,5514,5522,5529,5536,5544,5551,5559,5566,5573,5580,5587,5595,5602,5610,5617,5624,5632,5639,5646,5653,5661,5668,5676,5683,5690,5697,5705,5712,5719,5727,5734,5742,5749,5763,5771,5778,5786,5793,5801,5808,5816,5823,5831,5838,5846,5853,5861,5868,5876,5883,5891,5898,5906,5913,5921,5928,5944,5955,5965,5974,5985,6004,6012,6019,6028,6036,6043,6052,6060,6067,6076,6084,6091,6100,6108,6126,6138,6150,6162,6174,6186,6198,6210,6222,6247,6262,6277,6304,6312,6321,6330,6338,6347,6355,6364,6372,6381,6390,6398,6407,6415,6424,6432,6441,6450,6458,6467,6484,6492,6499,6508,6516,6523,6532,6540,6547,6556,6564,6571,6580,6588,6604,6612,6619,6628,6636,6643,6652,6660,6667,6676,6684,6691,6700,6708,6723,6729,6735,6742,6748,6754,6760,6767,6773,6780,6786,6792,6799,6805,6811,6817,6824,6830,6835,6827,6818,6810,6801,6792,6784,6775,6767,6758,6750,6741,6732,6733,6760,6788,6815,6843,6870,6897,6924,6951,6979,7023,7029,7035,7041,7047,7053,7059,7065,7071,7077,7083,7089,7095,7101,7107,7113,7119,7125,7131,7137,7143,7149,7155,7161,7167,7173,7179,7185,7191,7197,7203,7209,7215,7221,7227,7233,7239,7245,7251
花簪 HANAKANZASHI(27),cu,1.95,159,177,195,213,248,265,282,300,317,334,366,378,390,402,427,442,457,490,510,546,558,570,582,594,606,618,630,642,667,682,697,735,765,795,847,862,877,892,907,922,937,966,978,990,1002,1027,1042,1057,1086,1099,1112,1125,1137,1150,1163,1176,1189,1202,1215,1227,1240,1264,1275,1285,1294,1305,1324,1335,1345,1354,1365,1375,1384,1395,1405,1414,1425,1444,1453,1462,1472,1481,1491,1500,1509,1518,1527,1537,1546,1567,1582,1597,1626,1638,1650,1662,1686,1699,1713,1726,1740,1753,1766,1780,1806,1819,1833,1846,1860,1873,1886,1900,1925,1936,1947,1958,1969,1980,1990,2001,2013,2023,2046,2058,2070,2082,2104,2112,2121,2130,2138,2147,2164,2172,2181,2190,2198,2207,2215,2224,2232,2241,2250,2258,2267,2275,2284,2292,2301,2310,2318,2327,2344,2352,2361,2370,2378,2387,2404,2412,2419,2428,2436,2443,2452,2460,2467,2476,2484,2491,2500,2508,2524,2532,2539,2548,2556,2563,2572,2580,2587,2596,2604,2611,2620,2628,2643,2650,2656,2663,2670,2676,2683,2689,2703,2710,2718,2725,2732,2739,2746,2754,2761,2768,2775,2782,2790,2797,2804,2811,2818,2826,2833,2840,2847,2854,2862,2869,2883,2890,2898,2905,2913,2920,2927,2934,2941,2949,2956,2963,2971,2978,2985,2992,3000,3007,3014,3021,3028,3036,3043,3051,3058,3065,3072,3079,3087,3094,3102,3109,3124,3133,3142,3152,3161,3171,3180,3189,3198,3207,3217,3226,3244,3255,3265,3274,3285,3303,3311,3318,3326,3333,3341,3348,3364,3372,3379,3388,3396,3403,3412,3420,3427,3436,3444,3451,3460,3468,3475,3484,3492,3499,3508,3516,3523,3532,3540,3547,3556,3564,3571,3580,3588,3603,3610,3617,3624,3631,3637,3645,3652,3658,3666,3672,3679,3686,3693,3700,3707,3714,3721,3727,3735,3742,3748,3756,3762,3769,3783,3791,3798,3806,3813,3821,3828,3843,3850,3857,3864,3871,3879,3885,3892,3900,3907,3914,3921,3928,3935,3942,3949,3962,3967,3973,3978,3983,3988,3994,3999,4004,4009,4014,4020,4025,4030,4035,4041,4045,4051,4056,4062,4066,4072,4083,4088,4094,4099,4105,4111,4117,4122,4128,4134,4140,4146,4151,4157,4162,4168,4174,4180,4185,4191,4204,4215,4225,4234,4245,4255,4264,4275,4285,4294,4305,4323,4331,4338,4346,4353,4361,4368,4376,4383,4391,4398,4406,4413,4421,4428,4436,4443,4451,4458,4466,4473,4481,4488,4496,4503,4511,4518,4526,4533,4541,4548,4556,4563,4571,4578,4586,4593,4601,4608,4623,4631,4638,4646,4653,4661,4668,4683,4690,4697,4704,4711,4719,4725,4732,4740,4747,4754,4761,4768,4775,4782,4789,4803,4809,4815,4821,4827,4833,4839,4845,4851,4864,4872,4879,4887,4895,4903,4911,4918,4926,4934,4942,4950,4957,4965,4973,4981,4989,4996,5004,5012,5020,5028,5046,5058,5070,5082,5106,5118,5130,5142,5154,5166,5178,5190,5202,5214,5226,5238,5250,5262,5287,5302,5317,5332,5347,5362,5377,5403,5410,5416,5423,5430,5436,5443,5449,5463,5470,5476,5483,5490,5496,5503,5509,5525,5535,5545,5556,5566,5577,5587,5598,5608,5619,5629,5640,5650,5661,5671,5682,5692,5702,5713,5723,5734,5744,5764,5773,5782,5792,5801,5811,5820,5829,5838,5847,5857,5866,5886,5898,5910,5922,5944,5955,5965,5974,5985,6004,6012,6019,6028,6036,6043,6052,6060,6067,6076,6084,6091,6100,6108,6135,6165,6195,6244,6252,6261,6270,6278,6287,6304,6314,6323,6333,6342,6352,6361,6370,6380,6390,6399,6409,6418,6427,6437,6447,6456,6465,6486,6498,6510,6522,6534,6546,6558,6570,6582,6610,6630,6649,6670,6690,6851,6873,6896,6918,6941,6963,6986,7180,7260
A蕾籁撺肟裨曲～魂ノА(27),co,1.95,130,150,169,190,210,246,259,273,286,300,313,326,340,366,378,390,402,423,429,435,441,447,453,459,465,471,484,495,505,514,525,544,553,562,572,581,591,600,609,618,627,637,646,663,671,678,686,693,701,708,724,733,742,752,761,771,780,789,798,807,817,826,844,852,861,870,878,887,895,904,912,921,930,938,947,963,968,974,979,985,991,997,1002,1008,1014,1020,1026,1031,1037,1042,1048,1054,1060,1065,1071,1086,1099,1113,1126,1140,1153,1166,1180,1204,1212,1221,1230,1238,1247,1267,1282,1297,1324,1333,1342,1352,1361,1371,1380,1389,1398,1407,1417,1426,1446,1459,1472,1485,1497,1510,1523,1536,1549,1562,1575,1587,1600,1626,1638,1650,1662,1684,1693,1702,1712,1721,1731,1740,1749,1758,1767,1777,1786,1805,1816,1827,1838,1849,1860,1870,1881,1893,1903,1926,1938,1950,1962,1986,1998,2010,2022,2034,2046,2058,2070,2082,2106,2118,2130,2142,2167,2181,2195,2209,2223,2237,2251,2265,2280,2294,2308,2322,2336,2350,2364,2379,2406,2419,2433,2446,2460,2473,2486,2500,2524,2532,2541,2550,2558,2567,2575,2584,2592,2601,2610,2618,2627,2644,2652,2661,2670,2678,2687,2704,2712,2721,2730,2738,2747,2755,2764,2772,2781,2790,2798,2807,2815,2824,2832,2841,2850,2858,2867,2883,2891,2898,2906,2913,2921,2928,2947,2961,2976,2989,3004,3018,3033,3047,3061,3075,3090,3104,3118,3132,3147,3161,3175,3190,3204,3218,3243,3250,3256,3263,3270,3276,3283,3289,3304,3312,3321,3330,3338,3347,3366,3377,3388,3400,3411,3423,3434,3445,3457,3468,3480,3491,3502,3514,3525,3537,3548,3559,3571,3582,3607,3622,3637,3652,3667,3682,3697,3712,3727,3742,3757,3783,3788,3793,3799,3804,3810,3815,3820,3826,3831,3847,3862,3877,3892,3907,3922,3937,3964,3975,3985,3994,4005,4015,4024,4035,4045,4054,4065,4084,4095,4105,4114,4125,4135,4144,4155,4165,4174,4185,4203,4211,4218,4226,4233,4241,4248,4256,4263,4271,4278,4286,4293,4301,4308,4327,4344,4360,4375,4392,4408,4423,4440,4456,4471,4488,4504,4519,4536,4566,4578,4590,4602,4630,4650,4684,4693,4702,4712,4721,4731,4740,4749,4758,4767,4777,4786,4803,4810,4816,4823,4830,4836,4843,4849,4865,4876,4888,4899,4910,4921,4933,4944,4955,4966,4978,4989,5000,5011,5023,5047,5062,5077,5092,5107,5122,5137,5152,5167,5182,5197,5212,5227,5242,5257,5284,5295,5305,5314,5325,5335,5344,5355,5365,5374,5385,5404,5415,5425,5434,5445,5464,5475,5485,5494,5505,5524,5535,5545,5554,5565,5575,5584,5595,5605,5614,5625,5635,5644,5655,5665,5674,5685,5695,5704,5715,5725,5734,5745,5766,5778,5790,5802,5814,5826,5838,5850,5862,5886,5898,5910,5922,5943,5950,5956,5963,5970,5976,5983,5989,6005,6016,6027,6038,6049,6060,6070,6081,6093,6103,6130,6150,6169,6190,6210,6246,6259,6271,6284,6297,6309,6322,6334,6347,6360,6372,6385,6397,6410,6423,6435,6448,6460,6484,6492,6501,6510,6518,6527,6535,6544,6552,6561,6570,6578,6587,6603,6610,6616,6623,6630,6636,6643,6649,6656,6663,6670,6676,6683,6690,6696,6703,6709,6723,6731,6738,6746,6753,6761,6768,6776,6783,6791,6798,6806,6813,6821,6828,6843,6850,6856,6863,6870,6876,6883,6889,6896,6903,6910,6916,6923,6930,6936,6943,6949,6963,6970,6976,6983,6990,6996,7003,7009,7023,7029,7035,7041,7047,7053,7059,7065,7071,7077,7083,7089,7095,7101,7107,7113,7119,7125,7131,7143,7149,7154,7160,7166,7171,7177,7183,7189,7195,7201,7206,7212,7218,7224,7230,7236,7241,7247,7253,7258,7264,7270,7276,7282,7288,7293,7299,7305,7311
生存本能ヴァルキュリア(26),all,1.9,159,177,195,213,249,267,285,303,321,339,357,375,393,426,439,453,466,480,493,506,520,547,562,577,592,607,622,637,666,678,690,702,726,739,753,766,780,793,806,820,844,853,862,872,881,891,900,909,918,927,937,946,967,982,997,1012,1027,1042,1057,1087,1102,1117,1132,1147,1162,1177,1210,1230,1266,1278,1290,1302,1326,1338,1350,1362,1374,1386,1398,1410,1422,1444,1454,1463,1473,1482,1492,1501,1510,1520,1530,1539,1549,1558,1567,1577,1587,1596,1605,1624,1632,1641,1650,1658,1667,1686,1700,1714,1728,1741,1755,1769,1782,1796,1810,1824,1837,1851,1865,1878,1892,1906,1920,1933,1947,1961,1974,1988,2002,2016,2029,2043,2057,2070,2084,2098,2112,2125,2139,2166,2179,2193,2206,2220,2233,2246,2260,2273,2286,2299,2313,2326,2340,2353,2366,2380,2406,2418,2430,2442,2454,2466,2478,2490,2502,2525,2535,2546,2557,2567,2578,2589,2599,2610,2620,2631,2641,2652,2662,2673,2684,2706,2719,2731,2744,2757,2770,2782,2795,2808,2821,2833,2846,2859,2871,2884,2897,2910,2922,2935,2948,2961,2973,2986,2998,3012,3024,3037,3049,3063,3075,3088,3100,3125,3136,3147,3158,3169,3180,3190,3201,3213,3223,3244,3253,3262,3272,3281,3291,3300,3309,3318,3327,3337,3346,3363,3371,3379,3387,3394,3402,3410,3418,3426,3433,3441,3448,3456,3464,3472,3480,3487,3495,3503,3511,3519,3526,3534,3541,3549,3557,3565,3573,3580,3588,3604,3615,3625,3634,3645,3655,3664,3675,3685,3694,3705,3715,3724,3735,3745,3754,3765,3782,3787,3792,3797,3802,3807,3812,3817,3822,3827,3832,3848,3865,3882,3900,3917,3934,3965,3976,3987,3998,4009,4020,4030,4041,4053,4063,4086,4098,4110,4122,4134,4146,4158,4170,4182,4207,4222,4237,4252,4267,4282,4297,4326,4339,4353,4366,4380,4393,4406,4420,4433,4446,4459,4473,4486,4500,4513,4526,4540,4553,4566,4579,4593,4606,4620,4633,4646,4660,4685,4696,4707,4718,4729,4740,4750,4761,4773,4783,4806,4818,4830,4842,4864,4875,4885,4894,4905,4915,4924,4935,4945,4954,4965,4975,4984,4995,5005,5014,5025,5044,5054,5064,5073,5083,5092,5102,5112,5121,5131,5140,5150,5160,5169,5179,5188,5198,5208,5217,5227,5236,5246,5256,5265,5283,5291,5298,5306,5313,5321,5328,5336,5343,5351,5358,5366,5373,5381,5388,5404,5412,5421,5430,5438,5447,5463,5471,5478,5486,5493,5501,5508,5523,5530,5537,5544,5551,5559,5565,5572,5580,5587,5594,5601,5608,5615,5622,5629,5636,5643,5650,5657,5664,5671,5679,5685,5692,5700,5707,5714,5721,5728,5735,5742,5749,5770,5790,5809,5830,5850,5884,5895,5905,5914,5925,5943,5950,5956,5963,5970,5976,5983,5989,6004,6012,6021,6030,6038,6047,6055,6064,6072,6081,6090,6098,6107,6124,6132,6141,6150,6158,6167,6175,6184,6192,6201,6210,6218,6227,6243,6251,6258,6266,6273,6281,6288,6304,6312,6321,6330,6338,6347,6355,6364,6372,6381,6390,6398,6407,6415,6424,6432,6441,6450,6458,6467,6484,6492,6501,6510,6518,6527,6535,6544,6552,6561,6570,6578,6587,6604,6612,6621,6630,6638,6647,6655,6664,6672,6681,6690,6698,6707,6724,6733,6742,6752,6761,6771,6780,6789,6798,6807,6817,6826,6843,6850,6857,6864,6871,6879,6885,6892,6900,6907,6914,6921,6928,6935,6942,6949,6967,6982,6997,7023,7031,7038,7046,7053,7061,7068,7076,7083,7091,7098,7106,7113,7121,7128,7146,7158,7170,7182,7194,7206,7218,7230,7242,7254,7266,7278,7290,7302,7326,7339,7351,7364,7377,7390,7402,7415,7428,7441,7453,7466,7479,7491,7504,7517,7530,7542,7555,7568,7581,7593,7606,7618,7632,7644,7657,7669,7683,7695,7708,7720
~特刂しますっ！(27),pa,1.95,190,210,244,252,261,270,278,287,295,304,312,321,330,338,347,355,364,372,381,390,398,407,423,430,436,443,450,456,463,469,483,490,496,503,510,516,523,529,546,558,570,582,594,606,618,630,642,667,682,697,724,733,742,752,761,771,780,789,798,807,817,826,843,848,853,859,864,870,875,880,886,891,897,903,908,913,919,924,930,935,940,946,951,963,970,976,983,990,996,1003,1009,1016,1023,1030,1036,1043,1050,1056,1063,1069,1084,1092,1099,1108,1116,1123,1132,1140,1147,1156,1164,1171,1180,1188,1203,1211,1218,1226,1233,1241,1248,1256,1263,1271,1278,1286,1293,1301,1308,1324,1332,1339,1348,1356,1363,1372,1380,1387,1396,1404,1411,1420,1428,1443,1451,1458,1466,1473,1481,1488,1496,1503,1511,1518,1526,1533,1541,1548,1556,1563,1571,1578,1586,1593,1601,1608,1624,1632,1641,1650,1658,1667,1692,1716,1740,1764,1788,1812,1836,1860,1884,1926,1938,1950,1962,1987,2002,2017,2032,2047,2062,2077,2107,2122,2137,2166,2177,2188,2200,2211,2223,2234,2245,2257,2268,2280,2291,2302,2314,2325,2337,2348,2359,2371,2382,2404,2413,2422,2432,2441,2451,2460,2469,2478,2487,2497,2506,2524,2535,2545,2554,2565,2575,2584,2595,2605,2614,2625,2644,2655,2665,2674,2685,2704,2712,2720,2728,2736,2745,2753,2761,2769,2778,2785,2794,2802,2810,2818,2826,2835,2843,2851,2859,2868,2883,2890,2896,2903,2910,2916,2923,2929,2943,2950,2957,2964,2971,2977,2985,2992,2998,3006,3012,3019,3026,3033,3040,3047,3054,3061,3067,3075,3082,3088,3096,3102,3109,3123,3131,3138,3146,3153,3161,3168,3176,3183,3191,3198,3206,3213,3221,3228,3243,3251,3258,3266,3273,3281,3288,3302,3307,3311,3316,3321,3325,3330,3334,3339,3343,3348,3352,3364,3372,3380,3388,3397,3405,3414,3421,3430,3438,3447,3455,3463,3471,3480,3488,3496,3504,3513,3521,3529,3538,3546,3554,3562,3571,3579,3587,3604,3614,3623,3633,3642,3652,3661,3670,3680,3690,3699,3709,3718,3727,3737,3747,3756,3765,3786,3798,3810,3822,3846,3859,3873,3886,3900,3913,3926,3940,3963,3969,3975,3981,3987,3993,3999,4005,4011,4017,4023,4029,4035,4041,4047,4053,4059,4065,4071,4083,4088,4094,4099,4105,4111,4117,4122,4128,4134,4140,4146,4151,4157,4162,4168,4174,4180,4185,4191,4203,4210,4217,4224,4231,4239,4245,4252,4260,4267,4274,4281,4288,4295,4302,4309,4323,4330,4337,4344,4351,4359,4365,4372,4380,4387,4394,4401,4408,4415,4422,4429,4436,4443,4450,4457,4464,4471,4479,4485,4492,4500,4507,4514,4521,4528,4535,4542,4549,4563,4569,4575,4581,4587,4593,4599,4605,4611,4623,4629,4636,4642,4648,4655,4662,4668,4674,4681,4687,4693,4700,4707,4713,4719,4726,4732,4738,4745,4752,4758,4764,4771,4777,4783,4790,4803,4810,4816,4823,4830,4836,4843,4849,4868,4884,4900,4917,4933,4950,4966,4983,4999,5015,5043,5049,5055,5062,5068,5074,5080,5087,5093,5100,5106,5112,5119,5125,5131,5137,5144,5150,5157,5163,5169,5175,5182,5188,5194,5200,5207,5213,5220,5226,5232,5239,5245,5251,5257,5264,5270,5283,5290,5297,5304,5311,5319,5325,5332,5340,5347,5354,5361,5368,5375,5382,5389,5403,5411,5418,5426,5433,5441,5448,5463,5468,5473,5479,5484,5490,5495,5500,5506,5511,5524,5532,5540,5548,5557,5565,5574,5581,5590,5598,5607,5615,5623,5631,5640,5648,5656,5664,5673,5681,5689,5698,5706,5714,5722,5731,5739,5747,5764,5772,5779,5788,5796,5803,5812,5820,5827,5836,5844,5851,5860,5868,5886,5898,5910,5922,5946,5958,5970,5982,6006,6018,6030,6042,6054,6066,6078,6090,6102,6126,6139,6153,6166,6180,6193,6206,6220,6244,6252,6261,6270,6278,6287,6304,6312,6321,6330,6338,6347,6355,6364,6372,6381,6390,6398,6407,6415,6424,6432,6441,6450,6458,6467,6483,6490,6497,6504,6511,6519,6525,6532,6540,6547,6554,6561,6568,6575,6582,6589,6603,6611,6618,6626,6633,6641,6648,6656,6663,6671,6678,6686,6693,6701,6708,6724,6732,6739,6747,6755,6763,6771,6779,6787,6795,6803,6811,6819,6826,6835,6843,6850,6858,6866,6874,6882,6890,6898,6906,6914,6922,6930,6937,6945,6954,6961,6969,6977,6985,6993,7001,7009,7017,7024,7033,7041,7048,7056,7065,7072,7080,7088,7096,7104,7112,7120,7128
明日また会えるよね(25),cu,1.85,165,195,244,252,261,270,278,287,295,304,312,321,330,338,347,364,375,385,394,405,424,433,442,452,461,471,480,489,498,507,517,526,544,555,565,574,585,595,604,615,625,634,645,664,675,685,694,705,728,745,762,780,797,814,845,855,865,876,886,897,907,918,928,939,949,960,970,981,991,1002,1012,1022,1033,1043,1054,1064,1086,1098,1110,1122,1134,1146,1158,1170,1182,1194,1206,1218,1230,1242,1264,1275,1285,1294,1305,1323,1330,1337,1344,1351,1359,1365,1372,1380,1387,1394,1401,1408,1415,1422,1429,1447,1461,1474,1488,1502,1516,1530,1543,1557,1571,1585,1599,1626,1638,1650,1662,1686,1699,1713,1726,1740,1753,1766,1780,1806,1818,1830,1842,1854,1866,1878,1890,1902,1926,1938,1950,1962,1986,1998,2010,2022,2034,2046,2058,2070,2082,2094,2106,2118,2130,2142,2166,2179,2192,2205,2217,2230,2243,2256,2269,2282,2295,2307,2320,2333,2346,2359,2372,2385,2397,2410,2423,2436,2449,2462,2475,2487,2500,2525,2536,2547,2558,2569,2580,2590,2601,2613,2623,2646,2658,2670,2682,2705,2716,2728,2739,2750,2761,2773,2784,2795,2806,2818,2829,2840,2851,2863,2886,2898,2910,2922,2951,2973,2996,3018,3041,3063,3086,3135,3165,3195,3246,3258,3270,3282,3306,3318,3330,3342,3366,3379,3393,3406,3420,3433,3446,3460,3473,3486,3499,3513,3526,3540,3553,3566,3580,3604,3614,3623,3633,3642,3652,3661,3670,3680,3690,3699,3709,3718,3727,3737,3747,3756,3765,3787,3802,3817,3844,3855,3865,3874,3885,3895,3904,3915,3925,3934,3945,3965,3976,3987,3998,4009,4020,4030,4041,4053,4063,4086,4098,4110,4122,4134,4146,4158,4170,4182,4206,4219,4233,4246,4260,4273,4286,4300,4326,4339,4352,4365,4378,4392,4404,4417,4431,4444,4456,4470,4483,4495,4509,4522,4535,4548,4561,4574,4587,4600,4626,4639,4652,4665,4677,4690,4703,4716,4729,4742,4755,4767,4780,4803,4811,4818,4826,4833,4841,4848,4866,4879,4892,4905,4917,4930,4943,4956,4969,4982,4995,5007,5020,5046,5059,5073,5086,5100,5113,5126,5140,5153,5166,5179,5193,5206,5220,5233,5246,5260,5285,5296,5307,5318,5329,5340,5350,5361,5373,5383,5404,5415,5425,5434,5445,5466,5480,5494,5508,5521,5535,5548,5562,5575,5589,5603,5616,5630,5644,5658,5671,5685,5698,5712,5725,5739,5766,5779,5793,5806,5820,5833,5846,5860,5887,5902,5917,5944,5952,5961,5970,5978,5987,6005,6016,6027,6038,6049,6060,6070,6081,6093,6103,6126,6139,6152,6165,6177,6190,6203,6216,6229,6242,6255,6267,6280,6307,6321,6334,6348,6362,6376,6390,6403,6417,6431,6445,6459,6486,6498,6510,6522,6534,6546,6558,6570,6582,6606,6619,6633,6646,6660,6673,6686,6700,6724,6733,6743,6753,6762,6771,6781,6790,6799,6808,6818,6828,6837,6846,6856,6865,6874,6883,6893,6903,6912,6921,6931,6940,6949,6958,6968,6978,6987,6996,7006,7024,7035,7045,7054,7065,7075,7084,7095,7105,7114,7125,7135,7144,7155,7165,7174,7185,7195,7204,7215,7225,7234,7245,7255,7264,7275,7285,7294,7305
DいてJewel(25),co,1.85,128,144,160,176,192,208,224,240,256,272,288,304,320,336,366,379,391,404,416,429,441,454,466,479,491,504,516,529,541,554,566,579,591,604,616,629,641,665,676,687,698,709,720,731,742,753,764,786,798,810,822,844,852,860,868,876,884,892,900,908,916,924,932,940,948,964,971,977,985,992,999,1006,1013,1020,1027,1034,1041,1048,1055,1063,1069,1076,1084,1091,1097,1105,1112,1119,1126,1133,1140,1147,1154,1161,1168,1175,1183,1189,1203,1208,1214,1219,1225,1230,1235,1241,1246,1252,1268,1283,1298,1328,1343,1358,1373,1388,1403,1418,1448,1463,1478,1493,1508,1523,1538,1565,1576,1587,1598,1609,1620,1631,1642,1653,1664,1688,1703,1718,1733,1748,1763,1778,1808,1823,1838,1853,1868,1883,1898,1925,1935,1945,1955,1965,1988,2003,2018,2033,2048,2063,2078,2104,2113,2122,2130,2138,2147,2170,2190,2210,2230,2250,2270,2290,2310,2348,2363,2378,2408,2423,2438,2453,2468,2483,2498,2528,2546,2563,2580,2597,2614,2648,2664,2680,2696,2712,2728,2744,2760,2776,2792,2808,2824,2840,2856,2884,2893,2902,2910,2918,2927,2945,2956,2966,2977,2987,2998,3009,3019,3030,3041,3051,3062,3073,3083,3094,3104,3126,3138,3150,3162,3174,3186,3198,3210,3222,3244,3253,3262,3270,3278,3287,3306,3318,3330,3342,3369,3388,3406,3425,3443,3461,3480,3499,3517,3535,3554,3572,3608,3625,3641,3657,3674,3690,3706,3723,3739,3755,3784,3792,3800,3808,3816,3824,3832,3840,3848,3856,3864,3872,3880,3888,3904,3913,3922,3930,3938,3947,3966,3978,3990,4002,4014,4026,4038,4050,4062,4087,4100,4114,4127,4140,4153,4166,4180,4208,4223,4238,4253,4268,4283,4298,4327,4341,4355,4369,4384,4397,4412,4426,4440,4454,4468,4483,4496,4511,4525,4539,4564,4573,4582,4590,4598,4607,4626,4638,4650,4662,4685,4696,4707,4718,4729,4740,4751,4762,4773,4784,4807,4821,4835,4849,4864,4877,4892,4906,4920,4934,4948,4963,4976,4991,5005,5019,5048,5063,5078,5093,5108,5123,5138,5153,5168,5183,5198,5213,5228,5243,5258,5285,5296,5307,5318,5329,5340,5351,5362,5373,5384,5408,5423,5438,5466,5478,5490,5502,5526,5537,5549,5560,5572,5583,5594,5606,5617,5629,5640,5651,5663,5674,5686,5697,5708,5720,5731,5743,5768,5783,5798,5813,5828,5843,5858,5885,5895,5905,5915,5925,5946,5958,5970,5982,6008,6023,6038,6053,6068,6083,6098,6125,6136,6147,6158,6169,6180,6191,6202,6213,6224,6247,6259,6272,6284,6297,6310,6322,6335,6347,6360,6373,6385,6398,6410,6423,6436,6448,6461,6488,6503,6518,6533,6548,6563,6578,6608,6623,6638,6653,6668,6683,6698,6726,6738,6750,6762,6774,6786,6798,6810,6822,6846,6858,6870,6882,6894,6906,6918,6930,6942,6954,6966,6978,6990,7002,7035,7065,7095,7150,7170,7202,7208,7213,7217,7223,7228,7232,7238,7243,7247,7253,7264,7270,7277,7283,7290,7297,7303,7310,7316,7324,7330,7337,7343,7350,7357,7363,7370,7376,7384,7390,7397,7403,7410,7417,7423,7430,7445,7456,7467,7478,7489,7500,7511,7522,7533,7544,7568,7585,7601,7618,7635,7652,7669,7685,7702,7718,7735,7751,7768,7785,7802,7819,7835
DいてJewel(28),co,2,185,195,205,215,225,245,254,263,272,281,291,300,309,319,328,337,346,364,373,382,390,398,407,428,443,458,484,492,500,509,517,525,533,541,550,558,566,574,582,590,599,607,615,623,631,640,648,663,669,675,681,687,693,699,705,711,724,733,742,750,758,767,784,793,802,810,818,827,844,852,860,868,876,884,892,900,908,916,924,932,940,948,964,971,977,985,992,999,1006,1013,1020,1027,1034,1041,1048,1055,1063,1069,1076,1084,1091,1097,1105,1112,1119,1126,1133,1140,1147,1154,1161,1168,1175,1183,1189,1203,1208,1214,1219,1225,1230,1235,1241,1246,1252,1264,1270,1277,1283,1290,1297,1303,1310,1325,1334,1343,1352,1361,1371,1380,1389,1399,1408,1417,1426,1435,1445,1454,1463,1472,1481,1491,1500,1509,1519,1528,1537,1546,1565,1576,1587,1598,1609,1620,1631,1642,1653,1664,1688,1703,1718,1733,1748,1763,1778,1793,1808,1823,1838,1853,1868,1883,1898,1925,1935,1945,1955,1965,1984,1993,2002,2010,2018,2027,2036,2044,2053,2062,2070,2078,2087,2106,2117,2129,2140,2152,2163,2174,2186,2197,2209,2220,2231,2243,2254,2266,2277,2288,2300,2311,2323,2346,2358,2370,2382,2394,2406,2418,2430,2442,2454,2466,2478,2490,2502,2525,2534,2543,2552,2561,2571,2580,2589,2599,2608,2617,2626,2645,2655,2665,2675,2685,2695,2705,2715,2725,2735,2745,2755,2765,2775,2785,2795,2805,2815,2825,2835,2845,2855,2865,2884,2890,2897,2903,2910,2917,2923,2930,2945,2954,2963,2972,2981,2990,2999,3008,3017,3026,3035,3044,3053,3062,3071,3080,3089,3098,3107,3124,3133,3142,3150,3158,3167,3176,3184,3193,3202,3210,3218,3227,3246,3258,3270,3282,3305,3315,3325,3335,3345,3367,3381,3395,3409,3424,3437,3452,3466,3480,3494,3508,3523,3536,3551,3565,3579,3605,3614,3623,3633,3643,3652,3662,3671,3680,3690,3700,3709,3718,3728,3737,3747,3757,3766,3784,3790,3797,3803,3810,3817,3823,3830,3836,3844,3850,3857,3863,3870,3877,3883,3890,3904,3910,3917,3923,3930,3937,3943,3950,3964,3971,3979,3986,3994,4001,4009,4016,4024,4031,4039,4046,4054,4061,4069,4084,4093,4102,4110,4118,4127,4136,4144,4153,4162,4170,4178,4187,4205,4215,4225,4235,4245,4255,4265,4275,4285,4295,4305,4324,4333,4341,4349,4358,4366,4374,4382,4391,4399,4408,4416,4424,4433,4441,4449,4457,4466,4474,4483,4491,4499,4507,4516,4524,4532,4541,4549,4558,4566,4574,4582,4591,4599,4607,4625,4635,4645,4655,4665,4684,4693,4702,4711,4720,4728,4737,4746,4754,4763,4772,4781,4790,4799,4807,4816,4825,4834,4843,4851,4860,4869,4877,4886,4895,4904,4913,4921,4930,4939,4948,4957,4966,4974,4983,4992,5000,5009,5018,5027,5044,5052,5060,5068,5076,5084,5092,5100,5108,5116,5124,5132,5140,5148,5156,5164,5172,5180,5188,5196,5204,5212,5220,5228,5236,5244,5252,5260,5268,5284,5293,5302,5310,5318,5327,5336,5344,5353,5362,5370,5378,5387,5396,5404,5413,5422,5430,5438,5447,5465,5475,5485,5495,5505,5526,5537,5549,5560,5572,5583,5594,5606,5617,5629,5640,5651,5663,5674,5686,5697,5708,5720,5731,5743,5764,5771,5779,5786,5794,5801,5809,5816,5824,5831,5839,5846,5854,5861,5869,5884,5890,5897,5903,5910,5917,5923,5930,5944,5950,5957,5963,5970,5977,5983,5990,6004,6012,6020,6028,6036,6044,6052,6060,6068,6076,6084,6092,6100,6108,6116,6124,6132,6140,6148,6156,6164,6172,6180,6188,6196,6204,6212,6220,6228,6244,6250,6257,6263,6270,6277,6283,6290,6304,6312,6320,6328,6337,6344,6353,6361,6369,6377,6385,6393,6401,6409,6418,6425,6434,6442,6450,6458,6466,6475,6482,6491,6499,6507,6515,6523,6531,6539,6547,6556,6563,6572,6580,6588,6604,6611,6617,6625,6632,6639,6646,6653,6660,6667,6674,6681,6688,6695,6703,6709,6724,6733,6741,6749,6758,6766,6774,6782,6791,6799,6808,6816,6824,6833,6841,6849,6857,6866,6874,6883,6891,6899,6908,6916,6924,6932,6941,6949,6958,6966,6974,6983,6991,6999,7007,7025,7035,7045,7055,7065,7075,7085,7095,7105,7115,7125,7144,7152,7160,7168,7176,7184,7192,7200,7208,7216,7224,7232,7240,7248,7264,7270,7277,7284,7291,7298,7304,7311,7318,7325,7331,7339,7345,7352,7359,7366,7373,7379,7386,7393,7400,7406,7414,7420,7427,7434,7441,7448,7454,7461,7468,7475,7481,7489,7495,7502,7509,7516,7523,7529,7536,7543,7550,7565,7576,7586,7596,7607,7617,7627,7637,7648,7658,7669,7679,7690,7700,7710,7720,7730,7741,7751,7762,7772,7783,7793,7803,7813,7824,7834,7844
情Midnight徽h(25),all,1.85,185,196,206,217,227,238,249,259,270,281,291,302,313,323,334,344,365,376,386,397,407,418,429,439,450,461,471,482,493,503,514,524,545,554,563,572,581,591,600,609,619,628,637,646,664,671,679,686,694,701,709,724,730,737,743,750,757,763,770,784,793,802,810,818,827,836,844,853,862,870,878,887,896,904,913,922,930,938,947,964,973,982,990,998,1007,1016,1024,1033,1042,1050,1058,1067,1085,1095,1105,1115,1125,1135,1145,1155,1165,1175,1185,1204,1211,1219,1226,1234,1241,1249,1264,1271,1279,1286,1294,1301,1309,1325,1335,1345,1355,1365,1375,1385,1395,1405,1415,1425,1445,1455,1465,1475,1485,1495,1505,1515,1525,1535,1545,1566,1578,1590,1602,1626,1638,1650,1662,1684,1693,1702,1710,1718,1727,1736,1744,1753,1762,1770,1778,1787,1807,1820,1834,1847,1860,1873,1886,1900,1924,1933,1942,1950,1958,1967,1985,1996,2006,2017,2027,2038,2049,2059,2070,2081,2091,2102,2113,2123,2134,2144,2164,2172,2180,2189,2197,2205,2213,2221,2230,2238,2246,2254,2262,2270,2279,2287,2295,2303,2311,2320,2328,2344,2351,2359,2366,2374,2381,2389,2405,2416,2427,2438,2449,2460,2471,2482,2493,2504,2524,2533,2542,2550,2558,2567,2576,2584,2593,2602,2610,2618,2627,2644,2650,2657,2663,2670,2677,2683,2690,2705,2714,2723,2732,2741,2750,2759,2768,2777,2786,2795,2804,2813,2822,2831,2840,2849,2858,2867,2888,2903,2918,2933,2948,2963,2978,2993,3008,3023,3038,3053,3068,3083,3098,3124,3131,3139,3146,3154,3161,3169,3176,3184,3191,3199,3206,3214,3221,3229,3244,3253,3262,3270,3278,3287,3306,3318,3330,3342,3366,3377,3389,3400,3412,3423,3434,3446,3457,3469,3480,3491,3503,3514,3526,3537,3548,3560,3571,3583,3605,3616,3626,3637,3647,3658,3669,3679,3690,3701,3711,3722,3733,3743,3754,3764,3785,3795,3805,3815,3825,3845,3854,3863,3872,3881,3891,3900,3909,3919,3928,3937,3946,3965,3975,3985,3995,4005,4015,4025,4035,4045,4055,4065,4075,4085,4095,4105,4115,4125,4135,4145,4155,4165,4175,4185,4205,4216,4227,4238,4249,4260,4271,4282,4293,4304,4327,4339,4352,4364,4377,4390,4402,4415,4427,4440,4453,4465,4478,4490,4503,4516,4528,4541,4566,4578,4590,4602,4625,4635,4645,4655,4665,4684,4692,4700,4708,4716,4724,4732,4740,4748,4756,4764,4772,4780,4788,4804,4813,4822,4830,4838,4847,4865,4877,4888,4900,4910,4922,4933,4945,4955,4967,4978,4990,5000,5012,5023,5048,5066,5083,5100,5117,5134,5152,5168,5186,5203,5220,5237,5254,5300,5340,5410,5430,5471,5495,5518,5541,5564,5587,5610,5633,5656,5679,5702,5725,5764,5771,5779,5786,5794,5801,5809,5816,5824,5831,5839,5846,5854,5861,5869,5876,5884,5891,5899,5906,5914,5921,5929,5945,5954,5963,5972,5981,5990,5999,6008,6017,6026,6035,6044,6053,6062,6071,6080,6089,6098,6107,6126,6138,6150,6162,6174,6186,6198,6210,6222,6245,6254,6264,6274,6283,6293,6302,6312,6322,6331,6341,6350,6360,6370,6379,6389,6398,6408,6418,6427,6437,6446,6456,6466,6485,6495,6505,6515,6525,6535,6545,6555,6565,6575,6585,6606,6618,6630,6642,6654,6666,6678,6690,6702,6714,6726,6738,6750,6762,6774,6786,6798,6810,6822,6846,6858,6870,6882,6894,6906,6918,6930,6942,6954,6966,6978,6990,7002,7024,7032,7040,7048,7056,7064,7072,7080,7088,7096,7104,7112,7120,7128,7144,7153,7162,7170,7178,7187,7204,7210,7217,7223,7230,7237,7243,7250,7268,7283,7298,7313,7328,7343,7358,7373,7388,7403,7418,7433,7448,7463,7478,7493,7508,7523,7538
情Midnight徽h(29),all,2.1,126,138,150,162,174,186,198,210,222,245,256,267,278,289,300,311,322,333,344,368,383,398,428,443,458,484,490,497,503,510,517,523,530,544,551,557,565,572,579,586,593,600,607,614,621,628,635,643,649,663,668,674,679,685,690,695,701,706,712,723,728,734,740,746,751,757,763,769,774,780,786,791,797,803,809,814,820,826,832,845,854,863,872,881,891,900,909,919,928,937,946,962,967,972,977,982,986,991,996,1001,1006,1010,1015,1020,1025,1030,1034,1039,1044,1049,1054,1058,1063,1068,1073,1084,1091,1099,1106,1114,1121,1129,1136,1144,1151,1159,1166,1174,1181,1189,1202,1207,1211,1216,1221,1225,1230,1235,1239,1244,1249,1253,1264,1271,1278,1285,1292,1300,1307,1314,1321,1328,1336,1343,1350,1357,1364,1372,1379,1386,1393,1400,1408,1415,1422,1429,1444,1452,1460,1468,1475,1483,1491,1499,1507,1514,1522,1530,1538,1546,1553,1561,1569,1577,1585,1592,1600,1608,1624,1631,1639,1646,1654,1661,1669,1684,1692,1700,1708,1716,1724,1732,1740,1748,1756,1764,1772,1780,1788,1805,1815,1825,1835,1845,1855,1865,1875,1885,1895,1905,1924,1930,1937,1943,1950,1957,1963,1970,1985,1994,2003,2013,2023,2032,2042,2051,2060,2070,2080,2089,2098,2108,2117,2127,2137,2146,2164,2171,2177,2185,2192,2199,2206,2213,2220,2227,2234,2241,2248,2255,2263,2269,2276,2284,2291,2297,2305,2312,2319,2326,2333,2340,2347,2354,2361,2368,2375,2383,2389,2404,2411,2419,2426,2434,2441,2449,2456,2464,2471,2479,2486,2494,2501,2509,2524,2531,2539,2546,2554,2561,2569,2576,2584,2591,2599,2606,2614,2621,2629,2643,2649,2655,2661,2667,2673,2679,2685,2691,2704,2712,2720,2728,2735,2743,2751,2759,2767,2774,2782,2790,2798,2806,2813,2821,2829,2837,2845,2852,2860,2868,2883,2889,2895,2901,2907,2913,2919,2925,2931,2945,2957,2968,2980,2990,3002,3013,3025,3035,3047,3058,3070,3080,3092,3103,3123,3128,3134,3140,3146,3151,3157,3163,3169,3174,3180,3186,3191,3197,3203,3209,3214,3220,3226,3232,3244,3252,3260,3268,3276,3284,3292,3300,3308,3316,3324,3332,3340,3348,3365,3374,3384,3394,3403,3413,3422,3432,3442,3451,3461,3470,3480,3490,3499,3509,3518,3528,3538,3547,3557,3566,3576,3586,3603,3610,3616,3622,3628,3634,3640,3647,3653,3659,3665,3671,3677,3684,3690,3696,3703,3709,3715,3721,3727,3733,3740,3746,3752,3758,3764,3770,3784,3793,3802,3810,3818,3827,3843,3850,3856,3862,3868,3875,3881,3887,3893,3900,3907,3913,3919,3925,3932,3938,3944,3950,3963,3968,3974,3980,3986,3991,3997,4003,4009,4014,4020,4026,4031,4037,4043,4049,4054,4060,4066,4072,4084,4090,4097,4103,4110,4117,4123,4130,4136,4144,4150,4157,4163,4170,4177,4183,4190,4203,4208,4214,4220,4226,4231,4237,4243,4249,4254,4260,4266,4271,4277,4283,4289,4294,4300,4306,4312,4325,4334,4343,4352,4361,4371,4380,4389,4399,4408,4417,4426,4435,4445,4454,4463,4472,4481,4491,4500,4509,4519,4528,4537,4546,4564,4573,4582,4590,4598,4607,4624,4631,4639,4646,4654,4661,4669,4684,4692,4700,4708,4716,4724,4732,4740,4748,4756,4764,4772,4780,4788,4805,4815,4825,4835,4845,4864,4873,4882,4890,4898,4907,4916,4924,4933,4942,4950,4958,4967,4976,4984,4993,5002,5010,5018,5027,5047,5059,5072,5084,5097,5110,5122,5135,5147,5160,5173,5185,5198,5210,5223,5236,5248,5261,5292,5316,5340,5364,5468,5485,5501,5518,5535,5552,5569,5585,5602,5618,5635,5651,5668,5685,5702,5719,5735,5764,5770,5777,5783,5790,5797,5803,5810,5816,5824,5830,5837,5843,5850,5857,5863,5870,5884,5890,5897,5903,5910,5917,5923,5930,5944,5950,5957,5963,5970,5977,5983,5990,6003,6010,6016,6022,6028,6035,6041,6047,6053,6060,6067,6073,6079,6085,6092,6098,6104,6110,6124,6131,6139,6146,6154,6161,6169,6176,6184,6191,6199,6206,6214,6221,6229,6242,6247,6251,6255,6259,6263,6268,6272,6277,6281,6285,6289,6293,6303,6309,6314,6320,6326,6332,6338,6344,6349,6355,6361,6367,6373,6379,6384,6390,6396,6401,6407,6413,6419,6425,6431,6436,6442,6448,6454,6460,6466,6471,6483,6489,6495,6501,6507,6513,6519,6525,6531,6537,6543,6549,6555,6561,6567,6573,6579,6585,6591,6597,6603,6609,6615,6621,6627,6633,6639,6645,6651,6657,6663,6669,6675,6681,6687,6693,6699,6705,6711,6723,6728,6734,6740,6746,6751,6757,6763,6769,6774,6780,6786,6791,6797,6803,6809,6814,6820,6826,6832,6844,6850,6857,6863,6870,6877,6883,6890,6896,6904,6910,6917,6923,6930,6937,6943,6950,6956,6964,6970,6977,6983,6990,6997,7003,7010,7023,7028,7034,7040,7046,7051,7057,7063,7069,7074,7080,7086,7091,7097,7103,7109,7114,7120,7126,7132,7144,7150,7157,7163,7170,7177,7183,7190,7203,7209,7215,7221,7227,7233,7239,7245,7251,7264,7272,7280,7288,7296,7304,7312,7320,7328,7336,7344,7352,7360,7368,7376,7384,7392,7400,7408,7416,7424,7432,7440,7448,7456,7464,7472,7480,7488,7496,7504,7512,7520,7528,7536,7544,7552,7560,7568,7576,7584,7592,7600,7608
生存本能ヴァルキュリア(30),all,2.2,154,163,172,181,189,198,206,215,224,233,241,250,259,268,276,285,294,302,311,320,329,337,346,355,364,372,381,389,398,407,424,433,442,450,458,467,484,491,499,506,514,521,529,536,544,551,559,566,574,581,589,596,604,611,619,626,634,641,649,664,672,680,688,695,703,711,719,727,734,742,750,758,766,773,781,789,797,805,812,820,828,844,851,857,865,872,879,886,893,900,907,914,921,928,935,943,949,965,974,983,992,1001,1010,1019,1028,1037,1046,1055,1064,1073,1082,1091,1100,1109,1118,1127,1136,1145,1154,1163,1172,1181,1190,1199,1208,1217,1226,1235,1244,1253,1262,1271,1279,1288,1297,1306,1324,1331,1339,1346,1354,1361,1369,1376,1384,1391,1399,1406,1414,1421,1429,1444,1452,1460,1469,1477,1485,1493,1501,1510,1518,1526,1534,1542,1550,1559,1567,1575,1583,1591,1600,1608,1616,1624,1632,1640,1649,1657,1665,1673,1681,1690,1698,1706,1714,1722,1730,1739,1747,1755,1763,1771,1780,1788,1796,1804,1812,1820,1829,1837,1845,1853,1861,1870,1878,1886,1894,1902,1910,1919,1927,1935,1943,1951,1960,1968,1985,1994,2005,2014,2024,2034,2044,2053,2063,2073,2083,2092,2102,2112,2122,2131,2141,2151,2161,2170,2180,2190,2200,2210,2219,2229,2239,2249,2258,2268,2278,2288,2297,2307,2317,2327,2336,2346,2356,2366,2375,2386,2406,2417,2429,2440,2452,2463,2474,2486,2497,2509,2520,2531,2543,2554,2566,2577,2588,2600,2611,2623,2645,2656,2666,2677,2687,2698,2708,2719,2729,2740,2750,2761,2771,2782,2792,2803,2813,2824,2834,2844,2855,2865,2876,2886,2897,2907,2918,2928,2939,2949,2960,2970,2980,2991,3001,3012,3022,3033,3043,3054,3064,3075,3085,3096,3106,3116,3127,3137,3148,3158,3169,3179,3190,3200,3211,3221,3232,3242,3253,3263,3274,3284,3304,3310,3317,3323,3330,3337,3343,3350,3362,3368,3373,3379,3384,3389,3395,3400,3406,3411,3416,3422,3427,3433,3438,3443,3449,3454,3460,3465,3470,3476,3481,3487,3492,3497,3503,3508,3514,3519,3524,3530,3535,3541,3546,3551,3557,3562,3568,3572,3578,3583,3589,3594,3599,3605,3610,3616,3621,3626,3632,3637,3643,3648,3653,3659,3664,3670,3675,3680,3686,3691,3697,3702,3707,3713,3718,3724,3729,3734,3740,3745,3751,3756,3761,3767,3772,3782,3788,3793,3797,3803,3808,3812,3818,3823,3827,3833,3844,3853,3862,3870,3878,3887,3896,3904,3913,3922,3930,3938,3947,3964,3971,3979,3986,3994,4001,4009,4016,4024,4031,4039,4046,4054,4061,4069,4076,4084,4091,4099,4106,4114,4121,4129,4136,4144,4151,4159,4166,4174,4181,4189,4203,4210,4216,4222,4228,4235,4241,4247,4253,4260,4267,4273,4279,4285,4292,4298,4304,4310,4324,4331,4339,4346,4354,4361,4369,4376,4384,4391,4399,4406,4414,4421,4429,4436,4444,4451,4459,4466,4474,4481,4489,4496,4504,4511,4519,4526,4534,4541,4549,4556,4564,4571,4579,4586,4594,4601,4609,4624,4632,4640,4648,4656,4664,4672,4681,4688,4696,4705,4712,4721,4729,4737,4745,4753,4761,4769,4777,4785,4793,4801,4809,4817,4825,4833,4841,4849,4858,4865,4874,4882,4889,4898,4906,4914,4922,4930,4938,4946,4954,4962,4970,4978,4986,4994,5002,5011,5018,5026,5035,5042,5051,5059,5067,5075,5083,5091,5099,5107,5115,5123,5131,5139,5147,5155,5163,5171,5179,5188,5195,5204,5212,5219,5228,5236,5244,5252,5260,5268,5284,5292,5300,5309,5317,5325,5333,5341,5350,5358,5366,5374,5382,5390,5399,5407,5415,5423,5431,5440,5448,5464,5470,5477,5484,5491,5497,5504,5511,5518,5524,5531,5538,5545,5551,5558,5565,5572,5579,5585,5592,5599,5606,5612,5619,5626,5633,5639,5646,5653,5660,5666,5674,5680,5687,5694,5701,5707,5714,5721,5728,5734,5741,5748,5755,5761,5768,5775,5782,5789,5795,5802,5809,5816,5822,5829,5836,5843,5849,5856,5863,5870,5884,5890,5897,5903,5910,5917,5923,5930,5944,5950,5957,5964,5971,5978,5984,5991,5998,6005,6011,6019,6025,6032,6039,6046,6053,6059,6066,6073,6080,6086,6094,6100,6107,6114,6121,6128,6134,6141,6148,6155,6161,6169,6175,6182,6189,6196,6203,6209,6216,6223,6230,6243,6249,6255,6261,6267,6273,6279,6285,6291,6304,6310,6317,6323,6330,6337,6343,6350,6356,6364,6370,6377,6383,6390,6397,6403,6410,6416,6424,6430,6437,6443,6450,6457,6463,6470,6476,6484,6490,6497,6503,6510,6517,6523,6530,6536,6544,6550,6557,6563,6570,6577,6583,6590,6604,6610,6617,6623,6630,6637,6643,6650,6656,6664,6670,6677,6683,6690,6697,6703,6710,6724,6732,6740,6748,6756,6764,6772,6780,6788,6796,6804,6812,6820,6828,6836,6844,6852,6860,6868,6876,6884,6892,6900,6908,6916,6924,6932,6940,6948,6956,6964,6972,6980,6988,6996,7004,7012,7020,7028,7036,7044,7052,7060,7068,7076,7084,7092,7100,7108,7116,7124,7132,7140,7148,7156,7164,7172,7180,7188,7204,7211,7219,7226,7234,7241,7249,7265,7276,7286,7297,7308,7319,7330,7340,7351,7361,7372,7382,7393,7404,7415,7426,7436,7447,7457,7468,7478,7489,7500,7511,7522,7532,7543,7553,7564,7574,7585,7596,7607,7618,7628,7639,7649,7660,7670,7681,7692,7703,7714,7724
