212526,0,4,2,15,6,3,1,4,2,15,4,2,1,7,3,17,1,3,1,11,6,15,8,2,1,9,4,17,1,3,658491
146026,0,13,6,15,4,3,0,13,6,15,3,3,0,7,4,15,10,2,0,4,2,15,2,2,0,4,2,15,3,3,445876
115092,1,4,2,17,3,2,1,13,6,17,9,3,0,7,3,15,5,3,0,9,4,15,6,3,0,11,6,12,6,2,357502
249613,0,13,6,12,2,3,1,11,5,17,8,3,0,11,6,15,1,2,1,4,2,15,4,2,1,6,3,17,8,2,775090
239885,0,7,3,15,6,3,1,6,3,17,3,2,1,4,2,17,5,2,0,6,3,12,2,2,0,7,4,12,2,2,737257
128836,1,7,4,15,1,2,0,6,3,15,3,2,1,11,5,15,9,3,1,13,6,17,2,3,1,7,3,17,7,3,399738
119430,1,6,3,15,6,3,0,11,6,12,2,2,0,11,5,15,8,3,0,11,5,15,1,3,0,4,2,15,4,2,363696
218606,1,9,4,15,4,3,1,4,2,17,9,2,0,13,6,12,9,3,0,13,6,15,6,3,0,6,3,15,3,3,676469
182124,1,4,2,17,2,3,1,6,3,15,6,2,1,4,2,15,2,2,0,11,5,15,3,3,0,7,3,15,6,3,559939
165722,1,11,5,17,2,3,1,9,4,15,3,3,1,9,5,15,9,2,0,6,3,15,3,3,1,9,5,17,1,2,510513
172543,0,7,4,12,6,2,1,7,3,15,3,3,1,11,6,15,2,2,1,7,3,17,2,3,1,11,6,15,7,2,525992
131394,1,7,4,17,2,2,0,11,6,15,6,2,1,11,5,17,5,3,0,6,3,12,2,3,1,4,2,15,4,2,405358
236286,1,7,4,17,1,2,1,9,5,17,6,2,1,11,5,17,7,3,0,7,3,12,8,3,1,4,2,15,1,2,734761
103993,1,11,5,17,3,3,1,7,4,17,5,2,1,11,6,15,9,2,0,6,3,12,5,3,0,7,3,15,1,3,322515
232118,0,4,2,12,10,3,1,4,2,17,10,3,1,13,6,15,9,3,0,9,4,15,7,3,0,9,5,12,1,2,719765
296815,0,6,3,12,4,2,1,9,5,17,2,2,0,6,3,12,10,3,0,9,5,12,9,2,0,9,4,15,6,3,905084
102351,1,11,5,15,6,3,0,11,6,15,2,2,0,7,3,12,3,3,1,4,2,15,7,2,0,7,3,12,7,3,311316
274415,1,9,5,17,1,2,0,6,3,15,2,3,0,13,6,12,4,3,0,11,6,12,5,2,1,11,6,17,2,2,843982
241974,1,4,2,17,7,2,1,4,2,15,6,2,0,4,2,12,4,2,1,7,4,17,8,2,1,9,4,15,2,3,752758
215885,1,4,2,17,5,3,1,11,6,15,2,2,0,6,3,12,2,2,1,13,6,17,4,3,0,11,6,15,5,2,667364
202551,0,4,2,15,10,3,1,11,5,17,2,3,0,9,5,12,5,2,1,9,4,15,9,3,1,6,3,17,10,2,630671
167307,0,7,4,15,8,2,0,7,4,12,6,2,0,11,6,15,1,2,1,4,2,15,9,2,1,9,5,17,9,2,520941
255939,1,9,4,17,7,3,0,11,5,15,1,3,1,6,3,15,5,3,1,9,5,17,1,2,1,11,6,15,10,2,792583
217042,0,11,5,12,3,3,0,6,3,12,3,3,0,13,6,12,10,3,0,4,2,15,9,3,0,7,4,15,7,2,666527
213603,1,9,5,17,2,2,1,4,2,15,9,3,0,7,4,12,6,2,0,7,3,15,2,3,1,4,2,17,4,3,661393
236324,1,13,6,17,6,3,1,9,4,17,7,3,0,9,5,15,9,2,0,13,6,15,8,3,1,9,5,17,7,2,732371
185895,0,9,4,15,6,3,1,13,6,17,3,3,1,4,2,17,8,2,0,9,4,15,1,3,0,4,2,15,7,3,573218
187890,1,7,4,17,5,2,0,6,3,12,8,3,1,11,6,15,7,2,1,7,3,15,3,3,0,9,4,12,1,3,581281
234476,1,6,3,17,4,2,0,4,2,12,5,3,1,11,5,15,2,3,1,9,5,15,1,2,1,7,4,17,3,2,727065
219487,0,11,6,15,3,2,1,6,3,15,9,2,1,6,3,15,7,3,0,4,2,15,4,2,1,4,2,15,4,3,669177
194788,0,9,4,12,7,3,0,7,3,12,4,3,0,7,4,12,3,2,1,11,6,15,8,2,0,9,4,15,6,3,595133
123444,0,6,3,15,9,2,0,6,3,12,6,3,0,4,2,12,9,3,1,7,3,15,9,3,1,4,2,17,6,2,382099
131122,1,4,2,15,6,2,1,4,2,15,7,2,0,11,5,15,7,3,0,13,6,15,6,3,0,9,4,12,4,3,401983
140773,0,11,5,12,8,3,1,6,3,15,4,3,0,7,4,15,2,2,0,9,4,12,3,3,1,6,3,17,7,3,434209
109343,0,4,2,15,1,3,1,7,3,15,10,3,0,4,2,12,6,2,1,7,4,17,9,2,1,11,6,15,6,2,338734
146737,0,7,4,12,3,2,0,6,3,12,3,2,0,11,6,15,6,2,0,11,5,12,10,3,0,9,4,12,2,3,442774
123880,0,4,2,15,4,2,0,6,3,15,1,3,0,4,2,12,5,2,1,4,2,17,4,2,0,7,4,12,4,2,375914
155404,0,11,5,12,1,3,1,7,4,15,2,2,1,11,6,15,5,2,0,7,3,15,10,3,0,7,3,15,2,3,468952
151301,1,7,4,17,8,2,1,11,6,15,5,2,0,7,3,12,9,3,0,9,4,15,7,3,1,7,4,17,7,2,470780
155401,0,7,4,12,8,2,1,7,3,15,9,3,1,7,4,15,7,2,0,4,2,15,9,2,1,4,2,17,1,2,476617
249763,0,6,3,12,10,2,0,6,3,12,2,3,0,11,6,12,3,2,0,4,2,15,6,2,0,9,4,12,4,3,752430
293815,0,7,3,15,5,3,1,7,4,15,8,2,1,13,6,15,8,3,0,11,5,12,6,3,0,11,5,15,5,3,901139
116049,0,6,3,15,3,3,0,4,2,12,3,3,1,11,5,15,10,3,0,13,6,12,6,3,1,11,5,15,8,3,353320
184142,1,7,3,17,6,3,0,6,3,12,10,2,0,6,3,15,9,2,0,9,4,15,6,3,1,4,2,15,6,2,569637
283764,1,4,2,15,9,3,1,11,5,15,5,3,0,11,6,15,3,2,0,9,4,15,4,3,1,9,4,15,4,3,867068
242287,1,9,4,15,8,3,0,6,3,15,1,2,0,4,2,15,6,2,1,11,6,17,7,2,0,11,6,15,5,2,751474
104984,1,6,3,15,6,3,1,9,5,17,8,2,0,7,3,15,1,3,1,4,2,17,5,2,1,13,6,17,9,3,328030
250223,0,7,4,15,1,2,0,4,2,15,3,3,1,11,5,15,5,3,1,6,3,15,9,3,1,11,5,17,5,3,771041
111197,0,11,5,12,8,3,0,7,3,12,8,3,0,7,3,15,6,3,0,13,6,15,1,3,0,7,3,12,10,3,336666
110519,0,9,5,12,1,2,1,9,5,17,2,2,0,6,3,15,5,3,0,4,2,15,2,3,1,4,2,15,1,2,336222
280020,1,9,5,17,8,2,1,9,4,17,10,3,1,6,3,17,8,3,1,7,3,15,4,3,1,4,2,17,10,3,877842
108582,1,13,6,15,8,3,1,7,4,15,8,2,0,6,3,15,10,3,0,4,2,12,7,2,0,9,4,12,3,3,334345
109683,0,6,3,12,5,2,1,11,5,15,8,3,0,6,3,15,10,2,1,6,3,17,5,2,1,9,5,15,4,2,337430
297199,0,7,3,12,9,3,0,4,2,15,9,2,1,6,3,17,4,2,0,9,5,12,6,2,1,4,2,17,7,2,921822
120017,1,4,2,17,8,3,0,4,2,12,5,2,1,4,2,17,3,3,0,6,3,15,2,3,0,4,2,12,2,2,363397
116835,1,7,4,15,4,2,1,6,3,15,6,3,1,6,3,15,6,3,0,4,2,12,10,2,0,11,5,15,2,3,357392
240158,1,11,6,17,5,2,0,6,3,15,10,2,0,4,2,12,4,2,0,9,5,15,10,2,1,7,3,17,6,3,749635
114688,0,11,6,15,7,2,1,7,4,15,8,2,1,6,3,15,8,2,0,11,6,12,2,2,1,9,5,15,9,2,353428
101489,0,4,2,15,2,2,1,11,6,17,3,2,1,7,3,17,8,3,0,7,4,12,6,2,1,6,3,15,1,2,313028
219766,0,4,2,15,8,2,1,11,5,17,10,3,1,6,3,17,6,3,0,6,3,15,6,3,0,7,4,12,5,2,684812
158174,1,7,3,17,10,3,1,13,6,17,8,3,1,9,4,17,2,3,0,7,4,15,9,2,1,11,5,17,10,3,495332
162177,1,13,6,15,8,3,0,6,3,15,5,2,0,4,2,12,1,3,1,6,3,17,2,2,1,7,3,15,9,3,499992
188472,0,4,2,12,8,3,1,4,2,15,2,2,1,9,5,15,3,2,0,7,3,15,1,3,0,6,3,12,8,3,576516
246514,0,6,3,15,1,2,1,4,2,15,4,3,0,13,6,12,5,3,1,7,4,17,8,2,0,7,4,15,6,2,765025
252787,0,9,5,12,3,2,1,9,5,15,5,2,1,11,5,15,3,3,0,11,6,12,5,2,1,7,4,17,7,2,782453
286921,1,4,2,15,10,2,1,6,3,17,7,2,1,9,5,15,7,2,0,4,2,15,10,3,0,6,3,15,9,3,888634
205583,0,11,6,12,4,2,1,6,3,17,10,2,1,13,6,17,6,3,0,13,6,15,1,3,1,4,2,17,4,3,641245
225666,1,11,6,17,7,2,1,4,2,15,1,3,1,7,4,15,2,2,0,4,2,15,8,3,1,7,3,17,1,3,699867
143684,0,6,3,12,6,3,1,9,5,17,4,2,1,13,6,15,7,3,0,6,3,12,9,2,0,11,5,15,7,3,445624
234466,1,7,3,15,7,3,0,7,3,12,2,3,1,11,6,17,9,2,1,13,6,15,4,3,1,4,2,17,7,3,731180
119068,0,7,4,12,5,2,0,9,5,12,4,2,1,11,5,17,3,3,1,11,6,15,7,2,1,7,4,17,10,2,369977
107133,0,6,3,15,6,2,1,6,3,15,7,3,0,6,3,15,10,3,0,9,5,15,1,2,0,4,2,15,6,2,326134
165165,0,6,3,12,3,3,1,7,4,15,9,2,1,4,2,15,8,2,1,11,6,17,9,2,1,4,2,15,5,3,514911
292703,1,11,6,15,7,2,0,13,6,15,2,3,0,4,2,15,3,3,0,4,2,15,10,3,0,11,5,12,2,3,896018
174126,0,9,5,12,6,2,1,4,2,17,2,2,1,11,6,15,5,2,0,6,3,12,10,2,0,4,2,12,6,2,533187
103843,1,9,5,17,9,2,1,11,5,17,4,3,1,7,3,17,5,3,0,11,6,12,8,2,0,4,2,15,5,2,324468
180259,1,7,3,17,1,3,1,9,5,15,5,2,1,9,5,17,1,2,0,9,4,15,2,3,0,9,4,15,10,3,547908
129609,0,11,6,15,1,2,0,6,3,15,7,2,1,4,2,17,8,2,0,4,2,15,6,3,1,6,3,15,9,3,399601
159050,0,9,4,15,3,3,1,6,3,15,8,3,0,7,3,15,10,3,0,9,5,15,5,2,0,9,5,12,9,2,488693
196117,0,4,2,12,6,2,1,4,2,15,1,3,1,4,2,17,7,3,0,9,4,15,8,3,1,7,3,17,6,3,610991
122865,1,6,3,17,3,2,1,11,6,17,6,2,1,6,3,15,6,2,0,4,2,12,6,3,1,11,6,15,8,2,379954
171250,0,9,4,12,9,3,0,7,4,12,4,2,0,9,5,12,3,2,1,9,5,15,5,2,0,13,6,15,1,3,518277
127219,1,6,3,15,7,3,0,9,4,15,3,3,0,4,2,15,7,3,0,7,3,12,5,3,1,9,5,15,7,2,391451
131687,0,9,4,15,8,3,1,9,4,17,7,3,1,4,2,15,2,3,0,11,6,12,2,2,0,6,3,15,10,2,405863
197132,1,6,3,15,9,3,0,9,4,15,8,3,1,7,3,17,3,3,0,9,4,12,6,3,1,7,3,17,1,3,607897
197323,0,6,3,15,10,3,0,9,5,15,7,2,1,4,2,17,8,3,0,7,4,12,10,2,1,11,5,17,4,3,615008
234354,0,11,5,15,10,3,0,13,6,12,9,3,0,9,5,12,7,2,0,7,3,12,6,3,0,11,5,12,1,3,716425
245932,0,4,2,15,6,3,1,7,4,15,1,2,0,9,4,12,6,3,1,11,5,15,7,3,0,13,6,12,6,3,754655
280973,0,11,6,15,10,2,0,9,4,12,3,3,0,9,5,15,10,2,1,13,6,17,10,3,1,9,5,17,3,2,877338
211599,0,7,4,12,10,2,1,11,6,15,7,2,1,4,2,17,7,2,1,7,3,17,7,3,0,9,4,15,4,3,660751
200355,1,11,6,15,3,2,1,7,3,15,7,3,0,4,2,12,1,2,1,4,2,17,8,3,0,11,6,15,5,2,620270
173126,0,6,3,12,3,2,1,9,5,15,9,2,0,11,6,12,6,2,0,9,4,15,9,3,0,9,5,15,10,2,528797
153142,0,4,2,12,3,3,0,7,4,12,7,2,1,6,3,17,5,3,0,9,4,15,6,3,1,9,5,17,4,2,476242
297899,0,11,6,15,8,2,0,7,4,15,3,2,0,6,3,15,3,3,0,4,2,12,8,3,0,4,2,15,2,3,913814
265852,1,11,5,17,4,3,0,6,3,15,10,3,0,9,5,12,8,2,0,7,3,15,9,3,1,6,3,15,1,2,820479
210194,0,11,5,15,3,3,1,9,5,17,5,2,1,11,5,15,6,3,1,4,2,17,8,3,1,9,5,17,9,2,655641
209153,0,7,4,12,9,2,1,11,6,17,5,2,0,11,6,15,2,2,0,6,3,12,6,2,0,7,3,12,5,3,640324
280035,1,11,5,15,1,3,1,13,6,17,7,3,0,6,3,12,4,3,0,4,2,15,10,3,1,7,4,15,10,2,871238
278707,0,7,3,12,9,3,0,9,5,15,8,2,0,7,4,12,10,2,0,11,5,12,6,3,0,11,6,15,6,2,854422
202385,0,6,3,15,3,3,0,11,6,15,2,2,1,4,2,17,5,2,0,7,4,12,8,2,0,13,6,12,4,3,626047
258831,0,11,6,12,8,2,0,4,2,12,1,3,1,11,6,15,1,2,0,6,3,15,10,2,1,6,3,17,9,2,798262
273208,1,7,4,17,1,2,0,7,4,15,2,2,1,9,5,15,3,2,0,6,3,15,2,2,0,9,4,12,7,3,833739
287660,0,9,5,15,9,2,0,11,6,12,3,2,0,6,3,12,5,2,0,4,2,15,7,2,1,4,2,15,2,2,880709
212445,1,11,6,15,4,2,1,9,4,17,10,3,1,11,6,15,4,2,0,9,5,15,5,2,0,7,4,12,9,2,657243
128495,0,13,6,15,7,3,1,7,3,15,4,3,1,9,4,15,2,3,0,4,2,15,3,3,0,9,5,12,8,2,393330
256643,0,11,5,12,9,3,1,11,5,17,5,3,1,4,2,17,6,3,0,9,5,12,2,2,0,7,3,12,5,3,793337
202228,0,7,4,12,7,2,1,9,4,17,10,3,0,11,6,15,1,2,0,13,6,12,9,3,1,6,3,15,6,3,628160
196806,0,6,3,15,10,2,0,4,2,15,4,3,1,11,5,15,10,3,0,7,4,15,10,2,0,11,5,15,8,3,606133
176428,0,4,2,12,6,2,1,11,5,15,1,3,0,6,3,12,4,3,1,11,5,17,3,3,0,7,4,12,4,2,535286
103680,0,6,3,15,2,3,0,6,3,12,9,3,1,11,6,15,2,2,1,4,2,15,1,2,0,13,6,15,6,3,318140
252726,0,13,6,15,4,3,0,11,6,15,10,2,0,11,5,12,4,3,1,13,6,15,1,3,0,7,3,15,10,3,776327
133911,0,9,4,15,7,3,1,9,5,17,8,2,1,6,3,15,4,2,1,6,3,17,7,2,1,11,5,15,4,3,415643
294173,0,4,2,12,4,2,1,4,2,17,6,2,1,7,4,17,4,2,0,11,5,12,4,3,0,7,3,12,5,3,903658
211002,1,9,4,17,7,3,1,4,2,15,8,3,1,6,3,15,2,3,1,11,5,17,9,3,0,7,4,15,3,2,657800
228881,1,7,4,17,3,2,0,4,2,15,4,2,1,7,3,15,10,3,0,4,2,15,1,2,0,11,6,12,9,2,703207
108658,1,11,5,17,10,3,1,13,6,17,9,3,0,6,3,15,9,2,1,7,4,15,4,2,1,4,2,17,9,3,340555
233417,1,13,6,15,10,3,0,6,3,15,2,3,0,13,6,15,2,3,0,7,4,12,8,2,1,6,3,15,7,2,715526
220163,1,9,4,15,1,3,0,11,6,15,4,2,0,7,3,12,6,3,0,6,3,15,7,3,0,7,4,12,6,2,672416
112681,1,6,3,15,8,3,0,11,5,15,4,3,1,4,2,15,3,3,1,6,3,17,3,3,1,11,5,17,3,3,348161
228459,1,7,4,15,8,2,1,6,3,15,2,2,0,11,5,12,3,3,1,4,2,15,8,2,0,9,5,12,6,2,701555
286931,0,6,3,15,5,2,1,11,6,15,3,2,1,11,5,17,10,3,0,7,3,15,2,3,0,7,3,15,10,3,888887
238188,0,6,3,12,3,3,1,11,5,17,4,3,1,7,3,17,3,3,1,4,2,17,3,2,0,4,2,12,10,2,737053
277795,1,4,2,17,1,3,0,4,2,15,4,2,1,4,2,15,10,2,1,9,4,17,7,3,1,6,3,17,2,2,858091
285714,0,11,6,12,6,2,1,13,6,17,8,3,0,9,5,12,8,2,1,13,6,15,10,3,1,7,4,17,2,2,886151
124762,1,11,5,15,9,3,0,9,5,15,3,2,0,13,6,12,4,3,1,11,6,15,1,2,1,4,2,15,6,3,382471
155205,1,9,5,15,10,2,1,4,2,17,6,3,1,11,5,15,7,3,1,13,6,17,3,3,0,6,3,15,3,2,483371
133132,0,7,3,12,10,3,1,11,6,17,9,2,0,6,3,15,3,2,1,11,6,15,9,2,0,11,6,15,2,2,412371
166023,1,9,5,15,7,2,1,11,5,17,4,3,1,11,6,15,2,2,0,7,3,12,8,3,1,4,2,17,8,2,515957
247575,1,9,5,17,8,2,0,4,2,12,4,2,0,11,5,12,7,3,1,6,3,17,9,2,1,6,3,15,2,2,769425
224073,0,9,5,15,5,2,0,11,6,15,6,2,0,9,4,12,3,3,1,11,5,15,6,3,1,7,3,15,6,3,686462
295936,0,11,5,15,4,3,1,9,5,17,8,2,0,9,4,15,10,3,1,11,5,15,10,3,0,4,2,15,7,2,918481
250656,1,4,2,17,1,2,1,7,4,17,5,2,1,11,5,17,9,3,1,4,2,15,3,3,1,9,5,15,4,2,779574
229941,1,9,4,15,9,3,1,6,3,15,3,2,0,9,5,12,1,2,1,9,5,17,6,2,0,7,3,12,10,3,708211
144861,0,7,3,12,5,3,1,4,2,17,6,3,1,9,5,17,9,2,1,6,3,15,4,2,0,13,6,15,7,3,451546
276845,0,4,2,15,7,3,1,11,5,15,3,3,0,9,5,12,9,2,1,9,4,17,3,3,1,13,6,15,9,3,857121
169505,1,4,2,15,4,3,1,7,3,15,10,3,0,13,6,12,1,3,0,11,6,12,4,2,1,4,2,15,7,3,518818
226123,0,13,6,15,9,3,1,7,4,15,1,2,0,4,2,15,10,3,1,4,2,17,3,2,1,7,4,17,5,2,702177
168031,1,7,4,17,4,2,0,11,6,15,1,2,1,9,5,15,5,2,1,13,6,17,5,3,0,4,2,12,8,3,520510
157115,1,7,3,17,2,3,0,7,3,12,9,3,0,11,5,12,7,3,0,6,3,12,1,3,1,13,6,15,9,3,482584
170864,0,11,6,15,1,2,1,7,3,17,9,3,0,9,4,12,5,3,0,4,2,15,7,3,1,7,4,15,10,2,530590
140049,1,9,5,17,6,2,1,9,4,15,4,3,1,11,5,17,5,3,0,11,6,12,6,2,0,13,6,12,7,3,434187
253768,1,11,5,17,10,3,0,6,3,15,4,3,0,9,5,15,9,2,1,9,4,17,10,3,1,4,2,17,6,2,793283
149105,1,7,3,15,10,3,1,11,6,15,2,2,0,4,2,15,4,3,0,4,2,15,10,3,1,4,2,15,6,3,456232
179690,1,7,3,15,4,3,1,9,5,17,8,2,0,4,2,12,10,2,1,9,4,17,7,3,0,11,5,12,9,3,558643
250565,0,9,5,12,9,2,0,13,6,15,7,3,1,4,2,17,1,2,0,4,2,12,5,3,1,13,6,17,2,3,770298
254762,0,9,5,12,8,2,0,6,3,15,2,3,0,6,3,12,7,2,0,11,5,12,1,3,1,7,4,15,4,2,777874
191421,0,9,4,15,2,3,1,11,6,17,10,2,0,7,4,15,10,2,0,13,6,15,10,3,0,4,2,12,4,3,597193
230237,0,4,2,15,5,3,0,7,4,15,7,2,1,4,2,15,9,3,1,9,5,17,7,2,0,11,6,12,4,2,714866
139168,0,9,5,15,4,2,1,6,3,17,2,3,0,11,6,15,6,2,1,11,5,17,4,3,1,11,6,17,3,2,429345
180424,1,6,3,17,5,3,1,11,5,15,5,3,1,11,5,17,10,3,1,11,5,17,4,3,0,6,3,15,3,2,555832
257676,0,6,3,15,7,2,1,9,5,17,4,2,0,11,5,12,9,3,1,4,2,15,10,2,1,7,3,17,2,3,800185
261585,0,7,3,15,1,3,0,11,5,12,8,3,1,6,3,15,10,2,0,13,6,15,3,3,0,9,4,12,1,3,803457
144848,0,6,3,12,7,2,0,11,5,15,10,3,1,9,5,17,4,2,1,11,6,15,2,2,0,4,2,15,10,3,448807
192080,1,7,3,17,8,3,1,9,5,17,4,2,0,9,4,15,5,3,0,7,3,12,4,3,1,4,2,17,10,3,601416
211811,1,4,2,17,1,2,1,7,3,17,5,3,1,6,3,17,2,2,1,7,4,17,3,2,0,7,4,15,1,2,647272
109768,1,6,3,17,4,2,0,9,4,12,8,3,0,7,4,12,5,2,1,4,2,17,8,2,0,6,3,12,8,2,338721
165746,0,11,6,12,4,2,0,4,2,12,4,2,0,6,3,12,8,2,0,4,2,15,7,3,1,11,5,17,6,3,510295
214530,1,6,3,17,7,2,0,4,2,12,2,3,0,11,6,15,1,2,0,4,2,12,10,3,1,9,4,15,4,3,659686
198218,0,7,4,15,6,2,0,13,6,15,9,3,1,13,6,17,1,3,0,6,3,12,6,2,0,11,6,15,9,2,613691
197953,0,7,3,12,6,3,1,9,5,17,6,2,1,13,6,15,2,3,1,4,2,17,4,3,1,7,3,17,6,3,614521
123607,0,6,3,15,6,2,1,6,3,15,10,3,1,6,3,17,1,3,0,6,3,15,10,3,0,13,6,12,10,3,377425
127424,0,7,3,15,2,3,1,6,3,15,1,2,1,9,5,15,9,2,1,9,5,17,10,2,0,6,3,15,7,2,396119
158196,0,9,4,15,10,3,1,6,3,17,1,3,0,7,4,12,7,2,0,4,2,12,6,2,0,6,3,12,8,2,487556
117360,0,13,6,12,9,3,0,11,6,12,8,2,0,7,3,12,1,3,0,13,6,12,7,3,1,11,6,17,7,2,360705
244082,0,11,5,12,5,3,1,11,6,15,4,2,0,7,4,15,5,2,0,11,5,15,8,3,0,9,4,12,6,3,745544
146331,0,11,6,15,8,2,0,6,3,15,9,3,1,4,2,15,6,3,1,9,5,17,10,2,1,7,3,17,10,3,458307
172236,0,6,3,15,9,2,0,9,4,12,10,3,1,9,4,15,9,3,0,7,4,15,1,2,1,9,4,15,8,3,527803
257789,0,11,5,15,1,3,1,6,3,17,4,2,0,6,3,12,6,2,1,4,2,15,3,3,0,11,6,12,6,2,788768
294680,1,6,3,17,2,2,0,11,6,15,4,2,1,6,3,15,4,2,0,9,4,15,7,3,1,6,3,17,10,2,909990
296451,0,4,2,15,8,2,0,7,3,12,10,3,0,4,2,15,2,2,1,4,2,15,6,2,0,11,6,15,4,2,905387
162472,1,7,3,17,1,3,1,9,5,17,10,2,1,6,3,17,3,3,1,11,6,17,9,2,1,4,2,17,7,2,509019
112600,1,7,4,15,4,2,1,7,4,15,3,2,0,9,4,12,9,3,1,6,3,15,4,3,0,7,3,12,10,3,344159
224556,0,11,6,12,4,2,0,7,4,12,1,2,0,7,4,15,8,2,0,6,3,12,2,3,0,7,3,12,9,3,682391
168223,1,9,5,15,3,2,0,6,3,15,10,2,0,11,6,12,6,2,1,9,5,17,6,2,1,11,5,15,9,3,520392
226000,0,9,4,15,5,3,0,4,2,12,8,2,0,7,4,12,6,2,1,6,3,17,6,2,1,9,4,15,4,3,696794
184936,1,6,3,15,2,2,0,4,2,12,2,3,0,4,2,12,10,3,0,7,3,15,5,3,1,13,6,17,10,3,572624
118784,0,9,5,12,8,2,1,11,6,15,3,2,0,6,3,15,8,2,0,6,3,15,1,2,1,9,4,17,3,3,364975
216610,0,13,6,12,10,3,1,4,2,15,3,2,1,9,4,17,7,3,0,7,4,12,10,2,1,9,5,15,6,2,669763
287699,1,7,4,15,7,2,0,9,4,12,1,3,1,11,5,15,10,3,0,6,3,12,8,3,0,4,2,12,10,2,883368
113160,0,7,4,12,4,2,0,6,3,15,8,2,0,4,2,15,7,3,0,9,4,12,9,3,0,9,5,12,1,2,345378
216974,1,4,2,17,4,2,1,11,6,15,9,2,0,9,4,12,5,3,1,7,4,15,5,2,0,7,4,12,8,2,671901
116655,1,7,4,15,2,2,1,11,6,17,1,2,0,6,3,15,10,2,1,9,5,17,8,2,1,4,2,15,4,2,363993
154133,0,4,2,15,5,3,0,13,6,12,8,3,1,9,5,15,6,2,1,11,6,17,4,2,0,4,2,15,9,2,476824
177642,1,9,5,17,1,2,1,11,5,15,8,3,0,7,3,15,6,3,1,7,4,17,3,2,0,7,3,15,9,3,547961
294146,0,9,5,15,1,2,1,11,6,17,3,2,1,4,2,17,4,2,1,4,2,15,4,3,0,7,3,15,6,3,908897
276450,1,4,2,17,2,3,1,7,4,15,3,2,1,7,3,17,6,3,0,6,3,15,2,3,0,4,2,15,3,3,849628
206329,0,4,2,12,7,2,0,13,6,12,9,3,0,7,4,12,7,2,0,7,3,15,1,3,0,13,6,12,10,3,621924
216507,1,13,6,17,10,3,1,9,4,17,9,3,1,9,5,17,1,2,1,11,5,17,1,3,0,11,5,12,4,3,673597
103161,1,11,5,17,2,3,0,7,4,12,10,2,1,13,6,15,1,3,1,13,6,15,9,3,0,4,2,15,1,2,317421
118407,1,6,3,17,6,2,1,4,2,15,10,2,1,11,5,15,9,3,0,6,3,15,5,3,0,6,3,12,3,2,365458
292189,1,4,2,15,2,3,1,13,6,15,5,3,0,11,6,15,7,2,0,9,4,12,8,3,1,9,5,17,10,2,911045
265296,1,11,5,17,1,3,1,9,5,17,5,2,0,7,4,12,6,2,1,6,3,17,3,2,0,6,3,15,8,2,824356
120162,0,13,6,12,3,3,0,7,3,12,4,3,1,7,4,17,8,2,1,4,2,15,10,3,0,9,4,15,10,3,374231
224815,0,4,2,15,8,2,1,9,4,15,5,3,1,6,3,15,8,3,0,9,4,12,9,3,0,9,4,15,10,3,688917
282150,0,9,4,15,2,3,1,9,4,17,2,3,0,6,3,15,10,2,1,7,3,17,10,3,0,7,4,12,5,2,875644
186545,1,7,4,17,9,2,0,6,3,15,6,3,1,11,6,17,10,2,1,9,5,17,4,2,1,6,3,15,8,3,584821
120186,0,7,4,15,8,2,1,4,2,17,4,2,0,6,3,12,9,2,0,13,6,15,8,3,0,7,4,12,2,2,370729
261987,1,7,3,17,8,3,1,6,3,17,10,3,1,9,4,15,1,3,0,13,6,12,4,3,1,9,4,17,4,3,816970
123246,1,4,2,15,3,3,0,4,2,12,1,3,0,6,3,15,4,3,1,4,2,17,6,2,0,7,4,12,4,2,375938
243893,0,6,3,12,2,3,1,4,2,17,2,3,1,11,5,17,7,3,0,11,6,15,6,2,0,11,5,15,1,3,748705
101410,1,9,5,17,3,2,0,4,2,12,10,3,0,7,3,12,1,3,0,7,4,12,2,2,0,11,5,12,10,3,310556
140581,1,6,3,17,7,2,1,6,3,17,6,3,1,6,3,15,8,2,1,11,6,15,5,2,1,7,3,17,10,3,437120
132260,0,4,2,12,4,3,0,4,2,15,3,2,0,13,6,15,1,3,1,11,5,15,9,3,1,13,6,17,1,3,405102
296786,0,7,4,12,2,2,0,7,4,15,1,2,1,4,2,17,7,3,1,9,4,17,4,3,1,13,6,15,2,3,919637
186385,1,6,3,15,5,3,1,11,6,15,2,2,1,6,3,15,7,3,0,9,5,12,6,2,0,4,2,12,6,3,567976
235919,1,6,3,17,3,3,1,4,2,15,5,3,1,9,4,15,2,3,1,11,5,15,2,3,1,11,6,15,10,2,731098
274158,0,6,3,15,2,2,1,7,4,15,8,2,0,11,5,12,8,3,1,9,4,15,4,3,1,13,6,17,6,3,852741
278420,0,6,3,15,10,3,0,13,6,15,6,3,0,13,6,15,1,3,1,9,4,17,8,3,0,7,3,15,2,3,863616
209627,1,7,4,17,1,2,0,6,3,12,10,2,0,6,3,15,3,3,1,13,6,15,4,3,0,4,2,15,7,3,646660
208776,1,9,5,17,1,2,1,11,5,17,7,3,0,11,5,12,7,3,1,6,3,15,9,2,0,9,5,12,5,2,645430
261104,0,7,4,15,3,2,0,11,6,15,3,2,1,7,4,17,4,2,0,4,2,12,5,2,0,11,5,15,2,3,801903
190949,0,9,5,15,10,2,1,9,4,17,7,3,0,7,3,12,5,3,0,9,5,12,5,2,0,4,2,12,5,3,590641
250867,0,4,2,15,7,3,1,11,5,15,7,3,1,4,2,15,6,3,0,7,3,15,5,3,0,11,6,12,7,2,768114
278448,0,7,4,15,5,2,0,9,4,15,7,3,1,7,4,15,4,2,1,11,5,17,6,3,0,7,3,12,6,3,861898
167935,0,11,6,15,4,2,1,7,4,17,9,2,0,11,5,12,10,3,0,9,5,15,7,2,0,9,4,12,4,3,522454
139534,1,7,4,17,1,2,0,11,6,12,5,2,0,4,2,15,1,2,0,9,5,12,4,2,0,11,5,12,1,3,423429
101275,0,11,6,15,9,2,1,6,3,15,6,2,0,7,3,12,3,3,1,9,5,17,5,2,1,7,4,15,2,2,313027
195010,0,7,3,15,6,3,0,7,4,12,9,2,0,6,3,15,6,2,1,7,3,17,1,3,0,6,3,15,10,3,600504
161144,1,13,6,17,5,3,1,11,5,17,9,3,0,13,6,12,2,3,0,4,2,15,6,2,0,4,2,15,2,2,500030
278191,1,9,4,15,8,3,1,6,3,17,5,2,1,9,5,15,10,2,0,6,3,15,8,2,0,11,6,12,6,2,858807
214813,1,11,6,17,6,2,1,4,2,15,9,2,1,6,3,15,10,2,1,13,6,17,6,3,1,11,6,15,1,2,670032
167139,1,11,5,17,6,3,1,11,6,17,2,2,0,9,4,15,9,3,0,4,2,12,6,2,1,11,6,15,9,2,516488
289029,0,9,4,12,7,3,1,13,6,17,2,3,1,9,5,17,6,2,1,6,3,17,9,2,1,13,6,15,9,3,899684
139097,1,7,4,17,3,2,0,9,5,12,6,2,0,9,5,12,4,2,0,9,5,12,8,2,0,4,2,15,8,3,429127
140250,0,13,6,12,7,3,0,7,4,12,3,2,1,4,2,15,2,2,0,11,5,12,9,3,0,9,4,15,1,3,425341
106337,0,7,3,12,7,3,1,7,3,15,2,3,1,9,4,17,9,3,1,7,4,15,8,2,1,11,6,17,2,2,329461
270623,1,9,5,15,3,2,0,11,6,12,6,2,0,4,2,15,7,2,0,9,4,15,5,3,1,9,5,15,3,2,826003
154018,0,9,4,15,1,3,1,7,4,15,9,2,0,7,4,12,8,2,1,9,5,15,2,2,1,6,3,17,6,2,477693
131170,1,9,5,17,2,2,0,4,2,12,2,3,0,6,3,12,5,2,1,11,6,17,8,2,0,11,6,15,6,2,406387
106642,1,11,6,15,9,2,1,13,6,17,2,3,0,13,6,15,10,3,0,7,4,15,7,2,0,9,4,12,7,3,330016
269220,1,9,5,15,7,2,1,4,2,17,3,2,0,6,3,15,3,3,1,4,2,17,4,2,1,9,5,15,4,2,829077
203855,1,9,5,17,8,2,1,6,3,15,4,2,1,11,6,15,1,2,1,6,3,17,2,2,0,11,5,15,5,3,630310
164657,1,4,2,15,3,3,1,6,3,15,9,2,1,7,3,17,1,3,1,4,2,17,6,3,0,6,3,12,7,3,507010
143572,0,9,4,15,2,3,1,9,4,15,5,3,0,4,2,15,5,2,0,7,3,12,3,3,1,9,4,15,3,3,437013
275710,1,4,2,15,9,3,0,7,4,12,8,2,0,6,3,15,3,2,1,11,6,17,8,2,0,6,3,15,4,3,855205
291757,0,7,3,15,6,3,0,9,5,12,3,2,1,13,6,17,4,3,1,4,2,15,9,2,0,13,6,15,6,3,901767
283612,0,13,6,15,4,3,1,11,5,15,10,3,0,13,6,12,5,3,0,9,4,12,9,3,0,6,3,15,4,2,869948
136525,0,9,4,15,8,3,1,11,6,17,3,2,1,7,3,17,3,3,0,9,5,12,6,2,0,7,3,12,3,3,420617
139660,1,4,2,15,2,2,1,4,2,17,1,2,0,11,6,15,8,2,0,9,5,12,9,2,1,13,6,17,4,3,431705
200862,1,13,6,17,4,3,0,11,6,15,5,2,0,13,6,12,4,3,0,9,4,12,8,3,0,4,2,15,7,2,617678
122937,1,4,2,15,5,3,0,7,3,12,8,3,0,6,3,12,1,3,0,9,4,12,9,3,1,4,2,15,10,3,376127
108292,1,9,5,15,7,2,1,9,4,17,1,3,0,11,5,15,2,3,1,4,2,17,2,2,0,6,3,15,10,2,334707
115053,1,9,5,15,4,2,1,7,4,17,1,2,1,6,3,17,7,2,0,4,2,15,9,3,0,13,6,12,1,3,357668
133824,0,6,3,15,2,3,1,4,2,17,1,2,0,13,6,15,5,3,0,11,5,15,1,3,1,11,5,17,9,3,413796
100757,0,9,5,15,8,2,0,4,2,15,10,2,0,4,2,12,5,3,1,4,2,15,6,3,0,4,2,12,4,2,306863
176014,1,7,4,17,4,2,0,6,3,12,8,2,1,11,5,17,2,3,0,9,5,12,2,2,0,13,6,12,5,3,545497
256566,0,6,3,15,4,3,0,6,3,15,4,2,0,11,6,12,9,2,0,11,5,12,6,3,0,4,2,12,7,3,778793
205139,0,7,4,15,8,2,0,11,5,12,4,3,1,13,6,15,9,3,0,4,2,12,3,2,0,9,5,12,4,2,628937
277247,1,11,5,17,4,3,1,11,5,15,3,3,1,7,3,15,1,3,0,7,4,15,1,2,0,7,3,15,9,3,840344
223963,0,4,2,12,8,3,1,4,2,17,6,3,1,6,3,15,6,3,1,11,5,15,5,3,0,4,2,15,4,2,691253
275353,0,11,5,15,4,3,0,11,6,15,3,2,0,4,2,12,9,2,1,7,4,15,8,2,1,13,6,15,3,3,845691
224859,1,4,2,17,7,3,0,7,4,12,3,2,0,4,2,12,9,2,0,7,3,12,2,3,1,4,2,15,5,3,687057
291977,0,9,4,15,3,3,1,4,2,17,4,2,1,6,3,17,5,2,0,9,5,15,7,2,1,13,6,17,5,3,908069
264596,1,7,3,17,7,3,1,4,2,17,4,3,0,9,4,15,3,3,0,11,6,12,10,2,1,11,5,17,1,3,824048
138198,0,9,5,12,4,2,1,7,4,17,5,2,0,7,4,15,6,2,0,7,3,15,5,3,1,9,4,17,10,3,427621
228600,1,4,2,15,1,2,1,6,3,17,8,3,0,6,3,15,5,2,0,6,3,15,8,2,1,7,3,15,6,3,704089
227393,0,4,2,12,5,2,1,9,5,15,3,2,0,7,4,15,9,2,1,9,4,17,8,3,0,11,5,15,3,3,704842
139176,1,9,5,15,6,2,1,9,4,17,8,3,1,6,3,17,2,2,0,4,2,12,2,3,1,4,2,17,8,3,431103
251031,1,6,3,15,1,3,0,11,5,12,4,3,1,11,6,15,3,2,0,6,3,12,6,3,0,9,4,12,10,3,763081
276341,0,7,3,12,3,3,1,4,2,17,1,2,1,4,2,15,10,3,0,6,3,12,3,2,0,6,3,12,5,2,842218
121406,1,4,2,17,9,2,1,9,4,15,3,3,1,11,6,17,3,2,1,4,2,17,2,2,0,6,3,12,7,3,376719
194429,0,9,4,12,8,3,0,13,6,15,9,3,1,7,3,15,8,3,1,7,3,15,2,3,0,7,3,15,8,3,593404
176491,0,6,3,12,9,2,0,4,2,15,8,3,1,7,4,15,7,2,1,4,2,17,5,2,1,9,5,15,9,2,546841
112504,0,4,2,12,1,3,1,11,6,17,8,2,1,9,5,15,6,2,1,6,3,17,6,2,1,6,3,15,10,2,350616
126515,0,4,2,12,5,3,1,13,6,17,10,3,0,9,4,12,1,3,1,11,5,15,9,3,1,6,3,15,9,3,394436
181547,1,7,3,17,4,3,1,4,2,17,9,3,1,13,6,15,5,3,0,4,2,15,6,2,1,9,4,15,8,3,566019
228241,1,6,3,15,8,2,0,6,3,12,3,3,0,9,5,12,3,2,0,7,4,12,4,2,1,6,3,15,1,2,688438
273750,0,11,5,15,6,3,1,4,2,15,7,2,1,6,3,17,5,2,1,9,5,17,10,2,0,6,3,12,4,2,853358
117068,0,7,3,12,10,3,0,11,5,12,7,3,0,6,3,12,6,2,1,9,5,15,6,2,0,9,5,12,2,2,357755
143550,1,6,3,15,1,2,0,13,6,12,7,3,1,6,3,17,4,2,0,4,2,12,9,3,0,9,5,15,9,2,443046
231149,1,6,3,15,6,3,0,4,2,15,2,2,0,4,2,12,10,3,1,9,5,17,6,2,1,4,2,15,10,3,714864
265621,0,11,5,15,3,3,0,6,3,12,4,2,1,6,3,15,4,3,0,4,2,12,7,3,1,6,3,15,7,2,806843
193946,1,13,6,15,8,3,0,7,4,15,7,2,1,11,6,17,1,2,1,13,6,15,10,3,1,4,2,17,6,2,602043
284287,0,4,2,12,9,2,1,11,5,17,1,3,0,4,2,15,8,2,1,4,2,15,9,2,1,6,3,17,9,3,878952
179785,0,7,3,12,7,3,0,7,3,12,6,3,0,11,6,15,2,2,1,7,4,15,3,2,1,7,4,15,7,2,544871
236795,1,9,4,17,10,3,0,6,3,15,3,2,0,6,3,12,5,2,0,4,2,15,8,2,0,6,3,12,6,2,731525
134332,1,7,3,15,7,3,0,11,5,12,7,3,0,9,5,15,3,2,0,6,3,15,1,3,0,7,4,12,4,2,411859
259488,1,4,2,17,1,2,1,6,3,17,9,3,1,6,3,15,10,2,1,7,4,17,4,2,0,11,6,15,2,2,807140
212672,0,6,3,12,1,2,1,9,5,15,8,2,0,11,6,15,2,2,1,6,3,17,7,3,0,11,5,12,4,3,657219
268028,1,6,3,15,8,2,0,11,6,15,7,2,1,6,3,17,7,2,1,6,3,17,1,3,1,4,2,17,4,3,831185
260689,0,7,4,15,7,2,0,9,5,12,3,2,0,9,5,15,3,2,0,11,5,12,1,3,1,6,3,15,6,3,800342
295122,1,6,3,15,4,3,1,13,6,15,1,3,0,4,2,12,5,2,1,13,6,15,4,3,1,11,5,17,3,3,904251
298415,1,4,2,17,10,2,1,11,6,17,2,2,1,9,4,17,6,3,1,4,2,15,3,2,1,11,5,17,6,3,927372
167735,1,6,3,15,7,2,0,11,6,12,6,2,1,13,6,17,8,3,0,7,3,15,6,3,0,4,2,12,1,2,520138
121192,0,11,6,12,3,2,1,7,3,17,3,3,1,13,6,17,4,3,0,13,6,15,10,3,0,6,3,15,8,3,376043
155821,0,6,3,15,2,2,1,11,5,15,10,3,0,9,4,15,7,3,1,9,5,15,10,2,1,9,5,15,1,2,478499
193276,1,11,6,17,2,2,0,7,3,12,5,3,0,11,5,15,2,3,1,6,3,15,6,2,1,7,3,17,8,3,596099
243541,0,11,6,15,9,2,0,13,6,12,4,3,0,11,6,15,4,2,1,9,5,17,9,2,1,7,4,17,3,2,761446
247574,0,11,6,12,6,2,1,4,2,17,8,3,1,4,2,15,8,3,0,11,6,15,2,2,1,9,5,15,5,2,763794
124662,1,9,4,17,1,3,1,6,3,17,5,2,1,13,6,17,4,3,0,7,3,12,2,3,0,11,6,15,8,2,386663
271203,0,6,3,15,7,2,1,9,5,15,4,2,0,7,4,12,8,2,1,7,4,15,3,2,0,7,4,15,5,2,828405
210435,0,6,3,15,3,3,1,11,5,15,7,3,1,4,2,15,5,3,0,11,6,12,1,2,0,6,3,12,5,2,639916
220966,1,13,6,17,7,3,1,6,3,17,1,2,0,9,5,15,6,2,0,4,2,12,4,2,1,4,2,15,3,2,681896
134049,1,11,6,17,8,2,1,4,2,15,1,2,0,11,6,12,3,2,0,9,5,15,10,2,0,4,2,12,9,2,415781
262843,0,4,2,15,8,3,0,7,3,12,10,3,1,11,6,15,8,2,1,4,2,17,2,2,0,4,2,12,8,3,810400
276237,0,11,5,12,10,3,1,9,5,17,5,2,0,9,5,12,1,2,1,4,2,17,10,2,1,9,4,15,3,3,857020
204555,1,9,4,17,6,3,1,9,4,15,4,3,1,6,3,15,7,2,1,11,5,15,8,3,1,7,3,15,9,3,634600
160703,1,11,6,17,6,2,0,7,4,15,9,2,1,9,4,15,9,3,1,9,4,15,6,3,0,11,5,15,6,3,498445
101767,1,9,4,17,7,3,0,4,2,15,5,2,1,7,3,17,10,3,1,7,4,15,6,2,0,13,6,15,2,3,316398
103020,0,9,5,12,10,2,0,4,2,12,1,2,0,9,4,12,2,3,0,4,2,15,2,3,0,7,3,15,2,3,311349
106872,1,9,5,17,1,2,0,6,3,15,4,3,1,4,2,15,10,2,1,6,3,15,10,2,1,11,5,17,8,3,332009
271682,0,13,6,12,9,3,0,7,4,15,8,2,1,4,2,15,1,3,0,7,4,15,9,2,0,7,3,12,9,3,832105
108205,1,9,5,17,4,2,1,9,5,17,9,2,0,7,4,12,8,2,0,6,3,12,10,2,1,11,5,17,4,3,336054
233400,1,13,6,17,9,3,1,4,2,17,8,3,0,11,6,15,6,2,1,6,3,15,4,2,1,7,4,17,7,2,730997
239901,1,9,5,15,9,2,0,6,3,15,2,3,1,11,5,17,6,3,1,4,2,17,5,3,1,7,4,17,3,2,749579
191944,1,11,6,15,2,2,1,4,2,17,2,2,1,7,3,17,8,3,0,4,2,12,4,2,0,11,6,15,5,2,592800
288114,0,7,3,15,5,3,0,7,4,15,5,2,1,7,4,15,2,2,1,11,6,15,8,2,1,4,2,17,9,3,894716
240796,1,11,6,17,4,2,0,9,4,15,9,3,1,11,6,17,6,2,0,9,4,15,6,3,1,11,5,17,1,3,741846
141723,1,4,2,17,7,2,1,9,5,15,2,2,1,6,3,17,8,3,1,11,5,17,4,3,1,9,5,15,8,2,442506
112157,0,6,3,15,10,2,1,6,3,17,6,2,0,13,6,15,10,3,0,4,2,15,1,2,0,11,6,15,2,2,347615
168839,0,7,4,12,4,2,0,7,4,15,7,2,0,11,5,15,4,3,1,4,2,17,5,2,1,7,3,17,8,3,521295
218964,0,4,2,15,4,2,0,11,6,12,3,2,0,7,4,12,10,2,0,7,3,15,7,3,0,4,2,15,8,3,670032
261827,0,11,6,12,9,2,1,11,5,17,8,3,0,4,2,15,9,3,1,13,6,15,2,3,1,4,2,17,4,2,814249
132489,0,4,2,15,4,2,1,9,4,15,7,3,1,13,6,17,6,3,1,13,6,17,8,3,1,4,2,15,10,2,409068
102430,0,9,5,15,3,2,1,4,2,17,3,2,1,6,3,15,5,2,1,7,3,15,4,3,1,6,3,15,2,3,314996
233262,0,9,5,12,2,2,1,9,5,17,7,2,1,13,6,15,8,3,0,4,2,12,5,2,0,11,5,12,10,3,723444
106169,1,4,2,15,2,3,1,9,4,17,6,3,0,4,2,12,3,3,0,9,4,15,4,3,0,4,2,12,10,2,323797
141112,0,6,3,12,5,2,1,11,6,15,1,2,1,4,2,15,7,3,1,4,2,17,5,2,0,7,4,12,2,2,433567
240194,0,4,2,15,6,2,0,9,5,12,10,2,1,7,4,17,9,2,0,4,2,12,3,2,1,7,4,17,9,2,747581
200345,0,6,3,12,6,3,1,4,2,15,7,3,1,11,6,17,5,2,0,9,5,15,6,2,0,11,6,15,5,2,620350
206708,0,4,2,12,9,2,0,13,6,15,7,3,1,11,6,15,4,2,0,9,4,12,5,3,1,9,5,17,5,2,637622
134992,0,9,5,12,9,2,1,6,3,17,9,2,0,4,2,12,1,2,0,11,6,12,8,2,1,4,2,15,9,2,419635
288217,0,11,6,12,4,2,1,11,5,15,6,3,1,7,3,17,3,3,1,7,4,15,1,2,1,11,6,15,9,2,879571
238469,0,4,2,15,9,3,1,4,2,15,4,2,0,7,4,15,1,2,1,7,4,15,6,2,1,11,5,17,8,3,740819
145416,1,11,6,17,1,2,0,4,2,12,7,3,0,4,2,15,6,3,1,7,4,17,1,2,0,6,3,15,8,2,448475
167998,1,7,4,17,2,2,1,9,4,17,3,3,1,6,3,15,2,3,0,9,4,12,2,3,0,7,4,15,9,2,519442
100925,1,13,6,15,2,3,0,11,6,15,4,2,0,7,4,12,10,2,0,11,5,12,3,3,1,4,2,17,8,3,312559
206211,1,4,2,15,9,3,0,13,6,15,5,3,1,11,6,17,5,2,0,9,4,12,9,3,1,6,3,17,9,3,644699
217805,0,6,3,12,7,3,1,7,4,15,3,2,1,7,4,15,9,2,0,4,2,15,6,2,1,9,5,15,1,2,670677
251985,1,11,6,15,3,2,0,9,5,15,4,2,0,11,6,12,9,2,0,11,5,12,2,3,1,7,4,17,9,2,782185
186761,0,7,4,15,6,2,1,7,4,17,6,2,1,11,5,17,8,3,0,7,3,12,10,3,0,7,4,15,4,2,575091
234716,1,7,3,15,5,3,0,11,6,12,10,2,0,11,6,15,5,2,0,11,6,15,6,2,0,11,5,12,8,3,714972
150817,0,6,3,15,7,3,1,6,3,17,10,3,1,6,3,15,10,2,0,9,4,15,6,3,1,7,4,15,5,2,467343
211335,0,7,3,15,4,3,0,9,4,15,3,3,0,6,3,12,10,3,1,9,4,15,4,3,0,6,3,15,3,3,642559
149911,0,11,6,12,7,2,1,6,3,15,6,2,1,7,4,15,4,2,0,7,4,15,5,2,1,9,4,15,9,3,461049
112094,0,4,2,12,10,2,0,7,4,15,5,2,1,11,6,15,6,2,0,4,2,15,6,2,1,4,2,17,1,2,345269
203225,0,6,3,12,2,2,1,6,3,15,9,2,1,4,2,15,5,3,1,6,3,17,1,2,1,4,2,15,9,3,621524
294689,0,6,3,12,7,2,1,11,6,15,1,2,1,11,5,15,1,3,1,7,3,15,4,3,1,7,4,17,2,2,899049
154405,1,4,2,17,7,3,0,4,2,15,1,2,1,6,3,17,10,3,1,4,2,15,5,3,1,9,5,15,1,2,477799
287832,0,13,6,15,10,3,1,9,4,15,7,3,0,11,6,12,2,2,0,4,2,12,9,3,0,9,4,12,8,3,880749
165364,0,7,4,15,6,2,0,4,2,12,5,2,0,7,3,15,2,3,0,6,3,15,6,2,0,9,4,15,1,3,505899
143798,0,6,3,12,7,2,0,6,3,12,7,2,0,11,6,12,6,2,0,11,5,12,10,3,1,11,6,15,3,2,433232
177039,0,13,6,15,9,3,1,11,5,17,5,3,0,4,2,12,10,3,0,11,5,15,9,3,1,9,5,15,9,2,550424
297003,1,9,4,17,6,3,0,11,6,15,4,2,0,13,6,15,7,3,1,11,5,15,5,3,1,6,3,15,10,3,920380
211597,0,6,3,15,2,2,1,7,3,15,1,3,1,11,5,15,9,3,1,4,2,15,6,2,1,7,4,17,9,2,658078
224448,0,11,6,12,5,2,1,7,4,15,10,2,1,9,4,15,6,3,0,7,4,15,10,2,0,13,6,15,9,3,690654
166054,1,4,2,15,9,2,0,6,3,15,8,2,0,7,4,15,7,2,1,11,5,17,4,3,0,4,2,12,7,2,513969
145746,0,13,6,15,1,3,0,4,2,12,9,2,1,9,5,17,10,2,0,4,2,15,5,2,0,13,6,15,10,3,452301
123614,1,11,6,15,9,2,1,11,5,15,5,3,0,6,3,12,1,2,0,11,6,12,4,2,1,7,4,15,10,2,379170
107784,0,9,5,12,4,2,1,11,5,17,5,3,0,9,5,15,7,2,0,13,6,15,1,3,1,4,2,17,4,3,334179
113522,1,6,3,15,8,2,0,9,5,12,1,2,1,7,4,17,7,2,0,9,5,12,3,2,0,4,2,12,6,3,352271
295036,0,4,2,12,10,2,1,4,2,15,4,2,1,7,3,15,4,3,1,13,6,15,4,3,1,4,2,17,9,2,909806
117458,0,11,5,15,1,3,1,9,4,17,7,3,0,6,3,15,3,3,1,4,2,17,7,3,0,4,2,12,3,2,363615
204043,1,11,6,17,7,2,0,9,4,12,10,3,0,9,4,15,4,3,0,9,5,15,2,2,1,6,3,15,7,3,634171
225187,1,9,4,17,10,3,1,11,5,17,10,3,1,13,6,15,9,3,1,4,2,17,9,3,1,6,3,15,1,3,704541
182649,0,9,4,15,5,3,0,11,5,12,2,3,0,9,4,12,1,3,0,11,5,15,2,3,1,9,4,15,10,3,546506
215708,0,9,4,15,7,3,1,4,2,17,4,2,0,9,4,15,4,3,0,7,4,12,7,2,1,13,6,15,7,3,664612
199414,0,6,3,12,8,3,0,6,3,15,6,3,1,11,5,17,6,3,1,9,4,15,5,3,0,4,2,15,9,2,617672
190552,1,9,4,17,5,3,1,7,4,17,6,2,1,4,2,17,9,3,1,11,5,15,5,3,1,7,4,17,4,2,595889
175912,1,7,3,15,10,3,1,7,3,17,10,3,1,7,4,15,6,2,1,9,5,15,9,2,1,9,5,17,9,2,547330
274721,1,4,2,15,1,3,0,7,4,12,5,2,0,4,2,15,1,3,1,4,2,17,10,2,0,13,6,12,10,3,845912
192174,0,7,3,12,9,3,0,11,6,12,7,2,0,11,6,12,4,2,1,4,2,15,5,2,1,6,3,15,6,2,587068
284099,0,6,3,15,4,2,1,13,6,17,4,3,0,4,2,15,2,2,1,4,2,17,5,2,0,6,3,15,5,2,872494
152425,0,4,2,12,3,3,1,11,5,15,8,3,0,9,5,15,10,2,0,9,5,15,6,2,0,11,6,15,4,2,467390
135739,0,7,3,15,4,3,0,13,6,15,5,3,1,4,2,15,9,3,1,7,3,17,8,3,0,4,2,12,5,2,419697
232231,1,13,6,17,1,3,0,4,2,15,2,3,0,9,4,12,6,3,1,9,4,15,3,3,0,4,2,12,8,2,709178
169872,0,11,6,15,9,2,1,4,2,15,7,2,1,6,3,17,10,2,0,7,4,15,2,2,1,4,2,17,8,3,529399
147210,1,6,3,15,7,3,0,7,4,15,3,2,0,6,3,12,4,2,1,11,5,17,4,3,0,4,2,15,10,2,455509
130302,1,13,6,17,4,3,0,4,2,12,2,2,0,13,6,12,2,3,0,6,3,15,4,3,1,13,6,15,4,3,396364
192140,0,13,6,12,8,3,0,7,3,12,5,3,1,11,5,17,8,3,0,11,5,12,9,3,1,13,6,15,6,3,592715
279914,1,4,2,17,5,3,1,4,2,17,5,2,1,7,4,17,4,2,1,9,4,15,1,3,0,4,2,15,10,2,865676
189993,1,9,5,15,2,2,1,7,4,15,1,2,0,11,6,15,7,2,0,4,2,15,6,2,0,6,3,15,7,3,584653
111643,0,11,5,15,7,3,1,4,2,17,10,3,1,7,3,17,6,3,0,6,3,12,3,3,0,6,3,15,10,2,348565
230508,0,4,2,12,8,2,0,11,6,12,2,2,1,6,3,15,3,3,0,7,3,12,4,3,1,9,5,15,9,2,707455
218497,1,9,4,17,10,3,0,6,3,12,5,3,1,11,5,15,1,3,0,9,4,15,5,3,1,6,3,15,3,2,672646
208179,0,9,4,12,2,3,1,6,3,15,5,2,0,9,4,12,6,3,1,9,5,17,2,2,1,6,3,17,1,2,633134
195475,1,11,5,15,9,3,0,11,5,12,4,3,0,6,3,15,3,2,1,7,4,15,1,2,1,11,6,15,7,2,597698
292817,1,13,6,15,2,3,0,13,6,15,4,3,0,4,2,12,10,3,1,4,2,17,4,3,0,13,6,15,2,3,891912
171090,1,13,6,17,5,3,1,11,5,17,9,3,1,6,3,15,10,2,1,6,3,15,3,2,0,7,3,12,1,3,534784
166267,0,6,3,12,10,3,0,9,5,12,6,2,0,4,2,15,5,2,1,7,3,15,9,3,1,11,5,17,2,3,512683
293686,0,7,4,15,8,2,1,11,6,15,4,2,0,13,6,12,8,3,0,6,3,12,6,2,0,11,6,15,1,2,900355
161612,1,11,6,17,10,2,0,9,4,15,3,3,0,9,4,12,9,3,1,13,6,17,3,3,1,11,6,15,5,2,503253
164414,0,9,5,12,10,2,0,4,2,12,1,3,1,9,4,17,3,3,0,9,4,12,10,3,0,6,3,15,6,2,503962
213014,0,9,5,12,6,2,0,4,2,12,4,3,1,9,5,17,8,2,0,11,6,12,1,2,1,7,3,17,3,3,658915
243809,1,7,4,15,1,2,0,4,2,15,7,2,0,13,6,15,8,3,1,9,4,17,10,3,1,6,3,15,3,3,759232
193401,1,13,6,15,8,3,0,9,4,12,6,3,1,6,3,17,6,2,1,11,6,15,6,2,1,7,4,15,2,2,600922
296063,0,13,6,12,1,3,0,13,6,15,1,3,1,11,6,17,10,2,1,4,2,15,1,2,0,6,3,15,3,3,915329
163887,0,7,4,15,5,2,1,6,3,15,10,2,0,9,5,15,3,2,0,9,5,12,8,2,1,6,3,17,8,2,508170
140593,1,11,6,15,4,2,0,7,4,12,4,2,1,9,5,17,1,2,0,13,6,12,5,3,1,11,5,15,5,3,430021
157038,1,7,3,15,7,3,0,6,3,12,6,2,1,7,3,15,8,3,0,7,3,12,4,3,0,13,6,12,9,3,476042
288238,0,11,5,15,7,3,1,11,5,17,2,3,0,6,3,15,2,2,1,11,6,15,5,2,1,4,2,17,6,2,886546
234923,0,6,3,12,6,3,0,7,4,15,4,2,0,4,2,15,9,2,0,4,2,12,2,2,1,4,2,17,2,2,721527
226469,1,7,4,17,3,2,1,7,3,17,7,3,1,4,2,17,2,3,1,4,2,15,8,2,1,9,5,17,7,2,706947
172219,1,7,4,15,8,2,1,11,6,15,4,2,1,7,4,17,3,2,0,9,4,12,5,3,0,7,3,15,9,3,530197
253978,0,7,3,12,4,3,1,7,3,15,8,3,0,9,4,15,5,3,1,6,3,15,2,2,1,4,2,15,9,2,777936
247869,0,6,3,12,9,2,0,7,4,12,9,2,1,6,3,15,2,2,1,11,6,15,4,2,0,6,3,15,2,3,754188
248372,0,7,3,12,8,3,0,6,3,15,5,2,0,13,6,15,9,3,1,9,4,17,1,3,1,9,5,15,7,2,765060
249597,0,9,5,12,3,2,0,4,2,12,9,2,0,11,6,12,8,2,1,9,5,15,1,2,1,13,6,17,9,3,770297
147041,1,7,3,17,6,3,0,4,2,15,5,2,0,9,5,12,5,2,1,11,5,15,7,3,1,4,2,17,5,3,456451
152712,0,9,4,12,7,3,1,7,3,17,6,3,0,11,6,12,2,2,1,9,5,15,4,2,0,11,6,15,9,2,472295
133827,1,4,2,17,2,3,0,11,6,12,6,2,0,13,6,15,10,3,1,7,3,15,7,3,0,13,6,12,8,3,412257
261183,1,6,3,15,7,3,0,9,5,12,6,2,1,11,5,15,2,3,0,6,3,15,4,2,1,6,3,17,8,2,801327
160547,0,7,3,12,2,3,1,4,2,15,8,3,0,4,2,12,7,3,1,9,4,15,8,3,1,9,4,15,8,3,490376
253808,1,9,5,15,9,2,1,7,3,15,9,3,1,11,6,15,1,2,0,7,4,12,10,2,0,7,4,12,4,2,778989
236407,1,6,3,17,10,2,0,4,2,12,2,3,0,7,3,12,2,3,1,9,5,15,6,2,0,11,6,15,8,2,736092
202226,0,6,3,15,3,3,0,11,5,12,2,3,0,13,6,12,8,3,1,6,3,15,7,2,1,9,4,17,3,3,621349
290857,1,9,4,17,2,3,1,7,4,17,7,2,0,13,6,12,10,3,0,4,2,12,9,2,0,11,6,15,6,2,904811
169517,1,9,4,17,10,3,1,7,4,15,6,2,0,7,3,15,6,3,1,4,2,17,8,3,1,4,2,15,2,3,529031
140050,0,11,6,12,4,2,0,11,5,15,3,3,1,6,3,15,5,2,1,6,3,17,3,3,1,4,2,15,8,3,429547
221894,1,11,5,15,7,3,1,7,4,15,2,2,0,9,5,12,1,2,1,4,2,17,9,2,0,9,5,12,7,2,685959
206399,1,6,3,15,9,3,1,7,3,15,3,3,1,13,6,15,4,3,1,11,5,17,9,3,1,7,4,15,10,2,641866
298131,0,13,6,15,3,3,1,9,5,15,7,2,0,9,4,15,6,3,0,9,5,15,4,2,1,6,3,17,6,2,919766
270299,1,13,6,15,4,3,1,6,3,17,1,3,0,6,3,15,3,3,1,11,5,17,10,3,0,9,5,15,5,2,840742
154087,1,9,5,17,5,2,0,6,3,12,8,3,1,7,3,15,5,3,1,9,4,15,6,3,0,4,2,12,9,2,474922
116645,0,11,5,15,7,3,1,6,3,17,1,2,1,13,6,15,8,3,1,7,4,17,7,2,0,6,3,12,9,2,362280
261633,1,6,3,15,7,2,1,4,2,17,3,3,1,11,6,15,8,2,1,7,3,17,8,3,0,11,6,15,2,2,815089
141288,1,9,5,15,9,2,1,7,4,15,8,2,0,11,5,12,3,3,0,6,3,12,7,3,0,9,4,12,5,3,434054
127228,0,6,3,12,9,2,0,4,2,12,8,2,0,13,6,15,2,3,0,4,2,12,5,3,1,11,6,15,8,2,389287
285390,1,13,6,17,7,3,1,7,4,15,8,2,1,4,2,17,8,3,1,4,2,15,5,2,1,9,5,17,4,2,893762
142562,0,7,4,15,1,2,0,13,6,12,10,3,1,4,2,17,4,2,1,7,4,15,4,2,0,6,3,15,9,2,440900
110826,1,11,5,15,8,3,1,9,5,15,2,2,1,11,5,17,1,3,1,6,3,15,6,2,1,13,6,15,2,3,340931
213216,0,6,3,15,1,2,0,7,3,12,10,3,1,13,6,15,8,3,0,7,4,15,10,2,0,7,4,12,1,2,655530
246089,1,4,2,15,3,3,0,9,5,15,4,2,1,6,3,15,8,2,1,11,5,17,4,3,0,11,6,12,2,2,758121
204073,0,9,5,15,6,2,0,6,3,15,3,2,0,7,4,12,9,2,1,6,3,17,9,2,0,9,5,15,3,2,631087
195109,0,6,3,15,9,2,0,6,3,12,5,3,1,4,2,15,3,3,1,4,2,17,8,2,1,13,6,17,10,3,608334
100933,1,6,3,17,6,3,0,7,3,15,2,3,0,7,4,15,6,2,0,7,4,12,9,2,0,11,6,12,10,2,312567
286102,1,9,5,17,4,2,0,6,3,15,8,3,0,4,2,15,2,3,1,6,3,17,10,3,1,11,6,17,6,2,892740
136548,1,7,3,15,4,3,0,4,2,15,6,3,1,11,6,15,2,2,0,4,2,12,6,3,1,7,4,15,3,2,415761
247616,0,4,2,12,6,2,0,9,5,12,1,2,1,9,5,15,9,2,1,7,4,17,5,2,1,7,4,17,9,2,772058
100932,0,7,4,15,1,2,1,7,3,15,1,3,0,6,3,12,2,3,1,13,6,15,2,3,0,7,3,12,5,3,303310
272851,1,6,3,15,9,2,1,11,6,17,2,2,1,6,3,17,4,2,0,6,3,12,3,3,1,7,4,15,4,2,840234
118377,1,13,6,15,9,3,1,9,5,17,4,2,1,4,2,15,10,3,1,7,3,17,3,3,1,6,3,15,4,2,368620
141070,1,6,3,17,7,3,1,11,6,15,1,2,0,7,4,15,4,2,1,4,2,15,5,2,1,7,4,15,7,2,437403
164162,1,11,5,17,9,3,1,6,3,17,1,2,1,11,5,15,1,3,1,9,5,17,9,2,1,4,2,17,1,2,510317
100974,1,7,3,17,4,3,0,9,4,12,9,3,0,4,2,15,4,2,1,6,3,15,1,3,0,9,4,15,10,3,312590
185564,1,4,2,17,6,3,1,6,3,17,10,3,0,4,2,15,7,2,1,4,2,15,1,3,0,7,3,15,10,3,576267
299174,0,11,5,15,7,3,0,4,2,12,9,2,1,13,6,15,10,3,1,9,4,15,2,3,1,7,4,15,3,2,920573
176498,1,11,5,15,3,3,0,7,3,12,4,3,0,4,2,12,8,2,0,7,4,15,2,2,1,4,2,15,10,3,539241
132358,0,7,3,15,5,3,1,11,5,15,6,3,1,7,4,15,8,2,0,6,3,12,4,2,0,4,2,15,8,2,405581
196341,0,7,4,15,10,2,0,7,3,15,4,3,1,4,2,17,3,3,1,4,2,17,1,2,1,4,2,15,3,3,603370
188731,0,6,3,12,8,3,1,9,5,17,8,2,1,7,4,17,8,2,1,4,2,17,1,3,1,11,6,15,7,2,590483
201381,0,9,5,12,10,2,1,9,5,15,5,2,0,13,6,15,8,3,0,7,3,12,6,3,0,13,6,12,6,3,614590
169493,1,9,4,15,6,3,0,4,2,15,10,2,0,6,3,15,2,2,0,9,4,12,9,3,1,4,2,15,2,3,516543
202255,1,11,6,15,9,2,0,6,3,12,4,3,0,6,3,12,2,3,0,11,6,15,3,2,0,9,4,15,5,3,619312
139321,0,9,4,12,1,3,0,11,6,15,3,2,0,9,4,12,2,3,1,9,5,17,1,2,0,9,5,15,2,2,418267
124660,0,13,6,12,4,3,1,9,5,15,5,2,1,4,2,17,10,3,1,11,5,15,2,3,1,6,3,15,3,3,387683
132355,0,7,4,12,1,2,1,4,2,15,3,3,1,9,5,17,7,2,0,11,5,15,5,3,1,7,4,15,2,2,411036
298907,1,6,3,17,9,3,1,7,4,17,2,2,0,4,2,15,2,3,0,13,6,12,2,3,1,7,4,17,5,2,930318
296782,0,9,4,12,1,3,1,7,4,17,9,2,1,11,5,17,9,3,1,7,4,15,10,2,1,9,4,17,3,3,926610
100359,0,4,2,12,6,3,0,11,6,15,4,2,0,9,5,15,2,2,1,11,6,15,2,2,1,9,5,17,8,2,310922
224038,0,11,6,12,7,2,1,4,2,17,2,3,1,4,2,15,10,2,1,9,5,17,4,2,1,6,3,15,6,2,694785
292826,1,7,3,15,8,3,1,11,6,17,2,2,0,6,3,15,9,3,0,6,3,12,1,2,1,6,3,17,8,2,910384
274929,0,13,6,12,10,3,1,7,4,17,6,2,1,11,6,17,9,2,1,6,3,17,5,3,0,11,6,12,5,2,859468
239217,0,11,5,12,7,3,0,6,3,12,7,2,0,7,3,12,8,3,0,13,6,12,1,3,1,4,2,15,8,2,726944
234701,0,6,3,12,3,3,1,9,5,17,8,2,1,9,5,17,5,2,1,13,6,15,5,3,1,7,4,15,10,2,731687
235738,1,4,2,17,4,2,0,7,3,15,1,3,1,11,6,15,7,2,1,9,5,17,6,2,0,11,5,12,7,3,730698
181132,0,7,4,12,2,2,1,11,6,17,5,2,1,9,4,17,3,3,0,11,6,15,7,2,0,11,5,15,9,3,556387
283315,1,4,2,15,4,2,1,11,5,15,10,3,0,9,5,12,6,2,0,9,5,15,9,2,0,13,6,15,3,3,871516
224668,1,4,2,15,6,2,0,9,4,15,7,3,1,11,6,15,10,2,1,4,2,15,7,2,1,13,6,17,3,3,696350
296077,0,4,2,15,10,2,0,7,4,15,3,2,0,4,2,15,3,3,1,4,2,15,4,2,0,9,5,12,5,2,901156
160654,0,4,2,12,6,3,1,11,5,17,4,3,1,7,4,17,7,2,0,4,2,15,2,3,1,11,6,17,4,2,499355
214952,1,13,6,17,6,3,1,4,2,15,3,3,1,13,6,17,3,3,0,7,4,12,1,2,0,4,2,15,6,3,659687
262059,0,11,6,15,5,2,1,11,6,15,4,2,0,11,6,12,8,2,1,6,3,15,6,3,0,6,3,15,1,2,797862
233569,1,6,3,15,10,3,1,9,4,15,8,3,1,11,5,15,7,3,1,11,6,17,7,2,1,9,5,15,3,2,724644
231182,0,9,5,15,4,2,0,11,5,12,7,3,0,6,3,12,2,3,0,13,6,12,1,3,1,6,3,17,9,2,715415
298138,0,7,4,12,7,2,1,6,3,15,9,3,0,6,3,12,9,2,1,7,3,17,2,3,0,9,5,15,4,2,916476
275748,1,6,3,17,4,2,1,4,2,15,9,2,1,7,4,17,5,2,0,6,3,12,1,2,1,7,3,15,4,3,852702
131282,0,11,5,12,7,3,0,4,2,15,1,2,0,6,3,15,6,2,0,4,2,12,8,2,1,6,3,15,1,3,398887
201259,1,11,6,15,4,2,0,13,6,12,2,3,1,9,5,15,6,2,0,11,5,15,8,3,1,7,4,15,9,2,617970
274786,0,7,4,15,9,2,1,4,2,17,4,3,0,13,6,12,1,3,0,6,3,15,8,3,0,6,3,15,5,2,848942
164920,0,11,5,15,7,3,1,13,6,17,8,3,1,6,3,15,2,2,1,6,3,15,4,2,0,9,4,15,10,3,512877
214780,0,7,4,12,7,2,1,9,5,15,6,2,0,9,5,12,5,2,1,7,3,15,2,3,0,7,4,12,10,2,655574
159739,1,9,5,17,8,2,1,4,2,17,6,2,1,11,6,17,2,2,1,9,5,17,5,2,1,4,2,15,6,2,495819
173378,1,9,5,15,9,2,1,11,6,17,5,2,1,4,2,15,5,3,1,6,3,15,1,2,1,13,6,15,7,3,538825
288758,0,11,6,15,7,2,0,7,3,15,8,3,0,9,5,12,1,2,0,9,5,12,10,2,0,7,4,15,2,2,883021
101809,1,13,6,15,1,3,0,6,3,12,6,3,1,11,6,17,2,2,0,9,5,12,10,2,0,6,3,15,8,3,313663
216654,0,7,4,15,9,2,0,7,4,12,9,2,0,7,4,15,5,2,1,7,3,15,7,3,0,4,2,15,6,2,660456
169297,0,11,5,12,6,3,0,6,3,12,9,3,0,11,6,12,3,2,1,6,3,15,9,3,1,7,3,17,5,3,520166
259053,1,7,4,17,2,2,1,4,2,15,7,2,0,4,2,15,8,3,0,13,6,15,3,3,1,6,3,17,1,2,797276
284067,1,6,3,15,7,3,1,6,3,15,5,2,1,6,3,15,1,2,1,11,6,17,7,2,0,7,4,15,8,2,879608
251324,0,7,3,15,8,3,1,6,3,15,2,3,0,7,4,15,9,2,1,7,3,17,9,3,1,9,5,17,6,2,783264
149244,1,7,3,17,9,3,1,6,3,15,1,2,1,11,5,15,10,3,0,7,3,15,6,3,0,9,4,15,8,3,463894
190741,1,4,2,17,9,2,1,7,3,17,10,3,0,11,5,15,1,3,0,7,4,15,5,2,1,4,2,15,3,2,592514
294507,0,13,6,12,4,3,0,6,3,15,10,3,0,4,2,12,5,2,0,4,2,12,1,2,0,6,3,15,1,2,895126
160573,1,13,6,15,10,3,1,4,2,15,4,3,1,6,3,15,9,2,0,11,6,15,6,2,1,11,6,17,9,2,499926
138352,0,11,5,15,9,3,1,6,3,15,8,2,0,4,2,12,6,2,0,11,6,15,6,2,0,11,6,15,9,2,423791
232782,0,6,3,15,2,2,1,11,6,17,6,2,1,7,4,17,8,2,0,4,2,15,10,2,0,9,4,15,10,3,728319
297290,0,11,6,12,10,2,1,4,2,17,6,2,0,9,5,15,5,2,1,7,3,15,4,3,0,4,2,12,8,2,920681
280526,0,4,2,12,10,3,1,11,5,15,6,3,0,4,2,12,9,2,0,7,3,12,8,3,1,7,4,17,8,2,869739
244310,1,9,5,17,10,2,1,6,3,17,7,3,0,9,5,15,9,2,1,6,3,15,10,2,0,11,5,15,3,3,761548
109265,1,13,6,17,10,3,0,11,6,12,1,2,0,6,3,12,3,2,0,13,6,12,1,3,1,6,3,17,5,2,337310
127434,1,11,5,17,8,3,0,6,3,12,8,3,1,6,3,15,2,3,0,9,5,15,7,2,0,7,4,15,9,2,396212
263926,1,6,3,15,2,2,0,6,3,15,1,3,1,7,3,15,6,3,0,4,2,15,4,3,1,7,4,17,2,2,811401
264852,0,9,5,12,1,2,0,7,3,12,3,3,0,7,4,12,5,2,1,7,3,15,7,3,0,4,2,15,3,3,803241
102204,0,13,6,15,2,3,0,7,3,12,3,3,1,4,2,17,10,2,1,7,3,15,8,3,1,9,4,15,5,3,317977
244579,1,4,2,15,7,3,1,9,5,15,9,2,0,9,4,15,8,3,0,6,3,15,2,2,0,9,5,12,6,2,749785
116627,1,7,4,17,6,2,1,4,2,17,4,3,0,4,2,12,6,3,1,4,2,15,5,3,0,4,2,15,6,3,357142
255875,0,7,3,15,2,3,0,6,3,12,5,2,0,13,6,12,1,3,1,6,3,15,1,2,0,7,3,12,5,3,770444
145063,1,6,3,17,2,2,1,4,2,15,9,3,1,13,6,17,3,3,1,9,4,15,7,3,0,9,5,12,7,2,450139
149417,1,11,5,17,8,3,1,4,2,15,4,3,1,11,6,15,8,2,0,11,5,15,4,3,1,4,2,17,9,2,463498
187245,1,4,2,15,10,3,1,6,3,17,2,2,1,9,5,17,1,2,1,9,5,17,6,2,1,11,6,17,5,2,582761
277051,0,13,6,15,10,3,0,9,5,15,4,2,1,9,5,17,8,2,1,7,4,15,7,2,1,9,5,15,9,2,861282
111864,0,11,5,15,3,3,1,9,4,17,6,3,1,6,3,15,8,2,1,4,2,15,3,3,0,6,3,12,6,3,343337
270996,1,11,6,17,9,2,0,4,2,15,2,2,0,4,2,12,4,2,1,9,5,17,7,2,1,6,3,17,8,2,847176
271215,0,11,5,15,8,3,0,6,3,15,9,2,1,11,5,17,3,3,1,4,2,15,5,3,1,13,6,17,5,3,843392
191634,1,6,3,15,6,2,1,7,3,17,5,3,1,13,6,15,3,3,0,11,6,15,2,2,1,4,2,17,7,2,597693
235029,0,7,4,15,7,2,0,9,5,12,1,2,0,6,3,12,4,3,0,6,3,15,3,2,0,11,6,15,1,2,715662
245435,1,7,3,17,9,3,0,6,3,12,9,2,0,7,3,15,2,3,0,4,2,15,5,3,0,6,3,12,10,3,755391
296752,1,9,5,15,3,2,0,9,4,12,7,3,0,9,5,12,4,2,0,4,2,15,7,3,0,13,6,12,7,3,902643
121385,0,6,3,12,1,3,0,11,6,15,2,2,0,6,3,15,5,2,0,6,3,15,8,3,0,7,4,12,7,2,369331
188519,0,13,6,15,4,3,0,7,4,12,4,2,0,4,2,15,8,2,0,11,6,12,6,2,0,7,4,12,3,2,576081
167011,0,13,6,15,1,3,0,9,5,12,7,2,0,6,3,15,2,2,1,9,4,17,7,3,0,11,6,15,5,2,514648
137562,1,9,5,15,6,2,0,11,6,12,10,2,0,4,2,15,5,3,0,4,2,12,2,2,0,11,5,15,3,3,420861
197625,1,11,5,17,2,3,0,6,3,15,8,2,0,9,5,12,4,2,1,13,6,15,2,3,1,9,5,15,3,2,608839
132520,1,6,3,17,5,2,0,4,2,15,2,3,1,9,4,15,2,3,0,7,4,12,4,2,0,13,6,15,4,3,407356
182034,0,7,4,12,7,2,0,4,2,12,8,3,1,4,2,15,3,3,1,9,5,17,8,2,0,11,5,12,10,3,563902
215584,1,13,6,17,8,3,1,11,5,17,7,3,1,7,3,15,2,3,1,4,2,15,8,2,0,7,3,15,6,3,672546
167202,1,7,4,17,10,2,0,11,6,15,4,2,1,6,3,17,4,2,0,7,4,15,1,2,1,11,5,17,1,3,520914
226837,1,7,3,17,9,3,1,9,5,15,7,2,1,4,2,15,3,3,0,9,5,12,8,2,0,7,3,15,4,3,702152
202377,0,4,2,12,9,3,1,13,6,17,6,3,0,7,4,12,1,2,0,4,2,12,2,3,1,7,3,17,4,3,620134
152071,0,11,6,15,7,2,1,6,3,17,1,2,0,11,5,12,3,3,1,7,4,15,8,2,0,9,4,15,9,3,470975
190100,1,9,4,17,9,3,1,7,4,17,10,2,1,7,3,15,1,3,0,13,6,15,6,3,1,9,5,17,8,2,594452
177378,1,6,3,15,6,2,1,9,4,15,8,3,1,9,4,15,7,3,0,6,3,15,3,2,1,13,6,15,9,3,543621
231007,0,6,3,15,3,3,1,6,3,17,9,2,0,4,2,12,4,3,1,6,3,17,5,2,0,9,5,15,3,2,711238
168055,1,6,3,15,10,2,1,4,2,17,4,3,1,7,4,15,3,2,0,9,5,15,4,2,1,4,2,17,6,3,521192
242740,1,9,5,17,6,2,0,9,4,15,8,3,0,11,5,12,1,3,1,9,5,17,8,2,1,9,4,17,6,3,741128
122958,0,9,5,12,7,2,1,6,3,17,8,2,1,11,5,15,10,3,0,9,5,15,9,2,1,7,4,17,10,2,385106
232944,1,9,5,15,1,2,0,11,5,12,4,3,1,4,2,15,4,2,1,4,2,17,8,2,1,7,3,17,2,3,718871
293233,0,7,4,15,7,2,1,6,3,17,4,3,0,13,6,15,10,3,1,6,3,15,1,2,0,7,4,12,5,2,907030
219893,1,9,5,17,6,2,0,4,2,12,3,3,1,7,3,15,1,3,1,11,5,17,9,3,1,7,4,15,10,2,685626
128512,0,7,4,15,7,2,0,7,4,15,6,2,1,4,2,15,2,2,0,6,3,15,3,3,1,7,4,15,10,2,393356
116010,1,9,5,15,1,2,1,7,3,15,4,3,0,11,6,15,3,2,1,11,6,15,7,2,1,7,4,17,9,2,359963
166861,0,7,4,12,8,2,1,4,2,15,7,2,0,9,5,15,10,2,0,7,3,15,6,3,0,7,4,12,4,2,512806
271631,1,11,6,17,1,2,1,4,2,15,6,2,1,4,2,15,5,2,0,7,3,15,5,3,0,6,3,15,2,2,828422
128610,0,6,3,15,8,3,1,6,3,15,6,2,1,11,6,15,7,2,0,9,5,15,8,2,0,11,5,15,7,3,395129
186326,0,7,4,15,3,2,1,6,3,17,9,2,1,7,3,15,3,3,0,6,3,12,5,2,1,6,3,17,1,2,574078
285507,1,9,5,15,8,2,1,6,3,17,7,3,0,13,6,15,5,3,0,13,6,15,6,3,1,9,5,15,5,2,884254
173907,0,6,3,15,9,2,0,7,4,15,8,2,0,11,6,12,10,2,0,9,5,15,9,2,0,11,6,15,6,2,536008
249152,0,9,5,12,6,2,0,9,4,12,10,3,0,4,2,15,4,2,1,4,2,17,5,2,1,7,4,17,1,2,766933
169062,1,11,5,17,5,3,0,7,4,15,8,2,1,4,2,15,10,3,0,6,3,15,4,2,1,11,6,15,9,2,525179
297172,1,11,6,15,1,2,1,9,4,15,3,3,1,9,5,15,6,2,0,6,3,15,1,3,0,4,2,15,7,3,911386
191061,1,9,4,17,4,3,0,13,6,12,8,3,0,9,4,12,9,3,0,4,2,12,10,2,0,6,3,15,4,3,586717
225981,0,7,4,12,1,2,0,4,2,12,10,2,0,13,6,15,9,3,1,7,4,15,4,2,1,4,2,17,4,3,696301
135349,1,6,3,17,4,2,0,11,5,12,1,3,1,11,6,17,4,2,0,6,3,12,2,2,0,7,3,12,4,3,412851
211490,0,7,4,12,2,2,1,11,5,15,4,3,1,4,2,17,2,3,1,6,3,17,7,3,1,13,6,15,9,3,659588
183744,0,11,5,12,8,3,0,9,5,12,5,2,1,4,2,17,4,2,1,7,4,15,8,2,0,11,5,15,3,3,566463
210209,0,7,4,12,4,2,1,7,3,17,2,3,1,6,3,15,3,3,1,9,4,17,1,3,0,9,4,12,10,3,646060
134021,1,4,2,17,9,3,0,13,6,15,7,3,0,6,3,15,4,3,1,7,3,17,9,3,0,11,5,12,3,3,418154
236318,1,4,2,15,2,3,0,4,2,12,7,3,0,4,2,15,3,2,0,11,6,15,3,2,0,13,6,15,2,3,717569
159515,1,7,4,15,7,2,1,9,5,17,5,2,1,11,5,17,5,3,1,7,4,15,3,2,1,4,2,15,10,3,496955
110612,1,11,6,15,1,2,1,7,4,17,3,2,1,4,2,15,5,3,0,11,6,12,7,2,0,9,5,15,3,2,340221
261851,0,9,5,15,2,2,0,4,2,12,3,2,0,6,3,12,4,3,1,7,4,15,7,2,0,7,4,12,3,2,800396
215206,1,7,3,17,7,3,1,7,4,17,3,2,1,9,4,17,6,3,0,9,4,15,8,3,0,9,5,15,5,2,663213
245159,0,9,5,12,9,2,1,7,3,15,4,3,1,4,2,15,5,2,1,9,5,17,7,2,0,6,3,15,6,2,761956
151407,0,9,4,12,7,3,0,11,5,12,5,3,1,9,5,17,7,2,1,11,6,17,3,2,0,11,6,15,8,2,468780
110809,1,11,5,15,9,3,0,6,3,15,6,3,1,4,2,17,1,3,1,13,6,15,8,3,1,6,3,17,8,3,344493
191811,1,4,2,17,9,2,0,9,5,15,10,2,0,7,4,12,2,2,0,11,6,15,7,2,1,11,6,17,4,2,597642
261640,1,4,2,17,3,3,1,9,4,17,7,3,1,13,6,17,7,3,0,13,6,15,10,3,0,9,4,12,2,3,811735
141115,0,11,6,15,1,2,1,11,5,15,3,3,1,4,2,17,9,2,1,4,2,17,4,2,0,4,2,15,6,3,432209
260725,0,4,2,12,7,2,1,4,2,17,6,3,1,7,3,17,9,3,1,9,5,17,8,2,1,7,3,17,5,3,816452
224006,0,7,4,15,5,2,1,11,5,17,1,3,0,11,6,15,9,2,0,6,3,15,10,3,1,6,3,17,6,3,695949
142268,0,4,2,15,2,3,0,11,6,15,10,2,1,11,5,17,9,3,0,6,3,15,1,3,0,11,6,12,8,2,439514
286641,1,7,3,17,9,3,1,13,6,15,8,3,1,6,3,15,2,3,1,9,5,17,5,2,1,7,3,17,6,3,894054
280365,1,6,3,15,8,2,0,11,6,15,2,2,1,6,3,17,9,3,0,6,3,12,6,3,0,11,5,12,7,3,861504
243316,0,4,2,15,8,2,0,9,4,15,10,3,1,6,3,17,8,3,1,9,4,15,6,3,1,6,3,15,1,3,754853
154796,0,6,3,15,2,2,0,6,3,15,5,2,1,11,6,17,5,2,1,6,3,17,4,2,0,6,3,15,2,2,473188
157366,1,4,2,15,1,2,0,6,3,15,9,3,0,13,6,12,6,3,0,4,2,12,7,2,0,9,5,15,10,2,483692
143366,0,6,3,15,1,2,0,7,4,15,2,2,0,4,2,15,3,3,1,11,6,15,1,2,1,11,6,17,1,2,438138
233799,1,11,6,15,3,2,1,6,3,15,9,2,1,7,3,15,6,3,1,11,5,15,1,3,1,4,2,17,8,3,724179
143693,1,9,5,17,4,2,0,4,2,15,7,2,1,7,3,15,10,3,1,4,2,17,8,2,1,6,3,17,3,3,448262
290125,1,4,2,17,8,2,0,9,4,15,5,3,1,9,4,15,2,3,0,7,4,15,1,2,0,4,2,12,1,3,896926
227102,0,11,5,12,10,3,0,11,5,12,5,3,0,11,5,12,1,3,0,7,4,12,5,2,0,9,4,12,8,3,679105
261040,0,6,3,12,9,3,0,11,5,15,6,3,1,11,6,17,4,2,0,7,4,12,8,2,0,11,6,15,1,2,800183
221152,1,13,6,15,3,3,1,11,6,17,1,2,1,7,3,17,9,3,0,11,6,12,9,2,1,7,3,17,9,3,686609
135573,1,6,3,17,5,2,1,11,5,17,6,3,0,6,3,12,6,2,0,11,6,15,5,2,1,6,3,17,2,3,416793
158092,0,4,2,15,10,3,1,13,6,15,10,3,1,6,3,15,5,2,1,7,4,17,8,2,1,6,3,17,1,3,493111
197383,0,11,5,12,4,3,1,6,3,15,3,3,0,9,4,12,2,3,0,6,3,15,6,3,1,9,4,17,7,3,605462
206387,0,9,5,12,3,2,0,7,4,15,6,2,0,9,4,15,7,3,0,6,3,12,10,2,0,6,3,15,5,3,633034
299386,1,13,6,17,10,3,1,9,5,15,3,2,0,7,3,12,10,3,0,4,2,15,7,3,1,7,3,17,7,3,935140
112852,1,6,3,17,1,2,0,9,5,12,3,2,1,13,6,15,1,3,1,9,5,15,2,2,1,7,3,15,10,3,346616
176981,1,6,3,15,9,3,1,6,3,17,8,2,1,11,6,15,7,2,1,13,6,15,4,3,1,9,4,15,7,3,549201
200611,1,6,3,17,8,3,0,4,2,12,4,3,0,7,3,15,8,3,1,11,5,17,4,3,1,13,6,15,7,3,625689
222234,1,9,5,15,6,2,0,7,4,15,5,2,1,13,6,17,3,3,0,6,3,15,3,2,1,13,6,15,10,3,686599
274704,1,4,2,15,5,3,1,6,3,15,2,3,0,9,5,15,5,2,1,6,3,17,9,2,1,11,6,15,8,2,851484
197969,1,9,4,15,10,3,0,7,4,15,9,2,1,11,6,17,9,2,1,7,3,15,3,3,0,7,4,15,6,2,616524
279184,0,4,2,15,2,2,1,13,6,15,6,3,1,13,6,15,10,3,0,13,6,15,2,3,1,11,5,15,8,3,852008
152672,1,9,5,15,8,2,1,7,4,15,5,2,0,6,3,12,1,3,1,4,2,15,3,3,0,11,6,12,4,2,469220
110450,0,6,3,15,9,3,0,4,2,15,8,2,1,7,4,17,5,2,0,6,3,12,1,3,1,4,2,17,8,2,342431
276147,0,4,2,12,10,2,1,11,5,17,6,3,1,9,4,15,2,3,1,6,3,17,8,3,0,9,4,15,10,3,860293
288543,1,4,2,15,3,3,1,6,3,17,4,3,1,7,4,17,9,2,0,4,2,15,1,3,1,7,4,15,9,2,898298
236360,1,11,6,17,5,2,0,4,2,15,8,3,0,9,5,15,1,2,1,9,5,17,4,2,1,6,3,15,2,3,734142
158446,1,9,4,15,2,3,1,11,6,15,7,2,0,4,2,12,10,2,1,6,3,15,6,3,0,9,4,12,6,3,486551
199273,1,7,3,15,7,3,1,11,5,17,8,3,0,7,4,15,7,2,1,6,3,17,6,3,0,4,2,12,6,2,619849
141171,0,11,6,12,1,2,0,11,5,15,10,3,1,11,5,15,4,3,1,7,4,15,6,2,1,4,2,17,2,2,433271
163086,0,7,4,12,8,2,0,7,3,12,5,3,0,7,3,15,2,3,1,11,5,15,7,3,0,7,3,12,1,3,492034
126087,1,7,3,17,10,3,0,6,3,12,6,2,1,13,6,17,6,3,1,6,3,15,1,2,0,7,4,15,7,2,391791
206139,0,11,6,12,9,2,0,13,6,12,4,3,0,11,5,12,10,3,0,9,5,15,8,2,1,11,6,17,1,2,634059
181554,0,9,4,15,8,3,0,9,4,15,4,3,0,6,3,15,2,2,0,9,5,15,5,2,0,11,5,12,1,3,550086
262843,1,9,4,17,9,3,1,6,3,15,6,3,0,13,6,12,2,3,0,11,6,15,9,2,0,9,4,12,4,3,815277
215141,0,4,2,12,6,2,0,7,3,12,3,3,1,4,2,15,6,3,0,11,6,15,4,2,1,7,3,17,7,3,661382
164923,1,7,4,17,5,2,1,7,3,15,8,3,0,11,6,12,8,2,1,7,3,15,3,3,0,6,3,12,1,3,503940
124540,0,4,2,12,10,3,1,9,4,15,4,3,1,11,5,15,8,3,0,11,6,15,4,2,1,4,2,17,8,2,384238
162416,0,6,3,15,3,3,0,4,2,12,7,3,0,7,4,12,8,2,0,9,5,15,9,2,1,9,5,17,5,2,503104
270047,1,11,5,17,6,3,0,7,3,15,7,3,0,13,6,12,1,3,1,11,5,17,9,3,0,4,2,12,2,2,832372
207901,0,11,6,12,3,2,1,11,5,15,1,3,1,11,6,15,2,2,0,4,2,12,8,2,0,7,3,12,5,3,624945
134745,0,13,6,12,6,3,1,6,3,17,5,2,1,11,6,15,2,2,1,7,4,17,8,2,0,7,4,12,4,2,419507
229350,1,6,3,17,5,2,1,11,5,15,2,3,1,11,6,15,1,2,1,9,5,17,2,2,0,7,3,15,4,3,710623
194534,1,11,5,15,4,3,0,4,2,15,4,3,0,4,2,15,6,3,0,13,6,15,2,3,0,4,2,12,8,2,592092
263640,1,9,5,17,1,2,1,6,3,15,4,3,1,4,2,15,3,2,0,7,4,15,4,2,1,4,2,17,8,3,818188
272831,1,13,6,17,9,3,0,7,4,15,3,2,0,11,6,15,5,2,1,4,2,15,6,2,0,4,2,15,9,3,847993
167872,0,9,5,12,9,2,1,9,5,15,5,2,0,11,5,15,10,3,1,4,2,17,4,3,1,9,4,15,2,3,518052
137915,0,9,5,12,10,2,1,6,3,17,4,2,0,6,3,12,6,2,1,11,6,17,8,2,0,7,3,15,3,3,428675
123728,1,4,2,17,10,2,0,4,2,15,6,2,1,9,5,15,5,2,1,13,6,15,4,3,1,6,3,17,3,3,383934
292862,1,6,3,17,7,2,0,4,2,12,7,3,0,6,3,15,10,2,1,6,3,17,9,2,1,6,3,17,5,3,897547
283375,0,11,5,15,3,3,0,6,3,15,10,3,1,7,4,17,6,2,0,9,4,15,7,3,1,11,5,15,6,3,879553
106381,1,11,5,17,6,3,1,6,3,15,5,3,1,13,6,17,8,3,1,7,4,15,10,2,1,4,2,17,8,2,332548
163062,0,13,6,12,8,3,1,4,2,17,2,2,1,11,5,15,2,3,1,9,4,15,1,3,0,7,3,15,4,3,500333
217327,1,6,3,15,3,3,0,6,3,15,5,3,1,6,3,15,8,2,0,4,2,15,2,2,1,7,3,15,6,3,661597
105765,1,6,3,15,8,2,1,11,5,17,6,3,1,9,5,17,10,2,1,9,4,17,4,3,0,6,3,12,2,3,328713
293378,1,13,6,17,5,3,0,9,4,15,6,3,0,4,2,15,1,3,0,6,3,15,4,2,1,7,4,15,3,2,907092
253583,0,4,2,15,9,2,0,13,6,12,3,3,1,6,3,17,4,3,0,9,4,12,7,3,1,9,5,17,4,2,789317
275839,1,13,6,15,7,3,1,13,6,15,10,3,0,9,5,15,7,2,1,6,3,17,4,3,1,6,3,15,4,2,852079
167524,1,4,2,17,3,3,0,4,2,12,5,3,1,4,2,17,7,2,0,13,6,15,10,3,1,11,6,15,3,2,517514
264448,0,6,3,12,5,3,1,4,2,17,9,3,0,11,5,15,4,3,1,13,6,15,5,3,1,6,3,17,3,3,822314
104354,0,11,5,12,1,3,0,11,5,15,3,3,1,4,2,17,9,2,0,4,2,12,1,3,0,13,6,15,7,3,322456
138651,1,7,3,17,4,3,1,9,4,15,5,3,0,6,3,15,8,3,1,11,5,17,6,3,1,4,2,15,1,2,430315
271496,1,6,3,17,5,2,1,11,6,15,1,2,0,6,3,15,5,3,1,6,3,17,4,3,1,7,3,17,3,3,831346
109046,0,11,6,15,5,2,1,4,2,17,5,2,0,4,2,15,8,2,1,11,6,15,10,2,0,9,5,12,3,2,336771
247386,1,7,4,17,8,2,0,6,3,15,5,2,1,7,4,15,3,2,1,7,4,17,6,2,1,6,3,17,4,2,765954
183111,0,4,2,12,5,2,0,11,5,15,1,3,1,6,3,17,4,3,0,6,3,12,1,2,1,9,5,17,6,2,566244
293936,0,7,4,12,9,2,0,9,4,15,7,3,0,7,4,12,9,2,1,6,3,15,7,3,0,7,3,12,8,3,899798
183148,0,6,3,15,7,2,1,7,4,15,6,2,1,13,6,17,3,3,1,11,5,17,2,3,0,6,3,12,6,2,565421
266517,0,11,5,15,9,3,0,9,5,12,10,2,0,7,3,15,4,3,1,4,2,17,1,2,0,7,3,12,7,3,819601
175748,0,4,2,15,5,2,0,13,6,15,2,3,1,11,6,17,5,2,1,11,5,17,6,3,0,4,2,15,2,3,541667
272437,0,13,6,15,7,3,0,4,2,15,5,2,0,6,3,15,3,2,0,7,4,15,8,2,1,6,3,17,3,2,841348
238569,1,13,6,17,7,3,1,9,5,17,3,2,1,9,4,15,10,3,1,4,2,15,2,3,1,4,2,15,5,3,737402
116353,0,4,2,12,8,2,0,7,4,12,9,2,0,6,3,12,8,3,1,6,3,15,5,3,1,7,3,15,10,3,355966
244232,0,4,2,15,4,2,1,11,6,17,6,2,0,11,5,15,8,3,1,4,2,15,8,3,0,4,2,15,6,2,751224
228774,1,4,2,17,6,2,0,4,2,12,6,3,1,11,6,17,8,2,0,6,3,15,9,3,0,11,5,12,5,3,710483
208323,1,9,4,15,7,3,1,13,6,17,8,3,0,6,3,12,9,3,1,4,2,17,4,2,0,11,6,12,6,2,648552
204161,0,4,2,15,9,3,1,6,3,17,7,3,1,13,6,17,2,3,0,9,5,12,10,2,0,13,6,12,4,3,635912
231562,1,13,6,17,5,3,0,9,4,15,2,3,1,9,5,15,9,2,1,7,4,15,8,2,1,4,2,15,10,2,719187
266787,1,9,5,15,3,2,1,4,2,17,7,2,0,9,5,15,8,2,1,9,4,17,7,3,1,7,4,17,8,2,833470
144402,1,7,4,17,3,2,0,6,3,15,5,3,1,4,2,15,7,2,0,6,3,12,8,2,0,13,6,15,6,3,446747
256677,1,4,2,15,3,3,1,9,4,15,6,3,1,11,6,17,4,2,0,11,6,15,4,2,0,6,3,12,2,2,789618
208424,0,11,6,15,9,2,1,9,5,17,6,2,0,9,4,12,10,3,0,7,3,12,8,3,1,6,3,17,10,3,650627
163645,1,4,2,15,5,2,0,4,2,12,6,2,1,4,2,15,7,2,0,7,4,15,5,2,1,6,3,15,1,2,498023
107658,0,6,3,12,4,2,1,7,4,17,5,2,1,4,2,15,3,3,1,9,5,15,2,2,1,7,4,17,4,2,332772
191216,1,7,4,17,3,2,0,4,2,12,2,3,1,11,6,17,8,2,1,6,3,17,3,2,1,6,3,17,5,3,595454
182584,1,9,5,17,10,2,0,6,3,12,6,3,0,11,6,15,7,2,1,13,6,17,5,3,1,7,3,17,10,3,572334
254205,1,9,4,15,3,3,1,9,4,15,8,3,1,7,3,15,7,3,0,11,6,12,10,2,1,4,2,17,8,3,790766
286741,0,9,4,12,2,3,1,9,5,17,8,2,1,11,6,15,9,2,1,7,4,17,5,2,1,11,5,15,7,3,894243
214647,0,6,3,12,1,2,1,13,6,17,6,3,1,11,5,17,8,3,1,6,3,15,7,3,0,4,2,12,8,2,670731
213593,1,11,6,15,10,2,1,9,4,17,6,3,0,13,6,12,7,3,1,6,3,15,2,2,0,9,4,12,2,3,661463
101236,1,9,5,17,3,2,0,4,2,15,3,2,1,4,2,17,7,3,0,6,3,15,9,3,0,9,4,12,3,3,313512
191154,0,11,6,12,1,2,0,7,3,12,5,3,1,9,4,17,1,3,1,11,5,15,1,3,0,11,5,12,6,3,577465
222251,1,11,5,15,9,3,1,4,2,17,8,3,1,13,6,17,9,3,0,11,6,15,5,2,0,9,5,15,5,2,692787
165554,0,4,2,15,10,2,0,11,5,15,7,3,0,7,3,12,1,3,1,4,2,17,5,3,1,7,4,17,7,2,515024
206734,0,4,2,15,1,2,0,11,6,15,7,2,0,4,2,15,2,3,1,11,6,17,5,2,0,9,4,12,2,3,634283
260987,1,7,4,15,9,2,0,9,5,15,4,2,0,13,6,12,7,3,1,7,4,17,8,2,0,4,2,12,2,3,809875
198875,1,7,3,15,1,3,0,11,6,12,5,2,0,4,2,15,9,3,1,7,3,17,6,3,0,7,3,15,8,3,613022
296724,1,13,6,17,5,3,1,7,3,15,4,3,1,7,4,17,9,2,0,9,5,15,4,2,0,6,3,12,3,3,920140
261248,1,11,6,17,2,2,0,11,6,12,2,2,1,11,5,17,4,3,1,6,3,17,3,2,0,6,3,12,2,2,789051
284796,1,11,5,15,5,3,1,4,2,17,9,3,0,11,5,12,8,3,1,4,2,17,6,3,0,9,5,12,10,2,883289
132906,0,4,2,12,6,2,1,9,5,17,8,2,1,6,3,17,8,2,0,9,4,15,10,3,0,7,4,12,6,2,414189
290632,0,11,6,15,3,2,0,4,2,12,4,2,0,7,4,15,10,2,0,11,6,12,4,2,0,4,2,12,7,2,892479
249484,0,9,4,15,10,3,1,7,3,15,10,3,0,6,3,12,10,3,1,9,4,17,9,3,0,13,6,15,1,3,773827
281916,1,4,2,15,6,2,1,11,5,15,10,3,1,6,3,15,3,2,0,7,3,12,2,3,0,7,3,15,5,3,863794
273665,0,4,2,12,8,2,0,4,2,12,7,2,0,9,4,12,5,3,1,11,6,17,2,2,1,11,5,17,7,3,838155
258550,1,9,5,15,1,2,1,9,4,17,6,3,0,6,3,15,6,2,0,11,5,15,10,3,0,7,3,12,3,3,799834
187290,1,6,3,17,3,3,0,11,6,12,3,2,1,4,2,15,8,3,0,9,4,15,2,3,0,13,6,15,2,3,578928
157376,1,7,4,17,7,2,1,11,6,17,5,2,0,4,2,12,7,3,1,6,3,15,2,2,1,11,5,15,6,3,488681
154874,0,9,5,15,6,2,1,4,2,15,5,3,0,9,4,12,7,3,1,4,2,15,10,2,0,13,6,12,2,3,472548
103560,1,6,3,15,7,3,1,11,6,17,5,2,1,6,3,15,9,2,0,7,4,15,7,2,1,9,4,17,5,3,323098
169396,1,9,4,15,8,3,1,6,3,17,5,2,1,9,4,17,3,3,0,4,2,15,3,3,1,4,2,15,8,3,523177
183721,0,13,6,15,7,3,1,7,4,15,10,2,1,13,6,15,6,3,0,7,3,12,9,3,0,13,6,12,10,3,562399
260923,0,7,4,12,9,2,1,9,4,17,2,3,1,7,4,17,6,2,1,6,3,15,7,3,1,11,5,17,9,3,815976
260619,0,6,3,15,4,3,1,11,6,15,8,2,0,9,4,15,7,3,1,4,2,15,7,2,1,4,2,17,5,3,805852
174996,0,6,3,15,1,2,1,7,4,15,3,2,1,13,6,17,10,3,0,11,5,15,10,3,0,7,4,12,3,2,543746
161054,0,9,4,15,8,3,1,9,4,17,8,3,0,4,2,15,5,2,1,6,3,17,2,3,0,9,4,15,5,3,498437
109993,0,6,3,12,9,3,0,11,5,12,5,3,0,6,3,15,5,2,0,4,2,15,1,2,0,13,6,12,4,3,334072
172524,0,7,3,15,1,3,1,6,3,15,1,3,1,4,2,17,10,2,1,6,3,17,2,3,0,4,2,15,8,2,531617
162919,1,6,3,17,1,2,1,6,3,15,6,3,1,6,3,15,7,3,1,11,6,17,3,2,0,13,6,12,4,3,500295
241566,0,4,2,15,2,2,0,11,6,12,6,2,0,13,6,15,8,3,1,9,5,15,3,2,0,9,4,15,7,3,738942
135994,1,6,3,15,1,2,0,9,5,12,7,2,1,7,3,17,2,3,1,13,6,15,7,3,1,7,4,17,8,2,422121
129355,1,7,4,15,3,2,1,11,5,17,6,3,0,4,2,12,5,3,1,6,3,17,3,2,0,9,4,12,10,3,400973
200437,0,9,5,15,5,2,0,6,3,15,6,3,0,7,4,15,10,2,0,11,5,15,10,3,0,9,5,12,4,2,617444
265424,0,7,4,15,2,2,1,7,4,17,3,2,1,7,3,17,10,3,1,4,2,17,4,2,0,9,5,12,8,2,821330
236448,0,11,6,15,2,2,0,4,2,12,5,2,1,7,3,15,5,3,0,7,3,15,7,3,1,6,3,15,3,2,719895
297105,1,9,4,17,9,3,0,9,4,15,8,3,0,9,5,12,3,2,1,11,6,17,10,2,0,6,3,12,6,3,925977
209509,1,13,6,17,8,3,0,7,4,15,7,2,1,13,6,15,6,3,0,4,2,15,10,3,1,9,4,15,9,3,651621
211331,1,9,5,17,1,2,1,13,6,15,9,3,0,11,6,12,4,2,0,6,3,15,2,2,0,11,5,15,5,3,650092
129801,1,11,6,15,7,2,0,9,4,15,8,3,0,6,3,12,7,2,1,4,2,17,8,3,0,11,5,15,4,3,403178
191032,1,4,2,15,7,2,0,11,5,12,5,3,1,6,3,17,5,3,1,7,4,15,4,2,1,4,2,17,4,2,591596
259277,1,13,6,17,5,3,0,6,3,15,6,3,1,7,4,17,6,2,1,6,3,15,1,3,0,11,6,15,2,2,806576
250032,1,4,2,15,7,3,1,7,3,17,3,3,0,6,3,12,6,3,1,9,4,15,10,3,0,11,5,15,5,3,775110
111744,1,6,3,17,6,3,0,6,3,15,4,2,0,6,3,15,2,2,0,13,6,15,7,3,0,6,3,15,1,2,341396
136855,0,13,6,15,10,3,0,7,3,15,9,3,0,6,3,15,5,3,0,7,3,15,7,3,0,7,3,12,10,3,419959
104227,1,11,6,17,1,2,0,6,3,15,5,3,1,4,2,17,4,3,0,6,3,15,1,2,1,6,3,17,10,3,323094
117891,1,4,2,17,2,3,0,13,6,15,3,3,1,6,3,15,5,2,0,6,3,12,4,2,0,6,3,12,1,3,358827
233138,0,4,2,15,9,2,0,4,2,15,3,2,1,7,3,17,6,3,0,6,3,12,5,2,0,11,6,15,1,2,719178
265176,0,11,6,15,10,2,0,9,4,15,5,3,0,11,5,15,8,3,1,6,3,17,1,3,1,4,2,15,6,2,818201
110427,0,7,4,12,4,2,0,7,3,15,7,3,1,11,6,15,5,2,0,7,4,15,8,2,1,13,6,17,7,3,341755
230002,0,13,6,12,1,3,0,11,6,12,7,2,0,9,5,12,4,2,1,6,3,17,1,3,1,6,3,15,10,2,704990
124912,0,4,2,15,1,2,1,7,4,15,7,2,0,7,4,12,7,2,1,11,6,17,2,2,1,7,4,15,2,2,383726
196360,0,7,4,15,9,2,1,9,5,15,9,2,0,7,4,12,6,2,1,9,4,17,10,3,1,6,3,17,5,3,612925
112470,0,6,3,12,5,2,0,7,3,15,2,3,0,13,6,15,2,3,1,11,6,17,2,2,1,9,4,17,4,3,344066
125978,0,7,3,12,3,3,0,7,3,12,5,3,0,6,3,15,6,3,1,9,5,17,7,2,0,13,6,12,6,3,389375
289016,0,9,4,12,5,3,0,9,5,12,10,2,0,11,6,15,5,2,0,6,3,15,8,2,1,11,6,15,7,2,885961
205518,0,4,2,12,2,2,1,9,5,17,6,2,1,6,3,17,7,3,0,4,2,15,10,3,0,11,5,15,7,3,639424
270555,0,11,6,15,3,2,1,6,3,15,7,2,1,4,2,15,3,2,1,4,2,15,10,3,0,4,2,12,3,3,826778
216522,1,7,3,15,2,3,1,4,2,15,2,2,1,7,4,15,1,2,1,13,6,17,9,3,0,11,5,12,4,3,670771
292629,1,4,2,15,1,2,0,7,4,15,6,2,0,4,2,12,3,3,0,11,5,12,4,3,1,4,2,17,5,3,896160
179572,1,9,4,15,8,3,1,9,4,15,5,3,0,7,4,15,7,2,1,7,4,15,5,2,0,7,4,12,9,2,548359
284373,1,9,5,15,3,2,1,7,3,15,3,3,1,9,4,15,9,3,1,11,6,17,2,2,1,4,2,15,6,2,876650
217983,0,11,5,15,2,3,1,6,3,15,7,2,1,6,3,15,3,2,1,11,5,17,2,3,1,6,3,15,4,3,659324
107684,1,4,2,15,8,2,1,6,3,17,4,3,1,11,6,17,6,2,0,7,3,15,3,3,1,9,4,17,8,3,336397
128633,0,11,6,15,5,2,1,4,2,17,1,2,0,9,4,15,1,3,0,4,2,12,10,3,1,4,2,17,3,2,394165
213732,0,6,3,12,1,3,1,7,4,15,8,2,0,6,3,12,1,3,0,13,6,15,1,3,0,4,2,12,10,2,651225
190028,0,11,6,12,5,2,1,9,4,15,3,3,0,9,5,15,7,2,1,4,2,15,4,2,1,11,6,17,9,2,590900
126031,0,9,5,15,4,2,0,11,6,12,8,2,1,9,4,17,3,3,1,7,3,15,8,3,1,9,5,15,2,2,386290
237796,1,11,6,15,3,2,1,11,6,15,5,2,1,4,2,17,5,2,1,4,2,15,8,2,1,9,4,17,8,3,736681
292918,1,11,6,17,6,2,1,9,4,17,5,3,1,4,2,15,8,2,1,9,4,15,10,3,1,9,5,15,10,2,912738
223253,0,4,2,15,3,2,0,4,2,15,10,2,0,13,6,15,2,3,0,9,4,12,6,3,0,11,5,15,9,3,684564
228066,1,11,6,15,10,2,1,7,3,17,2,3,1,7,3,15,1,3,0,9,4,15,10,3,0,11,6,12,6,2,705072
213946,0,11,5,12,4,3,1,7,3,17,7,3,1,11,6,15,10,2,1,4,2,15,4,2,0,9,5,15,2,2,662593
294571,1,7,3,17,3,3,0,4,2,12,9,2,1,11,6,15,7,2,0,13,6,12,3,3,0,7,3,15,8,3,906578
299234,1,6,3,17,1,2,0,11,6,12,9,2,1,4,2,17,6,3,0,7,4,15,3,2,1,4,2,17,10,2,928767
167797,0,4,2,15,2,3,1,4,2,17,8,2,1,6,3,15,6,2,1,7,3,17,3,3,1,6,3,17,7,2,521673
189020,1,6,3,15,6,3,1,11,6,17,8,2,0,7,4,15,7,2,1,9,4,15,2,3,0,7,3,12,10,3,588063
156120,1,13,6,15,3,3,0,11,6,15,10,2,0,4,2,15,2,3,1,6,3,17,7,2,1,4,2,17,5,3,487475
167097,0,11,5,15,8,3,0,9,5,12,4,2,0,11,6,12,7,2,1,7,4,17,1,2,1,6,3,15,3,3,514395
158903,1,9,4,17,5,3,0,9,5,15,8,2,0,11,6,15,1,2,0,7,3,12,8,3,1,4,2,17,3,3,492332
248368,0,9,5,15,8,2,0,11,5,15,6,3,0,9,4,12,6,3,0,6,3,15,2,3,1,9,4,17,1,3,764266
130301,0,11,6,12,5,2,0,6,3,15,8,3,1,6,3,17,5,3,1,4,2,15,1,2,0,7,3,15,4,3,400706
259719,0,9,4,15,7,3,0,9,5,12,9,2,1,13,6,15,4,3,0,11,6,15,8,2,0,7,4,12,5,2,797450
286919,0,11,6,12,6,2,1,11,6,15,4,2,1,6,3,17,10,3,0,4,2,15,4,3,0,13,6,12,6,3,892790
156201,1,6,3,17,5,3,1,4,2,17,4,3,0,6,3,15,5,3,0,4,2,15,2,2,0,11,5,15,8,3,482902
237263,1,6,3,15,8,2,0,9,5,15,8,2,0,11,5,12,3,3,1,4,2,15,5,2,1,7,3,17,1,3,732643
164439,1,11,6,15,8,2,0,6,3,12,8,2,0,6,3,15,2,3,1,9,4,15,3,3,0,7,3,15,1,3,503740
164629,0,6,3,15,10,3,1,4,2,17,2,2,1,9,5,17,3,2,0,7,4,12,6,2,0,11,6,12,1,2,510389
235957,1,11,6,15,2,2,0,7,4,12,3,2,1,7,3,15,7,3,0,6,3,12,8,2,1,7,3,15,7,3,716778
263470,1,11,6,17,3,2,1,4,2,15,6,3,0,7,4,15,3,2,1,13,6,15,4,3,1,9,5,17,10,2,822993
171994,0,6,3,12,5,3,0,7,4,12,6,2,0,9,5,15,3,2,1,9,4,17,3,3,1,7,4,17,9,2,534084
295931,0,13,6,12,6,3,1,7,3,15,3,3,1,7,4,15,1,2,1,11,6,15,6,2,1,4,2,17,9,3,920160
262218,1,6,3,15,10,2,1,9,5,17,2,2,0,7,3,15,2,3,1,7,4,15,1,2,1,7,4,15,9,2,809909
262511,0,13,6,15,5,3,0,7,3,12,4,3,1,9,4,17,4,3,1,4,2,15,9,2,0,4,2,15,1,2,810745
207476,0,6,3,15,4,3,1,11,6,17,7,2,0,6,3,15,7,2,0,6,3,12,10,2,1,9,5,15,6,2,643967
148795,1,9,4,17,6,3,1,9,4,15,10,3,0,9,4,12,1,3,0,9,4,12,5,3,0,6,3,12,6,2,450630
249654,1,7,3,17,5,3,0,4,2,15,3,2,1,4,2,17,5,2,0,6,3,12,6,2,0,6,3,12,5,2,768073
107331,1,7,4,15,2,2,1,6,3,17,9,2,1,7,4,17,5,2,0,11,6,12,7,2,0,6,3,12,7,3,333721
213188,0,6,3,15,7,3,1,9,5,15,8,2,1,7,4,17,5,2,0,7,3,12,3,3,1,11,6,17,6,2,664061
193578,1,11,6,17,2,2,0,7,3,15,7,3,1,4,2,17,8,2,1,6,3,17,4,3,0,4,2,15,3,2,602667
119280,0,7,4,12,6,2,1,6,3,15,10,3,1,6,3,17,4,3,1,9,5,17,8,2,1,11,5,15,7,3,372023
146972,0,4,2,15,1,3,1,11,6,17,3,2,1,9,4,17,7,3,1,7,3,17,6,3,1,7,3,15,10,3,457368
244837,0,6,3,15,2,2,1,4,2,17,2,3,1,6,3,17,7,3,0,13,6,15,4,3,1,4,2,15,8,2,759092
250349,1,7,4,17,1,2,0,7,3,12,4,3,0,4,2,12,8,3,1,11,6,15,8,2,0,7,4,12,5,2,770951
268641,0,6,3,12,5,2,0,13,6,12,2,3,0,6,3,15,6,2,1,4,2,17,5,2,1,11,6,15,6,2,829246
273059,1,4,2,15,9,2,1,4,2,17,8,3,1,7,4,15,10,2,1,13,6,17,5,3,0,4,2,12,9,3,851675
278524,0,6,3,12,8,2,0,11,5,12,9,3,1,6,3,17,2,2,0,4,2,12,10,3,1,7,4,17,7,2,865871
106438,0,11,5,12,8,3,1,9,5,17,4,2,0,4,2,12,8,2,0,7,3,12,9,3,0,9,4,12,5,3,325907
123889,0,13,6,15,9,3,0,7,4,15,1,2,1,9,5,15,3,2,1,13,6,17,3,3,1,7,3,17,3,3,380061
274169,0,11,5,15,1,3,1,7,3,17,5,3,1,7,4,17,5,2,1,13,6,15,7,3,0,13,6,12,10,3,848463
235683,1,4,2,17,8,2,0,7,3,12,9,3,1,9,4,15,8,3,0,13,6,12,8,3,0,11,6,15,7,2,730976
120780,1,11,5,15,4,3,0,7,4,15,2,2,0,6,3,12,4,3,1,7,3,15,8,3,1,4,2,15,5,2,368420
124126,0,11,6,15,1,2,0,6,3,15,3,2,0,4,2,12,1,3,0,4,2,15,2,2,1,11,5,17,9,3,380259
142627,1,7,4,17,10,2,0,13,6,15,3,3,1,9,5,17,8,2,1,11,6,15,5,2,1,9,5,15,3,2,446378
185451,1,9,5,15,7,2,0,7,4,12,7,2,0,7,3,15,9,3,1,9,4,15,5,3,0,7,4,12,1,2,566580
221635,1,4,2,17,6,2,1,11,5,17,1,3,1,7,3,15,6,3,0,6,3,12,6,2,0,13,6,15,2,3,686575
239548,1,6,3,17,9,3,1,7,3,15,2,3,1,7,4,15,6,2,1,9,5,17,8,2,0,6,3,15,6,2,747572
226047,0,4,2,15,6,2,0,4,2,12,1,2,1,11,6,17,1,2,0,7,3,12,6,3,1,6,3,15,4,2,692028
147584,1,9,5,17,9,2,1,6,3,15,9,2,0,6,3,12,10,3,1,7,4,15,2,2,0,7,4,12,6,2,459258
208089,1,11,5,17,1,3,0,6,3,15,9,2,0,7,3,15,8,3,0,13,6,15,4,3,1,11,6,15,9,2,643181
272495,1,11,6,15,5,2,0,4,2,12,1,2,0,11,6,12,3,2,1,7,3,17,6,3,0,7,4,15,9,2,841882
291986,1,9,5,17,2,2,0,7,4,15,3,2,1,11,5,15,5,3,0,7,3,12,6,3,1,7,3,17,6,3,899415
154122,1,4,2,15,6,2,1,9,4,15,3,3,1,11,5,15,3,3,1,9,5,15,3,2,0,6,3,12,4,3,469543
278676,0,6,3,12,10,2,1,7,3,15,7,3,1,4,2,17,6,3,1,7,4,15,2,2,1,9,5,17,6,2,869804
293993,0,6,3,15,5,3,0,9,4,15,1,3,1,4,2,15,8,3,1,7,4,15,9,2,0,13,6,15,1,3,904836
296020,0,7,3,15,9,3,0,4,2,15,9,2,0,9,4,12,4,3,0,9,4,15,5,3,1,11,6,17,7,2,922200
108948,1,9,4,15,5,3,1,4,2,17,10,3,0,4,2,15,1,2,1,4,2,15,9,2,1,11,5,17,8,3,338105
241952,1,4,2,15,2,2,0,4,2,15,2,3,1,11,5,17,10,3,0,7,4,12,9,2,0,11,6,15,6,2,749000
150047,0,9,4,12,8,3,0,4,2,12,8,2,0,9,4,15,3,3,1,9,4,15,2,3,1,9,5,15,7,2,452616
285774,0,4,2,15,7,2,0,4,2,12,8,2,0,7,4,12,5,2,0,6,3,12,2,3,1,11,6,15,8,2,875094
267618,1,6,3,15,8,2,1,4,2,17,1,3,0,7,4,15,1,2,0,6,3,12,4,2,1,6,3,17,3,2,819564
199144,0,6,3,15,7,2,1,11,6,15,8,2,1,11,5,17,3,3,1,7,4,17,7,2,1,6,3,17,6,2,619907
111307,0,6,3,12,9,3,0,11,5,12,5,3,1,9,4,17,8,3,1,7,3,15,1,3,0,4,2,15,7,3,344009
265269,0,11,6,15,7,2,1,4,2,17,1,2,0,6,3,15,9,3,1,11,5,15,8,3,0,4,2,15,2,2,817104
184948,0,7,3,12,10,3,1,13,6,15,9,3,1,11,5,17,5,3,0,4,2,12,1,3,1,6,3,17,3,2,571861
259003,0,7,3,15,5,3,0,11,6,15,1,2,0,6,3,12,6,2,1,9,4,17,7,3,0,6,3,15,4,3,797769
148041,0,13,6,15,4,3,0,11,5,12,9,3,0,7,4,12,4,2,1,13,6,17,6,3,0,7,3,12,7,3,454550
278708,1,6,3,15,7,2,1,7,3,15,1,3,1,6,3,17,9,2,1,9,4,15,2,3,0,9,5,12,5,2,857712
275726,0,7,4,15,9,2,0,6,3,12,1,3,0,11,5,15,4,3,1,6,3,17,4,2,1,11,6,17,3,2,852224
257222,0,6,3,15,3,2,0,6,3,15,6,2,0,7,4,15,3,2,1,11,5,17,6,3,1,6,3,15,6,2,788328
246797,0,4,2,15,6,3,0,13,6,15,6,3,1,4,2,17,6,3,0,6,3,12,3,2,0,11,5,12,10,3,761515
195792,1,4,2,17,7,2,0,13,6,15,10,3,1,7,4,17,6,2,0,9,5,15,9,2,1,4,2,17,1,3,611001
200547,0,4,2,12,2,2,1,4,2,17,9,3,0,9,4,15,1,3,0,4,2,12,3,2,1,4,2,15,3,2,610877
236168,1,13,6,15,7,3,0,6,3,15,2,2,1,4,2,15,1,2,0,11,5,15,7,3,1,4,2,15,1,3,723422
247518,1,7,3,17,4,3,1,13,6,15,1,3,0,9,5,15,4,2,1,9,4,15,1,3,0,7,4,15,5,2,757957
253347,1,13,6,15,8,3,1,7,3,15,9,3,0,4,2,12,1,2,0,13,6,15,3,3,0,7,4,12,9,2,774854
123618,0,7,3,12,6,3,1,7,4,15,3,2,1,13,6,15,5,3,1,6,3,17,5,2,0,6,3,12,2,2,378757
222533,0,4,2,15,8,3,1,9,5,15,3,2,1,7,4,17,7,2,0,9,5,12,4,2,0,11,6,12,3,2,688655
219720,0,7,3,15,8,3,0,4,2,15,2,3,1,4,2,15,3,3,0,7,4,15,8,2,1,13,6,15,1,3,668371
143515,0,9,5,12,3,2,0,4,2,12,5,2,1,4,2,17,9,2,0,11,6,12,7,2,0,11,5,15,2,3,441044
244492,1,7,4,15,7,2,0,11,5,12,7,3,1,7,3,17,4,3,0,9,5,12,3,2,1,4,2,17,5,3,758667
194347,0,4,2,15,2,3,0,11,6,15,1,2,0,9,5,12,7,2,0,7,4,15,9,2,0,13,6,12,10,3,597067
149351,1,11,6,17,2,2,1,9,4,15,1,3,0,6,3,12,1,2,1,7,4,17,1,2,0,4,2,12,8,3,457837
292901,0,6,3,15,8,3,1,4,2,17,2,3,1,7,4,15,7,2,1,7,3,17,1,3,1,4,2,17,10,2,913174
174768,0,9,4,15,1,3,0,7,3,12,9,3,0,9,5,15,5,2,1,6,3,15,3,3,1,9,4,17,1,3,535264
275274,1,7,3,17,6,3,0,7,4,15,5,2,1,9,5,15,7,2,0,11,6,15,5,2,1,4,2,15,2,3,853024
229838,0,7,3,12,4,3,1,4,2,17,6,3,1,7,4,17,1,2,0,9,4,12,3,3,1,7,4,17,10,2,716752
271976,1,6,3,17,5,2,0,9,5,12,9,2,0,7,4,15,1,2,1,13,6,17,9,3,1,11,6,15,10,2,849296
220830,0,7,3,15,1,3,1,13,6,17,6,3,0,4,2,15,10,3,0,11,5,12,3,3,1,9,5,15,10,2,686518
234322,0,7,4,12,3,2,0,7,3,15,1,3,0,6,3,15,4,2,1,11,6,15,6,2,0,11,5,12,3,3,711972
159716,1,11,6,15,9,2,0,4,2,12,4,3,0,11,5,12,6,3,1,6,3,15,3,3,1,11,6,17,8,2,492982
154782,1,13,6,17,7,3,1,6,3,17,6,2,0,6,3,12,9,2,1,4,2,15,3,3,1,9,4,17,8,3,482080
288347,0,11,5,15,5,3,0,6,3,12,8,3,1,7,4,15,2,2,1,7,4,17,6,2,0,11,6,12,8,2,889645
160779,1,9,5,17,8,2,0,6,3,12,5,2,0,7,3,12,7,3,0,11,6,15,9,2,1,7,4,17,10,2,502516
193113,0,13,6,15,6,3,1,11,6,17,3,2,1,11,5,15,5,3,0,6,3,12,9,2,1,11,5,15,1,3,594672
296685,0,7,3,12,1,3,0,6,3,15,8,2,1,6,3,15,10,2,0,6,3,15,9,2,0,11,5,12,3,3,899941
206100,0,9,4,15,5,3,0,7,3,12,2,3,1,13,6,17,6,3,1,11,6,15,6,2,0,13,6,15,7,3,635968
103802,0,7,4,15,8,2,1,6,3,15,2,2,0,13,6,15,2,3,0,9,4,15,1,3,1,11,5,17,2,3,318724
240734,0,11,5,15,10,3,0,4,2,12,3,2,1,6,3,15,9,3,1,9,4,15,6,3,1,4,2,15,6,3,739457
152481,1,11,5,15,5,3,1,6,3,17,5,3,1,4,2,15,2,3,1,9,4,17,10,3,0,7,3,12,9,3,475393
213929,0,9,5,15,10,2,1,7,3,15,3,3,1,6,3,17,8,2,0,7,4,12,10,2,0,9,4,15,6,3,664727
142626,1,11,5,15,2,3,1,13,6,15,1,3,1,11,5,15,3,3,1,9,4,17,3,3,1,6,3,15,6,3,438554
165013,1,9,5,17,4,2,0,13,6,15,5,3,1,4,2,17,1,2,0,6,3,15,5,2,1,13,6,15,3,3,510941
102350,1,9,4,17,8,3,0,11,6,15,4,2,1,11,6,17,10,2,0,6,3,15,10,2,1,9,4,15,1,3,319964
230782,1,4,2,15,7,3,0,9,5,15,3,2,1,9,5,15,3,2,0,9,4,15,3,3,1,11,5,15,6,3,705321
260382,0,6,3,15,4,2,1,4,2,17,9,2,0,9,5,15,6,2,0,4,2,15,1,2,1,13,6,15,1,3,804192
174236,0,6,3,12,2,3,1,9,5,15,9,2,1,13,6,17,4,3,1,11,6,17,10,2,1,9,5,17,5,2,546223
294450,0,7,3,15,6,3,0,7,4,12,4,2,0,11,6,12,7,2,0,4,2,15,2,3,1,4,2,17,5,2,906091
213181,1,13,6,15,6,3,1,11,5,15,1,3,0,4,2,12,9,3,0,11,6,15,5,2,0,11,5,15,1,3,651337
141407,0,4,2,12,10,2,0,7,3,12,6,3,1,7,3,17,9,3,0,4,2,12,6,2,0,7,4,15,4,2,432172
117812,0,13,6,15,4,3,0,6,3,15,5,2,0,7,4,15,6,2,0,9,4,15,1,3,0,11,6,15,8,2,362352
292586,1,11,5,17,4,3,1,7,3,15,3,3,0,9,4,15,3,3,1,9,5,17,3,2,1,4,2,17,2,3,905476
191008,0,13,6,15,7,3,0,11,5,12,7,3,1,6,3,15,10,2,0,9,4,15,4,3,0,6,3,12,5,3,586390
246285,0,9,5,15,2,2,1,4,2,17,2,3,0,4,2,15,8,2,0,13,6,12,1,3,0,4,2,12,3,2,750528
232063,1,4,2,15,6,3,1,7,3,17,4,3,1,4,2,17,3,2,1,7,3,17,2,3,0,9,5,12,2,2,712115
234372,0,11,5,12,6,3,0,6,3,15,7,3,0,6,3,12,6,2,0,9,4,12,1,3,1,11,5,17,3,3,714462
163159,1,6,3,15,4,3,1,13,6,17,7,3,0,11,5,15,6,3,1,6,3,17,6,2,1,6,3,15,7,2,507053
160478,1,13,6,15,1,3,1,4,2,17,6,2,0,7,3,15,2,3,0,6,3,15,9,2,1,9,4,15,3,3,496517
292340,1,13,6,15,1,3,1,4,2,17,6,3,1,4,2,17,1,2,0,6,3,12,6,3,0,6,3,15,9,3,902014
216029,1,4,2,17,9,2,0,9,5,15,1,2,0,9,5,12,2,2,0,7,4,12,4,2,0,4,2,15,10,2,665911
150520,0,7,4,12,8,2,1,4,2,17,8,2,0,7,3,15,3,3,1,13,6,15,1,3,0,11,6,12,10,2,464373
234063,1,7,3,17,4,3,0,6,3,15,4,2,1,11,5,15,1,3,1,6,3,17,7,2,1,4,2,15,1,2,721019
209389,1,4,2,17,5,2,0,6,3,15,7,2,0,4,2,15,10,2,1,7,4,17,9,2,1,4,2,15,2,3,652519
277048,0,7,4,15,9,2,0,7,3,15,8,3,1,7,4,17,9,2,0,9,4,15,6,3,1,9,4,17,5,3,858127
172943,0,11,6,15,6,2,1,9,5,15,7,2,0,13,6,15,10,3,0,6,3,15,8,3,0,6,3,12,7,2,533010
246504,0,6,3,12,2,3,0,9,5,15,2,2,0,9,5,12,6,2,1,11,5,17,9,3,0,11,5,15,3,3,759673
202428,1,7,3,17,10,3,1,4,2,17,10,3,1,6,3,15,10,2,1,9,5,17,5,2,1,6,3,15,6,2,633636
251463,1,7,4,15,3,2,1,9,5,15,7,2,1,7,4,15,10,2,1,6,3,17,7,2,1,11,5,17,10,3,785697
153186,0,13,6,12,1,3,1,7,4,15,6,2,1,9,5,15,10,2,1,7,3,17,10,3,1,4,2,17,6,2,476834
110464,0,6,3,12,1,2,0,9,5,15,8,2,0,4,2,15,9,2,0,7,3,12,4,3,0,11,6,12,9,2,339120
296870,0,6,3,12,6,2,0,7,4,15,6,2,1,9,4,15,1,3,1,11,5,15,1,3,1,9,4,15,10,3,913399
116063,1,7,3,17,9,3,1,6,3,15,6,2,0,9,5,15,4,2,0,4,2,15,10,3,0,11,6,15,7,2,361551
283434,1,11,5,15,3,3,1,4,2,15,7,2,0,6,3,12,9,2,0,7,4,15,3,2,1,7,4,17,5,2,875145
234083,0,6,3,12,3,3,0,9,4,12,9,3,0,7,3,15,4,3,0,9,5,15,8,2,0,11,6,12,8,2,715041
165618,0,11,5,15,8,3,0,9,4,12,7,3,1,11,5,15,4,3,0,4,2,15,2,3,1,11,5,17,1,3,504666
138792,0,11,6,15,9,2,1,4,2,15,8,3,0,6,3,12,1,3,1,9,4,15,3,3,0,9,4,15,5,3,426643
142724,1,13,6,17,4,3,1,9,5,17,6,2,1,13,6,15,2,3,0,4,2,12,6,2,1,4,2,15,6,3,440153
212484,0,4,2,15,7,2,0,4,2,15,3,2,0,4,2,15,2,2,0,4,2,12,7,3,1,6,3,17,6,2,648739
296364,1,13,6,15,2,3,1,9,5,15,5,2,1,7,4,15,10,2,1,11,6,17,4,2,0,13,6,12,6,3,920954
167163,0,7,3,12,4,3,0,6,3,12,8,2,0,7,4,15,5,2,0,6,3,12,1,2,1,9,5,17,10,2,519942
136987,1,11,6,17,6,2,1,6,3,15,9,2,0,11,6,12,6,2,0,6,3,15,7,2,0,13,6,15,5,3,426183
209564,0,11,6,12,6,2,1,6,3,15,7,2,0,4,2,12,10,3,1,9,5,17,1,2,0,7,4,15,1,2,647037
205368,0,11,6,15,6,2,0,13,6,15,6,3,1,9,5,17,10,2,1,7,3,15,10,3,0,6,3,15,3,3,640146
298311,0,7,3,12,3,3,0,13,6,15,10,3,0,13,6,12,7,3,1,6,3,15,9,2,1,6,3,17,3,2,917124
151911,1,6,3,17,8,2,0,6,3,12,5,2,1,6,3,15,5,2,0,4,2,15,8,2,0,11,6,12,7,2,466506
216114,1,9,5,15,8,2,0,6,3,12,4,2,1,6,3,15,9,3,1,4,2,15,10,2,0,4,2,12,9,2,662772
264844,1,6,3,15,2,2,1,7,3,17,4,3,0,11,6,12,7,2,1,11,5,17,5,3,0,9,4,15,6,3,819033
136570,0,6,3,15,9,2,1,13,6,17,9,3,0,7,4,15,10,2,0,7,4,15,1,2,0,11,5,15,3,3,424416
171392,1,4,2,17,3,2,0,4,2,12,8,2,1,9,4,17,8,3,1,9,4,15,9,3,0,11,6,15,2,2,527794
287892,1,4,2,15,2,2,0,9,4,15,2,3,0,9,5,12,9,2,1,7,3,17,10,3,1,13,6,15,7,3,891540
294974,1,4,2,15,7,3,1,13,6,17,7,3,1,7,4,15,4,2,0,11,5,15,7,3,1,11,5,17,4,3,917141
279994,1,4,2,17,3,2,1,13,6,17,3,3,0,6,3,12,1,2,1,11,5,17,8,3,1,4,2,17,7,2,870231
181729,1,11,5,15,10,3,1,7,3,17,7,3,1,6,3,15,6,3,0,11,5,15,6,3,0,7,3,15,10,3,561960
269930,0,13,6,12,5,3,1,11,6,17,9,2,0,11,5,15,6,3,0,4,2,12,5,3,0,4,2,12,6,3,834019
140970,1,4,2,17,9,3,0,11,6,15,6,2,1,6,3,17,6,2,1,7,4,15,1,2,1,7,3,15,5,3,439884
222645,1,9,5,17,7,2,1,6,3,17,4,2,0,6,3,12,6,3,1,4,2,17,10,3,0,11,5,12,10,3,694621
206437,1,9,5,15,1,2,1,11,5,15,4,3,0,9,4,15,5,3,1,6,3,17,8,2,0,9,5,15,8,2,637218
265137,1,13,6,17,1,3,0,9,5,15,6,2,0,11,6,15,9,2,1,6,3,15,3,3,0,13,6,15,2,3,816049
172123,0,7,4,15,7,2,1,11,5,17,1,3,1,4,2,15,6,3,1,6,3,17,4,2,1,6,3,17,6,3,533151
171429,0,4,2,15,6,2,0,13,6,12,4,3,1,7,4,15,5,2,1,4,2,17,1,2,0,9,4,15,8,3,527420
268850,1,7,3,15,4,3,1,11,6,17,8,2,1,9,5,17,8,2,1,6,3,15,1,2,1,13,6,17,9,3,842981
168254,0,9,4,12,7,3,0,6,3,12,1,3,1,9,4,17,3,3,1,4,2,15,7,3,1,11,5,17,3,3,517353
228317,0,6,3,12,8,3,1,9,4,15,4,3,0,11,6,12,8,2,1,4,2,17,1,3,0,11,6,12,2,2,697632
231152,0,4,2,12,2,2,1,7,3,17,6,3,1,6,3,17,1,2,1,13,6,17,4,3,1,4,2,17,10,3,718639
152545,0,6,3,12,8,2,1,9,4,17,1,3,0,4,2,12,4,3,1,7,3,15,10,3,1,13,6,17,8,3,473499
107882,0,13,6,15,7,3,1,4,2,17,3,2,0,6,3,15,6,2,0,11,6,12,6,2,0,6,3,12,2,2,333132
143312,0,7,3,12,1,3,0,11,5,15,3,3,1,9,5,17,4,2,0,9,5,15,9,2,0,4,2,12,8,3,440983
136439,0,11,5,12,8,3,0,7,4,15,9,2,1,7,3,15,5,3,0,7,3,15,3,3,0,11,5,12,1,3,414229
123865,1,9,5,15,3,2,1,4,2,15,9,2,1,9,4,15,7,3,1,13,6,15,5,3,0,4,2,15,5,3,378587
265452,0,4,2,15,7,3,0,9,5,12,5,2,1,6,3,17,3,3,0,9,5,12,8,2,1,4,2,17,1,2,817549
279464,0,7,3,12,5,3,1,4,2,17,5,3,1,11,5,17,8,3,0,4,2,15,1,2,0,6,3,15,1,3,864806
159707,0,9,5,15,9,2,1,9,4,15,7,3,1,6,3,15,9,3,1,6,3,17,1,2,0,4,2,12,4,2,490722
148314,1,4,2,15,9,3,1,9,4,15,8,3,0,7,4,12,10,2,0,11,5,12,8,3,1,7,4,15,8,2,456910
205166,1,4,2,17,7,2,1,6,3,15,10,2,0,4,2,12,5,3,0,7,3,12,7,3,0,6,3,12,6,2,631481
201740,1,6,3,15,3,2,0,4,2,12,3,3,1,11,5,15,2,3,1,9,4,17,6,3,0,7,4,15,4,2,622781
150584,0,11,6,15,7,2,0,7,3,12,1,3,1,6,3,17,6,2,0,11,6,15,10,2,1,6,3,15,9,2,466593
139321,1,7,3,17,4,3,0,4,2,15,10,3,0,4,2,12,6,2,1,4,2,17,7,3,1,4,2,15,9,3,427122
237552,1,7,4,15,2,2,0,9,4,15,10,3,1,4,2,17,10,2,1,6,3,15,2,2,1,7,3,17,5,3,740364
132778,0,6,3,12,6,3,0,6,3,12,3,3,0,6,3,15,10,2,0,7,4,12,8,2,0,9,5,12,6,2,404489
192691,0,11,6,12,9,2,0,4,2,15,8,3,1,9,5,15,2,2,1,7,3,17,7,3,0,11,5,15,10,3,598630
253972,0,4,2,15,8,2,0,13,6,15,2,3,0,11,5,15,8,3,1,4,2,17,10,2,0,6,3,15,7,2,788667
137773,0,6,3,15,2,2,0,11,6,12,2,2,0,7,4,12,2,2,1,11,5,15,10,3,1,11,6,17,3,2,421981
176485,0,4,2,15,7,2,1,13,6,15,1,3,1,6,3,17,2,3,1,4,2,17,5,2,0,9,4,12,2,3,544405
179198,0,13,6,15,5,3,0,7,3,12,4,3,0,7,3,12,5,3,1,11,6,17,4,2,1,4,2,15,4,3,553080
277065,0,11,6,12,2,2,1,13,6,15,9,3,1,11,5,15,3,3,0,4,2,12,7,3,0,13,6,15,3,3,846575
235713,0,6,3,12,2,2,1,4,2,17,9,2,0,4,2,15,10,3,0,6,3,15,3,2,0,6,3,12,8,3,723745
143150,0,11,6,12,9,2,0,9,5,12,9,2,1,13,6,15,1,3,0,7,4,12,3,2,1,7,3,15,7,3,437489
293134,1,11,5,17,9,3,1,7,4,17,10,2,0,7,4,15,5,2,1,9,5,15,8,2,1,4,2,17,2,2,915076
100849,1,9,5,17,4,2,1,6,3,15,7,2,0,9,5,12,10,2,1,6,3,15,1,3,1,7,4,15,6,2,311345
110897,0,9,5,15,4,2,1,9,4,17,6,3,1,11,5,17,2,3,0,11,6,15,7,2,1,6,3,17,3,2,342713
111894,1,6,3,15,6,3,1,9,4,15,6,3,1,6,3,17,5,2,0,9,4,12,8,3,1,13,6,15,4,3,344781
290808,0,9,4,12,2,3,1,9,5,17,8,2,1,9,4,17,8,3,0,11,5,12,5,3,1,4,2,17,7,2,903564
217470,1,7,3,17,6,3,1,4,2,15,8,3,1,4,2,17,4,3,0,4,2,12,9,2,1,9,5,15,8,2,676214
240170,0,9,5,12,3,2,1,7,4,15,5,2,0,6,3,12,4,3,0,6,3,12,10,2,1,13,6,17,9,3,745308
181489,0,4,2,15,6,3,1,7,4,17,3,2,1,13,6,17,9,3,1,6,3,15,4,3,0,7,4,15,1,2,565119
242798,1,6,3,17,7,2,1,11,6,15,3,2,0,9,4,12,4,3,0,7,4,15,2,2,0,11,5,12,9,3,748241
220470,1,4,2,17,8,3,1,4,2,15,2,2,1,4,2,15,6,2,1,11,5,15,3,3,0,4,2,15,1,3,670549
156693,1,13,6,15,7,3,1,6,3,17,2,2,1,7,3,15,2,3,1,11,5,15,10,3,1,11,6,15,6,2,482960
203612,1,7,4,15,10,2,0,7,4,12,1,2,0,7,4,15,9,2,1,11,5,17,2,3,1,6,3,17,10,2,634573
143477,1,7,4,17,1,2,0,7,4,15,3,2,1,7,3,17,1,3,0,7,3,15,3,3,0,7,3,12,1,3,424424
218900,1,7,3,15,8,3,0,9,4,12,9,3,0,7,4,12,10,2,1,9,4,15,10,3,0,4,2,12,9,2,672313
115924,0,6,3,15,7,3,1,4,2,17,9,3,0,4,2,12,3,2,1,4,2,15,8,2,0,7,3,15,7,3,359553
140690,1,9,4,15,6,3,0,11,5,15,1,3,1,4,2,15,1,3,0,11,5,12,7,3,1,6,3,15,10,3,431337
285236,1,7,3,17,3,3,1,4,2,15,9,3,1,9,5,17,2,2,0,4,2,12,9,2,1,6,3,17,4,2,886068
217076,0,7,4,15,1,2,1,9,4,15,1,3,0,4,2,12,4,3,0,7,3,12,1,3,0,13,6,15,3,3,656467
194018,1,9,5,15,10,2,1,9,5,15,5,2,0,6,3,15,8,2,1,9,4,17,6,3,1,4,2,17,10,2,603747
190013,1,11,5,17,4,3,1,6,3,15,10,2,1,4,2,17,1,2,0,9,5,12,9,2,1,7,4,17,1,2,589780
252218,1,7,3,17,6,3,0,4,2,12,1,2,1,11,5,15,4,3,1,11,6,17,4,2,1,4,2,15,7,3,781924
248470,1,7,3,15,8,3,1,7,4,15,10,2,0,7,4,12,5,2,0,6,3,15,4,3,0,6,3,12,8,3,759590
216925,0,4,2,12,7,3,0,9,5,15,4,2,1,13,6,15,7,3,0,13,6,12,8,3,1,7,4,15,3,2,664198
243199,0,9,4,12,3,3,0,4,2,15,1,2,1,7,3,17,9,3,1,6,3,17,8,2,1,4,2,15,6,2,757439
284245,1,7,4,15,4,2,0,4,2,15,5,3,1,7,4,17,8,2,0,9,5,12,9,2,1,9,4,17,2,3,885044
272450,1,7,4,17,2,2,0,6,3,12,3,3,0,11,5,15,5,3,0,11,6,12,6,2,1,4,2,15,10,3,840855
180046,0,4,2,15,4,2,1,11,6,15,9,2,0,4,2,12,8,3,1,11,6,17,5,2,0,7,4,12,6,2,554809
264627,0,7,3,15,6,3,0,6,3,12,6,2,0,4,2,12,2,2,1,9,5,17,7,2,1,7,3,15,8,3,818411
240283,0,4,2,15,6,3,0,6,3,15,9,3,1,11,6,15,9,2,1,9,5,17,8,2,1,6,3,17,9,2,750545
124913,0,9,4,12,3,3,1,11,6,15,8,2,1,9,4,15,1,3,1,13,6,17,2,3,0,6,3,12,9,3,384510
297700,0,6,3,15,3,2,0,4,2,12,8,3,0,6,3,15,1,2,0,9,4,15,3,3,1,9,5,17,5,2,915458
277018,0,13,6,12,4,3,0,7,3,12,1,3,1,9,5,17,4,2,0,7,4,15,2,2,1,6,3,15,2,3,850511
282675,0,4,2,12,6,3,1,9,4,17,5,3,1,7,4,15,4,2,1,9,5,15,9,2,0,11,6,12,9,2,874941
129232,1,9,5,15,10,2,0,7,4,15,2,2,0,7,3,15,8,3,0,7,4,15,7,2,0,9,5,15,7,2,396193
100838,1,4,2,15,7,3,0,9,5,15,5,2,0,7,3,12,1,3,0,7,4,15,7,2,1,7,3,17,9,3,311990
168170,0,9,5,15,9,2,0,4,2,12,9,3,0,7,4,15,8,2,0,7,3,12,3,3,1,9,5,15,2,2,517429
214131,1,6,3,15,7,3,0,11,6,12,5,2,0,6,3,15,2,3,1,6,3,17,8,3,0,11,5,15,9,3,658291
244386,0,4,2,12,1,2,1,6,3,17,1,3,0,4,2,12,1,2,0,6,3,12,4,3,0,9,4,12,3,3,733167
161855,1,4,2,17,5,2,0,13,6,15,8,3,1,9,4,15,3,3,1,11,5,15,1,3,0,13,6,15,10,3,499555
208128,1,11,6,17,2,2,0,4,2,15,8,2,1,11,5,15,6,3,0,4,2,12,10,2,1,9,4,15,7,3,640833
187691,1,7,3,17,8,3,0,6,3,15,4,3,0,11,5,12,10,3,0,7,3,15,10,3,0,7,4,15,3,2,578572
269966,0,9,4,15,6,3,0,11,6,12,2,2,0,11,5,12,4,3,0,11,5,12,9,3,1,9,5,15,5,2,815509
225995,0,11,5,15,6,3,1,7,3,17,4,3,1,6,3,17,5,3,1,11,5,17,6,3,1,7,3,15,10,3,700841
217013,0,9,5,15,4,2,0,9,4,15,8,3,0,9,5,15,5,2,0,9,4,12,4,3,0,7,3,15,2,3,652010
220781,0,7,3,12,2,3,1,11,5,17,1,3,1,7,3,17,2,3,1,4,2,17,7,3,0,9,5,12,8,2,683338
256365,1,4,2,17,1,3,0,13,6,15,5,3,0,13,6,15,8,3,0,4,2,12,7,2,1,6,3,15,6,2,785153
140892,1,11,5,15,7,3,1,7,4,15,10,2,0,6,3,12,5,2,0,6,3,12,8,3,0,4,2,12,4,3,432494
113232,0,7,4,12,3,2,0,13,6,15,3,3,1,6,3,17,4,3,0,4,2,12,3,3,0,7,4,12,10,2,347303
236958,0,9,5,15,5,2,0,7,3,12,3,3,0,4,2,15,3,3,0,6,3,12,1,2,0,7,4,15,3,2,725674
289355,0,6,3,15,4,2,0,6,3,15,6,3,1,11,6,17,1,2,0,4,2,15,4,3,0,7,4,15,8,2,892326
297196,0,11,5,15,5,3,0,6,3,12,2,2,0,4,2,15,7,3,1,9,4,17,4,3,1,11,5,17,3,3,918047
295288,0,7,4,15,9,2,1,7,3,17,5,3,1,11,5,15,1,3,1,7,3,15,7,3,0,4,2,12,2,2,906035
109302,0,6,3,12,10,3,0,4,2,12,2,3,0,9,4,12,6,3,0,9,5,12,8,2,1,4,2,15,2,3,329928
299360,1,6,3,17,1,3,0,4,2,15,4,2,0,13,6,12,5,3,1,11,5,15,1,3,1,4,2,15,3,2,914505
279030,0,13,6,15,2,3,0,9,4,12,3,3,0,9,4,12,5,3,1,6,3,17,6,2,1,4,2,15,10,2,862410
137865,0,9,5,15,5,2,1,9,4,15,10,3,1,7,4,17,1,2,0,9,5,12,2,2,0,7,4,15,3,2,421532
155667,0,6,3,12,5,3,0,7,4,12,6,2,0,4,2,12,10,2,0,9,5,12,4,2,0,11,6,12,6,2,467203
158452,0,9,5,12,7,2,0,7,4,15,3,2,1,7,4,17,6,2,0,7,3,15,3,3,0,4,2,15,8,3,490605
118390,1,7,4,17,5,2,0,11,5,15,10,3,1,13,6,17,7,3,0,4,2,12,8,2,0,9,4,15,6,3,369193
261856,0,9,5,12,1,2,0,7,3,15,10,3,0,7,4,15,6,2,1,6,3,15,5,2,0,7,4,15,3,2,795977
119388,0,4,2,12,3,2,0,4,2,12,2,2,1,9,5,15,6,2,0,11,5,12,9,3,0,11,6,12,4,2,361440
150065,0,7,3,15,5,3,0,9,4,12,9,3,1,4,2,17,6,2,1,4,2,17,3,2,1,7,4,17,9,2,466022
152279,1,6,3,15,4,3,0,7,3,12,1,3,1,9,5,15,5,2,1,4,2,17,5,3,1,7,3,17,8,3,475110
136568,1,6,3,17,6,2,1,6,3,15,1,3,0,7,3,12,5,3,0,9,5,12,9,2,1,9,5,17,2,2,420730
202901,1,6,3,15,7,2,1,11,5,15,8,3,0,13,6,15,10,3,0,6,3,12,10,3,0,9,4,15,9,3,625519
299427,0,4,2,15,5,2,1,4,2,17,7,2,1,7,3,15,2,3,0,6,3,12,1,3,1,7,4,15,6,2,922003
183699,1,6,3,17,1,2,0,11,5,15,5,3,1,9,5,17,8,2,0,13,6,12,9,3,0,4,2,12,8,2,570864
144108,1,4,2,15,7,2,0,7,3,15,7,3,1,6,3,15,9,2,1,6,3,17,4,2,1,11,5,17,1,3,445780
113979,0,9,5,12,9,2,0,6,3,15,3,2,1,11,6,15,7,2,0,6,3,15,5,2,1,7,3,17,5,3,353028
195075,1,6,3,17,3,3,0,4,2,15,5,3,1,11,6,17,9,2,0,11,6,15,9,2,1,11,5,17,9,3,605859
130411,1,13,6,15,1,3,0,11,6,12,5,2,0,11,5,15,10,3,1,4,2,15,9,3,0,7,3,15,2,3,400099
293918,0,7,3,12,5,3,0,7,3,12,2,3,0,6,3,12,3,2,1,4,2,15,6,3,0,9,5,12,1,2,889484
217872,1,11,5,17,8,3,1,4,2,15,1,3,1,9,5,17,3,2,1,4,2,17,2,3,1,7,3,17,1,3,676847
103189,1,9,5,15,7,2,0,7,4,12,6,2,1,4,2,15,6,3,0,7,4,15,8,2,1,4,2,15,3,2,316242
189833,1,7,4,17,1,2,0,6,3,15,8,3,0,7,4,15,5,2,0,6,3,15,4,2,0,11,6,15,5,2,584052
100239,0,11,5,15,8,3,1,6,3,17,1,3,0,4,2,12,10,2,0,13,6,12,3,3,0,4,2,12,4,2,307539
199150,0,6,3,15,3,3,1,7,3,15,8,3,1,7,4,17,6,2,1,6,3,17,4,3,0,7,4,12,10,2,616438
226046,1,6,3,17,1,3,1,4,2,17,6,3,1,11,6,15,6,2,1,6,3,15,6,2,0,4,2,12,10,2,700666
175728,0,11,5,12,7,3,1,11,5,17,10,3,1,6,3,17,9,2,0,13,6,12,1,3,0,11,6,15,5,2,545287
293986,0,9,5,12,4,2,1,7,4,15,4,2,0,7,4,15,5,2,1,11,6,17,4,2,0,9,4,12,5,3,902657
113905,1,11,6,15,9,2,0,11,6,12,5,2,1,11,6,15,2,2,0,9,4,15,7,3,0,4,2,15,8,3,349407
237691,0,11,5,12,7,3,1,9,5,17,5,2,1,13,6,15,5,3,0,9,5,12,6,2,1,11,5,15,2,3,731664
275172,1,9,5,15,8,2,1,6,3,15,6,3,1,4,2,17,8,2,1,13,6,15,5,3,1,7,4,15,6,2,853524
198833,1,4,2,17,10,3,0,9,5,12,2,2,0,4,2,12,10,2,1,13,6,15,5,3,1,9,5,17,7,2,618895
105829,0,6,3,15,7,3,0,6,3,12,4,3,1,6,3,17,2,2,0,11,6,12,10,2,0,7,3,12,6,3,323047
287201,0,7,3,12,9,3,1,7,3,17,7,3,1,9,5,15,6,2,1,6,3,15,10,2,0,4,2,12,9,2,888833
188357,1,6,3,17,5,2,0,6,3,15,4,2,0,7,3,12,3,3,0,4,2,15,4,2,1,7,4,17,10,2,585316
150637,0,7,3,15,4,3,1,4,2,15,1,3,0,7,4,12,5,2,0,9,4,12,7,3,1,6,3,15,7,3,461109
275764,1,9,4,15,8,3,0,4,2,12,2,2,1,4,2,15,3,3,0,9,5,15,4,2,1,11,6,15,7,2,845583
203025,1,7,3,15,6,3,0,6,3,12,2,3,1,4,2,17,1,2,1,7,4,17,7,2,1,9,5,15,8,2,630027
